rainfall_intensity,collection_interval,public_awareness,waste_generation_rate,num_households,num_collectors,average_blockage,total_waste,flood_risk_score,risk_category
34,2,11,1.800091242243537,29,3,15.317532333609952,629.7663898544528,16.72477659605643,Low
63,7,56,4.544885613254678,38,2,19.03455113345489,1064.718154613161,32.39506032844595,Medium
23,7,62,6.086397729372023,51,2,25.713615991474388,1798.2421763985635,12.748479006823466,Low
56,6,100,8.66276648918706,95,2,0,0,22.400000000000002,Low
55,1,76,7.159176035712107,38,3,10.468234544142716,595.9219796232443,25.454517399567095,Low
25,5,30,9.400260811202287,10,4,7.538187022202237,859.751428594954,11.130728053330335,Low
55,2,100,4.860696125723651,24,6,0,0,22,Low
86,5,95,1.949963612336808,81,9,1.5102517764300907,54.82213948441231,35.17928991663793,Medium
18,2,83,9.227005544151606,16,1,4.462012205440827,341.32387346666553,7.68189731818761,Low
58,4,2,3.3595330767166645,53,5,34.84575059528358,2459.4604304879,35.326321207158685,Medium
13,7,2,8.47107536496426,11,2,11.082481790706417,1312.425327292945,6.064433579675101,Low
35,3,65,1.3788088680676887,47,7,7.6155802255508585,278.34627996081696,15.59927184736568,Low
28,6,65,3.221588950287151,37,4,12.282826664048473,549.7499166630012,13.263514879560145,Low
13,1,10,7.9293633704268665,71,2,49.984102160590204,7449.519147104678,9.098759968526036,Low
9,7,17,1.8887734756542027,27,6,13.238339433974014,609.865367294014,4.314870329434597,Low
60,6,98,2.091856212442517,14,8,0,0,24,Low
74,2,35,4.574067559998888,67,2,37.417820592156176,2842.889032389102,46.21351234291734,Medium
29,6,86,2.289851628165536,98,5,11.083393088780042,414.1200270682952,13.528510397447729,Low
40,1,73,6.51341963651062,60,9,12.898258673820287,736.7406533702197,19.09558208171687,Low
98,1,46,7.31747225910252,78,10,38.005716782715254,3720.370456808814,61.54736146823657,High
82,6,100,8.00459519575977,59,8,0,0,32.800000000000004,Medium
56,7,66,7.246534623293997,42,5,19.623003108910833,1514.9608925706887,28.99332904459404,Low
68,7,11,6.99679945850869,46,7,33.87810138068309,4230.543245999682,41.0222653633187,Medium
41,1,50,9.475944156848257,12,3,6.647984769816506,554.2515749674913,18.035404253374864,Low
36,2,6,9.087790978933965,91,5,59.962685100717245,11359.683261116365,27.351939981754924,Low
33,2,98,2.2460591871630937,50,2,0.10162550140155083,3.689005700876295,13.220121849277508,Low
57,5,8,3.636442082993022,79,5,46.7139566697267,3887.81740876224,38.77617318104653,Medium
28,6,65,7.407991404994462,42,8,19.20948428115959,1518.9697804517957,14.427193359234813,Low
17,4,65,2.417303582970014,82,9,22.289845887641267,936.8024391319337,9.07356428053941,Low
68,6,84,4.128776831277458,29,8,4.322098019391773,180.00778047584467,28.963415991911845,Low
37,3,33,1.0693327545286948,71,5,18.257298141153946,691.9444630999582,18.853120187336177,Low
18,4,48,1.4986252450023407,26,7,6.844985696670106,258.9326585994033,7.939258455240371,Low
95,4,28,2.9572099831178464,98,2,47.6471476618685,3108.532585152115,65.15887416726504,High
40,7,43,9.610730085046264,34,1,23.917751896001462,2827.5119788019165,21.74026045504035,Low
84,1,19,5.573680378625013,31,4,20.72422088474534,1826.663511597622,44.045007325911655,Medium
36,7,42,5.971718334254423,37,3,25.856188856106513,1854.3992995551191,19.984936792919008,Low
36,1,96,1.2530688859068095,56,3,0,0,14.4,Low
76,7,59,8.32737050658578,90,3,42.92466602816135,4463.554667669352,49.973647708841575,Medium
10,5,94,3.6344025853432718,96,7,6.1107685429172225,233.65359702028834,4.366646112575033,Low
63,7,98,7.949906776227803,18,4,0.01146921088366955,0.4163323550772047,25.20433536171403,Low
19,3,5,6.766005140773681,26,8,22.80941898948264,2290.026779282319,10.200273764801022,Low
58,4,91,9.8095064832374,30,8,4.13065013038629,258.88726093723216,24.637466245374434,Low
82,7,66,5.799352475703356,25,9,11.255535023138703,656.0736076637936,38.337723231384246,Medium
11,5,8,4.052504267289903,53,1,37.759846440354394,2958.8713823070934,6.89214986506339,Low
93,1,21,6.908600315614327,51,2,35.427274092086556,4048.9226118800707,56.9684189433843,Medium
12,7,9,7.545462207578418,88,5,56.28360776506457,9089.860868701697,8.85241975908465,Low
57,5,38,5.5557179131903975,90,10,51.328974121316506,4598.126748565268,40.35450914949024,Medium
40,5,30,2.060890581713633,76,3,31.771419829144573,1612.3994827437327,23.625140758994696,Low
22,6,11,5.24253266966279,45,1,34.15292615846201,3278.0576443016844,13.308186252916986,Low
98,4,88,8.428464006817347,54,6,8.34677577741276,537.8568017801368,44.1079041571187,Medium
20,6,87,1.398305201129013,93,8,6.4295496716357885,234.22998404456766,8.771545960596294,Low
79,5,94,8.161728966698258,46,3,5.309773821532603,323.8641887181576,34.11683279140645,Medium
91,4,64,2.061050413512575,55,2,14.448554317870382,570.2748929214274,44.288910657557224,Medium
50,1,32,3.644660474138914,90,4,44.10784395859417,3030.921820161544,33.232353187578255,Medium
61,1,91,7.354687338823948,82,7,3.8581746297596786,187.12401016828346,25.812091914492044,Low
83,1,80,6.901473054001381,100,3,24.486617015706013,1681.6020793979687,45.394335273821596,Medium
83,1,79,3.064054100467615,61,2,11.53009538707685,464.01789829882165,38.94198750276428,Medium
54,2,30,2.2089784229495546,29,2,13.342187855014103,602.5579294581296,25.92286886502457,Low
16,2,40,6.378419687347278,89,9,48.5607593853226,4784.0319058812975,11.06183290099097,Low
54,2,60,2.153210834183935,41,5,9.966964454282017,388.6852296317268,24.829296483187374,Low
39,7,10,7.510180270793603,93,7,55.51872591355572,9290.11099919843,28.59138186377204,Low
32,5,21,8.932069537217139,52,5,38.249069157152036,5479.429810378516,20.143821278173192,Low
68,1,59,6.059360766628652,38,1,19.167861934445614,1243.573227663715,35.02048766925381,Medium
86,1,29,6.7413982297209225,12,10,1.8158379376469393,92.25296136259263,35.336972375825816,Medium
59,2,70,9.88064262927399,100,2,40.97258916852414,4313.638552780007,38.10429656565755,Medium
34,7,23,5.948992979583476,99,4,59.15215261466524,6903.005134681097,25.66703913339171,Low
32,6,0,3.2342172043284303,37,9,27.199161286251712,1683.0358377989464,18.02223896696033,Low
63,1,78,5.56155993034521,20,9,0,0,25.200000000000003,Low
10,2,4,4.350823870632256,25,6,19.29152395952757,1325.2243030306095,5.157491437571654,Low
75,3,63,9.19465429362264,72,10,33.43335903416817,3232.9476410386,45.045011565375674,Medium
90,7,5,1.4779529962081173,33,9,15.82129989293177,643.5007775835902,44.543501942183156,Medium
33,3,22,1.1130844764735484,15,6,3.8116023158290147,139.89611119418458,13.954697258534146,Low
8,3,6,9.246924492615975,34,9,27.83147544762418,4123.602244098991,4.5359108214859605,Low
1,6,15,7.897574235067681,50,3,36.767720625187415,4910.763991750702,0.6206063237511246,Low
59,4,10,2.8010025400504643,13,8,7.437175144888765,371.06830818127315,26.232760001290625,Low
61,2,50,2.8408348408728568,95,10,36.12933062949654,1741.6745520277893,37.623335010395735,Medium
18,2,75,2.4689837004302295,78,9,13.611787085021101,542.5783928160906,8.670073005182278,Low
59,1,100,4.640247003174603,51,3,0,0,23.6,Low
88,1,69,2.9068730820276474,71,8,12.329983042830722,517.393571642113,41.71023104661462,Medium
94,3,75,7.579313156974961,66,9,22.743321862436122,1634.0732458914536,50.42723353041397,Medium
5,3,19,1.4949339925189156,27,3,11.851035467677544,471.1744111499915,2.3555310640303264,Low
49,6,7,3.995984074260391,60,8,42.00699641136781,3267.238602914786,31.950056944942133,Medium
94,6,48,2.984050050314292,46,3,20.63796796810822,1015.9187076929541,49.239813934013036,Medium
33,3,1,4.010693196854584,44,5,32.26051090703588,2472.9478454824807,19.587581159593107,Low
48,3,12,3.6035613406955385,88,6,50.16261415669949,3921.5158480680693,33.646832877129455,Medium
62,2,34,2.1694127764223663,31,8,11.019086848944118,452.6819751207104,28.899100307807213,Low
85,2,45,1.8865610790993226,79,4,26.269560122628,1118.8112602308686,47.39747566254028,Medium
47,2,0,7.64483460619184,13,7,11.441261862359386,1109.8422175003263,22.026435845185347,Low
74,6,46,8.534277354092813,34,7,21.585149392865144,2150.5372943180264,39.18380633043213,Medium
30,7,0,9.465954197078268,77,3,54.85801152482915,10673.220314910774,21.87444207446925,Low
86,6,43,1.3677150956155364,45,8,11.857084851962576,458.3475747209659,40.51825578361269,Medium
67,6,68,3.3738483333694935,34,2,12.840419978456836,556.1443114943337,31.961848831339648,Medium
85,7,52,3.303244448074309,23,5,10.933181780590306,510.08756983481226,39.57592270810106,Medium
71,3,36,4.513598987329008,30,10,17.825334959917193,1045.3280649761894,35.99359269292473,Medium
2,2,79,6.229812308337249,96,10,21.881562889684727,1317.3589840215202,1.0625787546762169,Low
8,6,32,2.492251700463557,41,5,20.870185888143357,988.0605374571138,4.201768922630881,Low
58,3,93,4.77871934265804,52,1,5.186231275773896,219.051185809922,25.00480848396932,Low
86,7,64,6.829927482883114,89,8,39.64549279198949,3086.073108578476,54.85707428066658,Medium
63,4,53,5.999496668448962,45,3,25.71525214528028,1884.3815058935759,34.92036531091595,Medium
43,4,25,4.387698925067398,56,4,36.07037402398203,2709.7143467519977,26.506156498187366,Low
4,7,51,3.4771777351914417,30,1,15.483133151969596,743.2777014950775,1.9715951956472704,Low
42,3,100,3.445989947304414,12,10,0,0,16.8,Low
58,4,59,1.5869195159907625,51,3,13.089254122230084,491.16087958574315,27.75506043453607,Low
57,6,80,6.248323386095177,87,10,21.37657074556716,1314.6952643047368,30.11078719498397,Medium
90,7,81,5.79780275389473,56,2,16.23196593335635,909.5112453169468,44.76526160401243,Medium
26,6,76,9.74470205502651,19,10,5.984027081117908,443.95736130624965,11.333508224654395,Low
1,4,47,7.964856563856619,81,7,42.25666066050659,4802.8881050519885,0.6535399639630395,Low
56,6,14,6.368597512502264,86,5,52.566098926608205,7043.79832397006,40.06220923934036,Medium
59,6,56,6.577108445229531,14,4,7.890731838361012,512.4709827658893,26.3933190707798,Low
3,7,35,8.194922944867473,28,7,19.910352250716347,2117.7828810356327,1.5583863405128944,Low
15,2,34,5.317861537609663,42,6,26.793903173341516,1991.5320292829658,8.411451285600737,Low
16,5,85,7.498238547313994,13,1,3.1329375530406027,167.58916890049696,6.700762005091899,Low
95,7,87,7.84015911878705,99,2,21.088792787445378,1389.3696941099245,50.02061188884387,Medium
85,5,21,4.161891138281467,51,10,32.79543590544766,2424.5687137473315,50.72567231177831,Medium
48,1,3,6.030122629896894,79,4,52.29877497162766,6523.065265084163,34.26204719182877,Medium
0,4,1,2.1772527180619043,62,2,37.69752119557953,1964.9721357774197,0,Low
63,7,91,7.133477389678646,64,4,9.895239579242897,573.8810725193512,28.94040056095382,Low
93,4,79,4.573798048534451,37,4,9.142563926476631,424.4017874703167,42.30155067097397,Medium
67,2,20,8.554847990355448,77,6,51.827971827504655,7522.452341760629,47.634844674656875,Medium
82,3,57,2.6570293321454663,39,8,12.682095868925158,520.2129797421074,39.03959116751118,Medium
84,7,55,5.744603592522047,54,8,28.741644105478425,2020.9119954395853,48.08578862916113,Medium
58,6,11,4.025927905794972,15,1,12.914802777325082,834.2954946350434,27.69435136650913,Low
3,5,17,5.963200866060419,78,1,52.25837993876283,5700.490687368237,2.140650838897731,Low
89,6,46,6.868834180494176,91,2,47.370931573658446,5027.537476024529,60.896077460333615,High
92,2,82,7.922772604049219,58,4,15.259328057767686,1087.5497504723767,45.22314908788776,Medium
79,2,56,5.906473964904303,58,4,27.912586768487014,2032.3183494767222,44.830566128262845,Medium
99,5,96,8.586144102810561,82,6,4.836940571069479,270.1134338687754,42.47314269921527,Medium
52,4,2,3.6823213816541776,24,2,18.133624938042615,1270.974775936186,26.457690980669298,Low
71,5,23,2.2736281130607847,62,6,31.77836601928206,1555.177147482452,41.93758392421416,Medium
38,7,44,7.691838835374074,79,7,47.29928647867496,4991.845132115547,25.98423731713789,Low
60,4,11,1.3394029944662602,51,10,20.571393028838237,810.616102014838,31.405701490381766,Medium
15,5,0,5.70734791039356,36,9,28.415340353335395,2890.166653224017,8.557380631800186,Low
60,5,52,6.783514322918085,59,10,31.540869516479717,2619.4834542316103,35.354713025932696,Medium
69,3,79,7.257647015188084,39,3,12.721195685423313,869.7101843361293,32.86657501376526,Medium
39,6,58,1.9464256976177587,45,4,13.247789467312725,513.8335622179048,18.699982735351178,Low
4,2,63,2.2014999167488227,60,7,14.456730957076992,582.2496040399147,1.946961542969848,Low
46,5,80,9.581313317683573,32,10,9.007557577140153,691.2433645635032,20.886085891290683,Low
99,7,62,1.9242727981840724,99,4,26.96913044863342,1085.0084767134026,55.61966348648825,Medium
98,7,11,5.228604038724457,89,4,53.80220429968347,6239.386361601503,70.83569612821388,High
77,2,55,6.484663568290003,89,2,43.7617332714139,4098.191982162611,51.01792077139322,Medium
94,1,63,1.176792034900862,40,9,2.3426472917097865,85.7325749031855,38.92125307252432,Medium
73,6,53,8.534969439634779,39,7,22.305050438622168,2159.439637033085,38.96961209211651,Medium
72,6,79,7.144310773783357,39,1,14.779879885422682,950.7612428124412,35.1849081105026,Medium
87,3,61,9.310588254584987,90,3,40.25628747244183,4554.492746969114,55.813782060614635,Medium
77,5,94,8.70943061588898,38,9,2.2223050446319434,118.4044787041162,31.826704930619957,Medium
93,4,35,8.72489257929563,40,1,27.074679065042496,3261.3129634981733,52.30767091829372,Medium
37,1,21,9.46111119317003,48,4,34.66881186906363,4803.642692153133,22.496476234932125,Low
70,3,83,9.119270728300286,62,4,17.19683873532281,1350.0279927870847,35.22267226883558,Medium
75,3,59,3.675763002284116,13,3,4.433873686530269,208.17966517310555,31.99524315893862,Medium
73,6,75,5.884167743612235,36,6,11.911862880507327,682.5299228468647,34.417395941662214,Medium
97,7,94,6.740089174779243,49,5,4.294450409918169,230.28583343448523,41.29937013857238,Medium
46,7,22,1.0015490359863832,80,4,24.483809223220984,927.300338320661,25.157531345608994,Low
68,3,74,8.095080956182645,73,7,27.272642774215385,2259.512781912009,38.327238251879876,Medium
26,2,89,6.314031475399344,73,9,7.570548009154278,390.0435129239928,11.581005489428067,Low
5,4,3,3.988840041648213,97,9,58.242959248271355,5444.6204804529325,3.7472887774481407,Low
70,1,45,9.124670668233172,11,1,7.489910222472446,764.5376881834737,31.145762293438427,Medium
16,5,49,6.753470528616021,83,3,43.626189373535354,4345.030242175462,10.588114179859394,Low
78,7,83,8.717443315654535,90,5,23.3226342370923,1830.2923044574677,42.114992822959195,Medium
4,1,40,4.130772564318918,94,9,41.02419800338859,2761.498794600764,2.584580752081326,Low
72,1,71,1.4770279914799733,77,6,8.8397555097956,322.49440930152167,32.6187743802317,Medium
71,7,79,3.9907184649309304,80,9,21.087297848571456,986.0175630629883,37.38318888349144,Medium
89,7,12,4.4292962091212615,47,9,32.072470903448014,2640.0326208455485,52.72669946244124,Medium
68,4,18,9.684119794458292,57,5,40.60889273361387,6602.853134428087,43.76842823531446,Medium
91,4,12,4.188265389004442,40,10,28.846087638402178,2078.505587698008,52.14996385056759,Medium
85,6,49,7.734072277276635,52,1,28.53951305613064,3074.518572845436,48.55515165862663,Medium
99,5,5,2.5874615989348158,21,9,12.390718414887047,629.7504213653789,46.96008673844291,Medium
56,5,39,9.297446034792568,71,2,43.88662312003068,5842.059878365445,37.14590536833031,Medium
28,5,73,7.38229900604897,56,2,22.1573404205783,1595.5431914500732,14.922433190657156,Low
41,5,24,1.9572825592769938,61,3,28.976574333584285,1333.4680984141335,23.528237286061735,Low
1,7,65,2.2436969164714586,66,1,18.909937900036137,738.0272281025659,0.5134596274002168,Low
24,1,33,1.3642578777384728,78,3,24.664864548750906,975.4412000289246,13.151740495020132,Low
24,7,84,9.9880591089103,68,7,18.41940688558156,1512.6112543057773,12.252394591523746,Low
6,3,75,1.0668547617078792,26,8,1.180539159558006,42.8535714919556,2.4424994097440886,Low
28,6,94,1.6114887491998928,67,7,1.985865139539764,72.08690456529345,11.533625343442681,Low
61,2,72,1.8589674709923505,31,9,2.618616683897742,95.17426421422519,25.358413706306575,Low
5,3,94,7.5224047023722305,77,5,6.505100019864313,380.84696206717626,2.1951530005959294,Low
12,1,28,7.492082235251437,48,10,31.057087477033367,2948.6780740977842,7.036110298346403,Low
34,5,0,6.302689012193009,61,7,45.85854658220303,5500.6961191745595,22.95514350276942,Low
82,7,65,8.132225975740283,64,1,29.08414955438347,2661.054804738997,47.10940158075667,Medium
83,1,100,2.726481070142977,22,6,0,0,33.2,Medium
36,6,10,4.5263036232422795,43,1,34.279005519558524,2731.3924753397628,21.80426519222464,Low
15,7,8,6.2671859753664885,38,10,28.916710474926766,3122.1450981848743,8.60250394274341,Low
12,1,90,1.6305265399233857,11,1,0.16192402210653709,5.877842002467294,4.811658529591671,Low
99,2,64,7.316786114517627,69,10,26.975648643861124,2274.2162871892638,55.623535294453504,Medium
54,2,53,5.2814991048337285,99,5,45.55223707419031,3503.5587799741966,36.358924812037664,Medium
73,4,59,8.06756831918448,87,2,40.51455622160725,4329.123851277512,46.945375625063974,Medium
30,4,22,8.68059734113021,75,4,46.785229637425296,7563.541176146406,20.421341334736553,Low
45,1,23,5.929070932514907,30,2,20.49447369646212,1914.807299299272,23.53350789804477,Low
67,4,28,8.552485743358666,27,3,20.672027626936686,2384.177332464572,35.11015510602854,Medium
59,1,58,8.57214248239363,79,1,39.913725765129065,4321.298282351003,37.72945892085569,Medium
69,2,71,6.909488666701627,55,5,20.89133660228979,1428.7049528669563,36.249013353347976,Medium
70,4,97,6.598470967682697,11,5,0.09182736455463728,6.286045472609541,28.038567493112946,Low
9,6,93,6.374259723944303,73,10,7.82631170650334,415.7037016405036,4.022620832151181,Low
32,6,9,8.592030264774127,28,8,23.29436165506749,3237.9322566362853,17.272517437772958,Low
41,6,17,9.437791876092504,78,8,51.0619056840082,8943.453258183803,28.96122879826602,Low
63,3,25,2.2185210262730997,97,9,44.55443805692184,2244.0572848645083,42.04157758551646,Medium
36,2,42,4.688277140558133,24,8,11.051374920838539,648.6045627802962,16.787096982901126,Low
92,6,62,7.0961221350987005,71,5,32.26288398772667,2687.4436556344103,54.609111961225125,Medium
17,6,47,3.5357449046028275,16,6,8.611518431565749,409.37763761130674,7.678374880019707,Low
76,6,28,6.941093140327731,30,2,21.544279408074416,2257.7623721549517,40.224191410081936,Medium
36,1,96,5.565788366073119,18,8,0,0,14.4,Low
8,1,57,2.2206397162864344,80,7,19.08786576376495,789.6973769084311,4.116217556660717,Low
40,4,92,3.862822753190012,53,5,4.327193463680192,170.440536436026,17.038526431283245,Low
44,1,82,2.5940218293807,49,2,6.600926670592532,262.7185869886245,19.34264464103643,Low
37,1,32,3.695351178192027,93,7,44.74482778601036,2993.628325653155,24.733351768494302,Low
31,1,24,5.01880667561528,87,3,50.48861420931324,4825.258351456899,21.790882242932263,Low
61,6,96,7.0755015078021,84,7,4.7834087787495125,272.9905569030878,26.150727613022323,Low
60,7,13,1.2873744027162628,39,1,16.806326423531885,663.9165062978162,30.050277512471478,Medium
77,7,19,8.419246364663337,95,4,58.2308840861538,9473.842800015902,57.70266844780305,Medium
40,4,19,4.23375634982864,33,9,22.510762816404437,1526.1541567879449,21.402583075937066,Low
28,6,47,5.404784135331255,70,3,38.43018298955528,2849.253149201072,17.656270742245287,Low
78,7,89,8.670820237225573,78,10,15.342419809986659,1020.3610560282764,38.38025247107376,Medium
98,5,67,5.728644410858153,70,1,30.359559835988637,2082.9760710520186,57.05142118356132,Medium
99,1,80,1.2719256193434063,37,6,0.6228511186637709,22.609495607494882,39.96997356448628,Medium
13,4,14,3.611994059264277,11,2,7.627242553904924,482.6871951909141,5.794924919204584,Low
5,7,61,9.369968899926924,85,2,42.07139614639516,4705.685173047257,3.2621418843918546,Low
75,7,31,3.341054236391103,17,5,10.28922641989884,536.9379064382339,34.63015188895448,Medium
86,6,16,9.849999183810073,61,3,45.76357526639968,7348.632761905007,58.01400483746224,Medium
62,3,10,4.873368661651428,25,10,18.33351216091971,1386.7341589697276,31.620066523862132,Medium
86,4,3,6.859911035664078,95,9,57.24880613507183,9473.93487137742,63.940383965697066,High
41,5,34,9.121438002705084,14,4,10.23976858824294,1208.1013141167964,18.918983072707764,Low
2,5,4,3.0829371582821268,43,8,25.639943409540127,1766.242590513269,1.1076793209144815,Low
74,3,92,4.080982260643152,99,9,6.238217660632414,255.6697368617556,32.369768641320796,Medium
70,7,52,2.3227133635544943,93,3,33.53899863768574,1509.6236784180148,42.08637942782801,Medium
73,4,47,7.216435330335929,48,1,30.056894550123175,2726.8175308901086,42.36491981295395,Medium
58,4,24,4.915919890954953,76,4,45.02253818438979,4223.269879696204,38.86784328816765,Medium
15,1,66,2.3898681875839123,84,2,22.664724015023374,949.0828948392048,8.039825161352104,Low
100,2,47,6.66635506735863,47,4,27.848022041469097,2359.715601099397,56.70881322488145,Medium
76,7,99,2.797094507516042,66,3,0.23741306050747046,8.618094096421178,30.508260355591407,Medium
7,3,97,1.4702332647738992,82,1,1.3810431554921219,50.13186654436404,2.8580038125306695,Low
53,3,90,6.839552166805232,94,4,15.824894939046539,923.6831633288374,26.2323165906168,Low
73,7,80,3.7487885676320323,68,6,16.35728362858057,711.9386848544979,36.36449022931829,Medium
79,7,91,2.009459280975278,68,10,4.392115606926174,160.2969576723174,33.68186279768301,Medium
54,1,81,3.478855210686235,82,3,14.855455281118937,626.7735518620283,26.413167511082538,Low
6,2,7,7.853656592734695,34,6,27.432265277352567,3623.9570941518214,3.3875615499846927,Low
14,4,4,1.4527331493266828,78,6,34.18720094812326,1559.653388934196,8.471724879642355,Low
20,1,79,8.392775575952676,40,7,6.158243015046718,398.3493740936738,8.738989161805605,Low
31,2,40,3.694165776748085,78,8,35.85884497606854,2265.1107287022223,19.06974516554875,Low
22,7,35,1.5344763815952196,99,5,33.68094156916073,1494.0033896613315,13.245884287129217,Low
24,4,96,1.5850651100305126,61,4,0.9199908913223948,33.39566935500293,9.732478688350426,Low
95,2,76,2.9908934672918726,67,3,15.895195499790578,645.9655293494619,47.06026143488063,Medium
56,5,40,1.7939868778958346,50,3,19.199716372101506,787.7365944413048,28.85110470102611,Low
65,5,53,8.057296096456927,51,7,28.182893507743586,2697.888791043449,36.99132846802,Medium
73,5,53,3.4018235266662744,25,2,11.347015952420138,534.3598681854886,34.16999298716002,Medium
12,3,91,1.4485181597493608,89,10,2.7107779261000955,98.40123871743359,4.995176010679208,Low
50,6,36,2.5135841817634974,64,1,32.11895129941966,1532.0112685213521,29.6356853898259,Low
35,2,84,5.569403827780101,65,6,13.471857612581923,685.5414198842464,16.829090098642205,Low
52,5,61,2.368441189116697,56,6,17.028195803527318,699.932195246528,26.112797090700525,Low
26,3,50,2.29259953850711,46,1,19.594379061318705,815.4146905892925,13.456723133565719,Low
100,3,47,8.017230104686313,60,4,35.65824364784105,3757.665045129238,61.39494618870463,High
87,2,96,2.833953653977667,51,7,0,0,34.800000000000004,Medium
98,5,3,6.312821717559008,72,3,50.83531242902735,6645.661947832413,69.09116370826808,High
100,1,31,8.142717999109792,35,9,21.03016131455349,2097.7362185015068,52.618096788732096,Medium
27,7,87,7.491398922210838,33,7,6.92082365987012,411.414356324452,11.92117343289896,Low
5,4,51,2.0236787260536953,41,1,15.136841448793028,602.8662742611643,2.4541052434637907,Low
75,7,80,9.283173334699988,40,3,13.492106312786687,1123.948152090421,36.07144784075401,Medium
81,7,16,5.9459585212904384,56,5,37.594992600056955,4172.787081741803,50.67116640362768,Medium
13,6,100,9.50120374752575,90,4,0,0,5.2,Low
59,4,4,4.688313779238664,95,1,60.57687219817833,6589.7571686366055,45.044212758155126,Medium
20,6,40,5.230154345020775,30,5,18.833040977886263,1346.7293978957143,10.259964917346352,Low
16,6,76,8.462953227157502,35,10,13.859770757567807,923.7411413616811,7.73053799272651,Low
60,6,19,4.121328707376939,43,5,30.65973113340816,2029.3679673140764,35.03750320802693,Medium
76,7,88,9.795664949152997,29,6,6.952932469138232,535.2323128116686,33.57053720592704,Medium
5,6,76,5.1745346180148735,56,10,17.36303091772435,910.1170338138285,2.5208909275317306,Low
80,1,54,1.9004716293892194,48,2,13.323985981726175,524.3587988032994,38.395513271228566,Medium
47,4,7,3.0195912075309543,30,8,20.023024537382774,1093.1017990862397,24.446492919541942,Low
67,6,97,8.841053702671209,36,6,1.0154619127982916,56.1822928633854,27.208215688944914,Low
100,6,84,1.4737716545456487,93,9,8.270804011620607,302.68792843942447,44.96248240697236,Medium
83,3,49,4.296010989916406,64,10,31.71320393214824,1890.924942010682,48.99317555820983,Medium
71,4,32,5.973955315338739,97,8,50.77992866635742,5652.8956550217035,50.03224961186827,Medium
4,3,35,8.942602894259533,96,7,52.27710555014861,8354.217313423913,2.854650533203567,Low
95,3,56,4.818330423898235,80,1,37.46437110416494,2606.273901666798,59.35469152937402,Medium
84,7,47,2.4623107626552354,36,7,14.806153939908402,648.865779096638,41.06230158571383,Medium
13,1,9,3.0209574424936365,93,2,54.77033397888202,3688.292723504597,9.472086050352797,Low
62,2,95,3.930122379579224,17,10,0,0,24.8,Low
98,1,9,5.2738550857000055,24,10,12.665672729822028,847.30265489409,46.647415565135354,Medium
96,6,75,4.160421238457193,78,1,25.641461318251316,1255.9215504339961,53.16948171931276,Medium
66,7,80,4.666862197959447,79,2,19.177488682584066,995.1424649590325,33.99428551830329,Medium
2,2,69,5.159889079682194,93,6,32.20939154395461,2060.7129011540437,1.1865126985274554,Low
31,5,53,9.04731766631329,41,6,23.45205279246857,2360.3840138370656,16.762081819399153,Low
30,3,52,3.1700985799292543,29,7,11.863068783964165,509.91161828837147,14.135352381113549,Low
66,6,4,1.5568038668932953,100,6,46.435987697783844,2260.1851255249944,44.78865112832241,Medium
63,2,85,9.25820598421079,46,8,9.624490577092235,617.6207295736483,28.83805743814087,Low
98,4,83,7.265601684932148,89,9,24.89492542405087,1720.4024441833644,53.83821614934192,Medium
55,4,48,4.789416385606629,42,10,23.846616861274256,1427.5161187188116,29.869383564220506,Low
89,4,59,4.465256955399517,95,4,40.574605094310336,2689.3016030264685,57.26683912036172,Medium
35,5,54,3.296532688585928,53,10,21.5233976207189,1023.1456246453091,18.51991350035097,Low
31,2,15,9.151347564498002,88,8,58.01022332037387,9808.647609164616,23.189901537589538,Low
56,2,64,4.660339460370448,44,4,17.782676286954057,962.020503016025,28.374979232416564,Low
82,4,23,4.362747868652862,59,6,38.7788209233637,2915.8615782765105,51.87917989429495,Medium
29,5,63,4.553399573805625,100,5,38.88081014595993,2336.7597013030945,18.365260965397027,Low
33,5,66,8.074321460717387,50,4,23.021844088358264,2076.7613887231337,17.75832512949494,Low
39,7,11,8.760136703704166,71,7,50.77077746778089,8081.087203278024,27.480361927460727,Low
60,4,20,5.148202723023471,34,4,25.322825704095276,1979.214836106745,33.1162172534743,Medium
64,1,52,9.188781594212388,53,7,28.954339776873272,2974.3508413095064,36.71846647431934,Medium
55,2,91,4.360197981377618,74,7,5.564591419027534,225.23947679650317,23.836315168279086,Low
86,1,92,3.152992905615305,33,8,0,0,34.4,Medium
31,6,91,1.8397842509202667,83,4,5.151867905330613,188.43591314750822,13.358247430391494,Low
23,2,54,7.664993270566473,99,5,48.41833560359308,4987.399544604321,15.881730313295845,Low
91,6,23,3.1653624002311798,55,1,33.16293229831756,1951.6439230003487,54.506961034881385,Medium
60,2,13,6.7828048480154495,20,10,13.223344340360612,1295.8889987656555,28.76040396252982,Low
74,2,57,3.8254410225110447,72,5,29.911167334322947,1596.599164604087,42.88055829643939,Medium
9,5,1,1.0208943535598527,61,8,22.416463700468324,878.2534990898517,4.810489039825289,Low
96,2,6,6.033233575768203,36,9,26.750848450874802,2706.6167169998776,53.80848870770389,Medium
25,6,33,7.068428717981765,73,7,43.733260447972434,5000.644671323906,16.559989067195865,Low
53,1,31,9.968426013379005,67,1,43.701363405555945,6630.039560986438,35.09703356296679,Medium
52,4,64,6.186301524117114,44,7,19.983525525140575,1232.5173857375066,27.03485996384386,Low
35,3,97,5.543235023275482,95,6,1.802301392260029,82.62181868547947,14.378483292374606,Low
85,4,16,4.696923403867476,71,7,44.34581877879045,4057.5478189716796,56.616367577183134,Medium
44,4,80,1.6194415914395863,14,6,0.7953929836452894,28.872765306324016,17.80998374768236,Low
61,1,76,2.4223397054382003,75,2,15.979743989656972,622.7500069021254,30.248586300214455,Medium
54,5,30,2.703270929910228,15,7,8.12724907826506,358.2539952300088,24.23322870135788,Low
55,6,42,8.477881788979483,84,6,50.50428210351417,6355.48089352624,38.66641309415968,Medium
53,4,54,8.393347663963212,93,3,49.041673370343545,5311.569403405059,36.795252131769246,Medium
55,1,90,8.228006733549506,43,7,0.1706041749091869,7.042872855848164,22.05629937772003,Low
100,7,51,8.88875899061091,58,10,33.54137882329338,3642.0776014482817,60.124827293976026,High
79,1,77,6.205261738115321,85,1,26.625625641179038,1709.0990483210705,44.220546553918865,Medium
33,2,15,9.859770599214167,95,3,60.59613528562029,12104.375181640859,25.198034786552817,Low
25,5,33,7.024300564411079,77,7,46.48322695710788,5257.244376772506,16.972484043566183,Low
4,3,98,1.7962334159259086,11,6,0,0,1.6,Low
83,6,62,2.5351475925389835,96,7,29.28794840654866,1295.868217472013,47.78539830646123,Medium
89,7,27,3.1065845142326993,62,1,36.28429320196064,2186.458602501369,54.97581256984698,Medium
5,4,44,5.680310265510549,74,8,39.69475364672438,3317.4441469001877,3.1908426094017317,Low
49,1,43,3.5901757178281692,63,8,25.798995819911877,1373.3387197365462,27.184904771054093,Low
78,6,75,2.7603390276128845,11,4,1.9672296440349437,75.89358237377901,32.12066347340836,Medium
53,4,5,1.905624354375143,93,2,46.56969597392596,2490.9635606654233,36.009163319708456,Medium
16,5,19,1.3880882263443732,83,3,32.99576367075558,1358.6213222423348,9.567593312392535,Low
100,5,29,6.743403882410655,10,1,7.446164818125304,613.8974687515001,44.467698890875184,Medium
71,3,7,9.812753237340528,73,7,51.64401744755438,9986.315164196652,50.40035143265817,Medium
58,7,9,1.1612763616886883,50,9,18.896930619478415,729.1823032629748,29.77613185557849,Low
79,6,13,5.562904745993814,17,5,13.507123171284455,1102.0514526423485,38.00237638318883,Medium
6,5,27,9.305375602992761,58,4,40.77360746703371,5899.805719272021,3.867849868813214,Low
81,6,72,2.557194834798638,53,2,13.054643966921333,510.4075510772967,38.744556967923764,Medium
78,6,20,9.958999262084657,64,8,44.73968835390244,7403.045827932605,52.13817414962634,Medium
20,2,80,4.15461354126646,27,7,2.9593583900086644,114.67166057250273,8.35512300680104,Low
98,3,96,4.480808240681691,84,1,4.4332636736666045,169.34299476459609,41.80675904011596,Medium
62,2,38,9.516106750199032,28,2,21.415118299393985,2476.0192686898363,32.76642400737456,Medium
53,3,74,2.426512773016753,43,9,7.349883313749323,283.28744267097136,23.537262893772287,Low
87,7,39,5.576050714822474,78,7,41.482299331033026,3868.0850955309766,56.45376025079924,Medium
93,7,58,9.902444808494664,17,5,10.292863237710774,1040.6241901279252,42.94341768664262,Medium
14,6,100,5.152374913839878,31,3,0,0,5.6000000000000005,Low
52,3,81,6.8647576476473215,66,6,18.55975567812216,1234.8119018658847,26.590643771574115,Low
57,2,74,5.187503407971607,66,8,18.61017175512053,1037.2186287386544,29.16467874025122,Low
45,4,29,6.468394830461544,88,6,51.3102952272923,5942.824676372257,31.853779711368922,Medium
58,6,91,9.785543393083323,71,3,13.461319632722494,995.4957554162656,27.88453923218743,Low
38,4,6,1.3902660116829013,11,8,4.00965121729082,148.2778724847512,16.114200477542308,Low
15,5,11,6.9705031207653665,48,1,40.00910230674893,4440.747107883686,9.600819207607403,Low
34,1,90,2.792194855554551,42,2,2.6400770973802588,98.43009471863584,14.138575727865573,Low
62,5,99,6.269858706232874,35,3,0.30971489350716847,12.971750040568002,24.915213940384668,Low
16,7,0,2.7849314627332773,53,7,34.720794124750185,2156.4195021454684,9.733196235976019,Low
100,5,29,6.323271896895106,96,1,54.759793900469795,6163.95866259288,72.85587634028187,High
27,4,88,9.2340307893973,53,10,9.505628683521307,645.5054464813547,12.339911846730452,Low
72,2,87,6.073725894067565,64,10,8.867329767004476,417.7245327645626,32.63068645934593,Medium
10,2,34,2.0801047409416906,57,4,22.93585624351884,1001.0546480618825,5.37615137461113,Low
81,6,35,5.846870858961893,26,8,16.70113814998787,1320.2202479925795,40.5167531408941,Medium
31,6,16,2.1471465723173355,70,1,36.86116511686648,1839.7997529129093,19.256176711737165,Low
74,3,59,9.45964793864269,67,7,35.09280859192848,3676.09307071369,45.181207014816245,Medium
44,2,60,7.1365693303301,41,4,21.530186086419217,1603.5528858317873,23.283969126814675,Low
55,4,84,3.7986439809723347,53,3,10.085753977686721,415.5757331312748,25.328298812636618,Low
84,2,71,8.796769585188846,14,9,2.6325110441339237,155.00350908894777,34.926785566243495,Medium
80,1,78,7.61729805056533,83,10,18.410249401409537,1197.344477845816,40.836919712676576,Medium
60,4,82,4.7401650527539,13,2,2.5314378841626177,105.72475837288957,24.91131763829854,Low
25,5,49,2.5977323563184798,23,4,9.569773492509889,409.7389939712394,11.435466023876483,Low
19,4,40,6.305138894797271,96,10,51.93861968542465,5056.3613235265175,13.521002644138411,Low
6,5,53,7.041036674909892,78,7,38.07624849358076,3654.2025592432706,3.7707449457689077,Low
74,3,92,1.7370604193687633,57,7,1.8433438443369268,66.91338154943043,30.4184446668856,Medium
78,6,53,4.058610363602607,58,5,29.19600349803861,1588.5596429812476,44.86372963708207,Medium
66,2,80,2.132711312595311,70,5,9.454611178714533,351.86329456226247,30.14402602677096,Medium
93,3,89,6.881921190390341,62,6,7.717388298245147,402.2114391963669,41.506302670420794,Medium
86,3,47,3.390054381335176,61,7,28.872392972749342,1555.3559704382483,49.29815477393866,Medium
7,2,31,1.7417316181265339,44,5,16.697775232209654,708.8192753805849,3.5013065597528055,Low
5,3,63,2.8439117425826157,73,8,23.546949263643274,1047.1800822199664,2.7064084779092985,Low
19,3,2,4.770806050721728,54,10,38.62868234311043,3458.1485149679384,12.003669787114589,Low
52,4,97,4.900388522841148,67,8,1.0793858660946039,44.48122648590885,21.136768390221516,Low
12,7,19,2.0191982096301038,25,10,12.66127714202455,538.1725434561179,5.711611954225768,Low
76,1,24,6.109083731335754,16,8,6.686691922905577,391.3110748440025,33.44913151684494,Medium
86,2,84,2.833489427055602,88,10,8.29895391860907,325.4697209685935,38.68226022200228,Medium
87,2,3,3.3303671382708995,51,9,29.258937668016042,2122.3622081661356,50.07316546270438,Medium
85,4,63,8.433959124163344,63,7,29.642806784421815,2884.5747815517957,49.11783146005513,Medium
51,3,9,4.022700043775126,29,5,20.682477899425255,1490.6077857676426,26.72883823722413,Low
36,3,12,1.4107812058495566,78,9,31.72638762078515,1335.813350850141,21.25289972608959,Low
15,7,3,2.054912736926378,18,1,11.779757604878037,517.5847578545117,7.060178184439024,Low
30,2,27,6.22523614964723,89,8,49.64995862585095,5668.517787822151,20.936992552653173,Low
82,4,5,3.7634953660460493,91,3,55.269633413374194,4856.652500570327,59.99265963938011,Medium
74,6,1,9.081122961714428,56,5,42.4749536236717,7430.254610245288,48.458879408910235,Medium
44,3,62,4.560809952681888,28,9,10.419330602930453,516.3894827047836,20.35070327917364,Low
79,2,35,4.3459713326358616,80,2,46.90637921985533,3296.8862842551025,53.83362375021143,Medium
26,3,41,8.82258572859454,26,6,18.47720087257216,1885.6007780369114,13.282443336121258,Low
93,3,7,1.4968853819134527,35,3,17.07825702667856,719.3376194586988,46.72966742088664,Medium
12,3,87,7.303469219012362,59,3,12.441646458787291,766.780928217258,5.695798545032686,Low
15,2,71,5.326037064813703,20,2,7.128626828282488,352.17120174902186,6.641576414545424,Low
19,3,51,2.7422052121732925,30,4,12.28067962015637,561.5503884658523,8.999997476697827,Low
97,5,3,7.827283586117005,78,5,54.92479223253786,8789.095871423133,70.76622907933704,High
75,6,0,8.11853407470019,71,5,50.36912549209723,8523.496750131744,52.666106471443754,Medium
67,1,65,7.4654709499449705,75,9,26.744083245973012,2085.9809503003085,37.55112146488115,Medium
10,7,81,7.792813678341503,74,4,21.92939444752978,1531.349398646564,5.315763666851787,Low
52,1,76,6.463826779257245,86,6,22.050668590143278,1471.4198643995321,27.679808600124705,Low
78,2,94,4.057078796256118,33,9,0,0,31.200000000000003,Medium
24,6,69,7.756173823521147,78,7,32.69262262159589,2763.8274339197583,14.307737657509808,Low
35,1,41,1.2692271934989088,90,1,25.88092829477139,998.8841915608579,19.43499494190199,Low
74,2,37,8.510680992778521,44,8,28.433228433409376,3097.551584483882,42.224353424433765,Medium
17,6,96,8.576975536212835,11,2,0.3952520830104347,25.849013727738487,6.840315712467065,Low
58,7,48,2.239955801816577,44,6,18.46604217516481,773.752700645146,29.626182676957356,Low
96,2,61,3.704591652529416,98,4,38.23751954895937,2007.867184569841,60.4248112602006,High
11,7,15,1.8417090933200215,74,3,35.954229353406454,1758.8622609019512,6.7729791373248265,Low
29,2,57,8.789752325348374,73,5,35.79020067542276,3854.866872326709,17.827494917523563,Low
68,3,70,2.9194923972658917,67,3,19.051126292142058,798.5333548319119,34.97285952719396,Medium
75,4,8,7.617928665524476,96,10,56.45529435691673,9780.355144154651,55.40488246061253,Medium
64,4,57,1.9503251140865658,10,9,1.322991807590816,49.298487173463656,26.108028854114874,Low
89,1,71,6.627384849953948,61,9,16.453043589318423,1050.0182530801833,44.38592527669604,Medium
12,5,17,6.6737403473763885,14,7,11.297473082940812,1058.609987716686,5.613418061971739,Low
99,1,96,8.92638534739196,23,6,0,0,39.6,Medium
52,1,95,9.998110641439832,45,1,2.957851380134774,192.47734847537637,21.72284963060205,Low
9,7,41,4.683820519436276,80,9,41.889721273194326,3321.4818533545517,5.8620449487524935,Low
91,4,45,4.901960237109365,61,3,32.53938697250269,2399.285819849927,54.166505286986464,Medium
56,5,57,6.450993901460235,32,1,18.4338474433255,1334.9497837496242,28.59377274095737,Low
74,1,70,2.7286388838239453,41,2,9.481900651949758,370.28336804927926,33.80996388946569,Medium
38,2,50,6.846508237258527,97,5,47.37101515398163,4745.673006654313,26.000591455107816,Low
12,5,46,5.82208735657667,94,7,47.50055101815304,4358.562412209018,8.220039673307019,Low
32,7,7,7.9777197900983605,42,6,33.7460001205917,4506.0666047499235,19.279232023153607,Low
78,6,53,5.248046445753104,56,6,28.436615911156835,1921.2168557343123,44.5083362464214,Medium
69,6,49,6.1708755217530245,19,3,11.87283969431722,919.3047009881017,32.51535563344733,Medium
25,7,87,8.689982417299799,56,9,10.475400809314184,736.2092721795084,11.571310121397127,Low
19,3,37,7.445600505535612,57,2,39.00664580086776,3965.738686824905,12.046757621298926,Low
94,4,22,3.3539317038603653,26,8,16.546060523951887,883.0477605664786,46.931978135508864,Medium
93,5,10,9.836311078420842,83,5,57.40703291563791,10683.4967632763,69.23312436692595,High
46,7,76,1.373705700885212,92,8,11.660484633009142,431.0128233948942,21.618293758710525,Low
68,5,86,7.750304211963297,35,10,7.0899525469247,422.06013051641327,30.09270063914528,Medium
95,5,75,4.263588240370138,78,9,22.050161143289536,1083.2492501971801,50.56859185167504,Medium
34,1,43,7.097542058553521,28,5,15.826792962737722,1295.2253696612454,16.828665764398497,Low
32,6,7,6.50584065306953,63,1,44.63817861076796,5703.363392648362,21.37053029326745,Low
57,3,46,6.332048840270808,88,4,46.67223103965781,4394.907989768341,38.76190301556297,Medium
13,5,68,7.189723001077278,52,8,23.814962427752956,1690.4649910328683,7.0575670693647305,Low
13,2,34,8.602337826555367,43,7,29.953262422532326,3194.9139087172352,7.536354468957521,Low
4,4,8,6.362281193840607,48,2,36.27016073958216,4211.166640715883,2.470483857749972,Low
11,5,16,2.993928928785494,58,5,34.44176215732202,2123.2375102821625,6.673156302383253,Low
10,3,80,8.412240145799657,30,10,7.230605065669939,431.15105897086266,4.433836303940196,Low
24,2,5,5.331168737389984,91,8,54.732945161454985,6462.854916842543,17.48154410324952,Low
36,7,45,6.429242599640272,88,4,45.61673969244022,4754.359261458387,24.253215773567085,Low
96,5,68,2.3042939840168257,96,9,24.279134115215975,993.3621693500933,52.384781250364405,Medium
64,7,25,6.958513925665569,62,7,40.70399771801259,4559.2476413378,41.230335123716834,Medium
37,7,46,2.592962690706327,47,4,22.08833069031864,979.6481940399503,19.70360941325074,Low
32,5,4,1.1082036599710636,50,10,18.529143079691096,727.0442020255297,16.35759547130069,Low
51,7,89,4.94811611472184,93,6,14.738009355351664,704.017304289139,24.90983086273761,Low
46,1,66,9.14573003931617,99,3,41.431847812643234,4122.765682702242,29.835189996289536,Low
72,7,48,3.735121703677339,12,2,6.190112824425828,347.9522691083329,31.474128740151958,Medium
11,2,45,7.591431478607969,71,3,41.01273746389631,4174.5969702600405,7.106840672617157,Low
16,3,13,2.357043223963272,33,2,19.743871650059596,1013.9665377856561,8.29541167840572,Low
18,6,15,2.764163008242032,84,5,45.37136949086815,2902.635971922017,12.10010790501376,Low
33,2,3,5.75809396503502,35,5,28.277518582897912,2602.4437571811573,18.79894867941379,Low
45,1,42,4.471654825935729,36,1,21.507803729002894,1329.440663986883,23.807107006830783,Low
55,1,50,4.929492308861224,37,2,19.271220985624478,1156.9901107788244,28.359502925256077,Low
22,2,87,7.0184851063808065,87,8,13.434225087631075,746.9116617482322,10.573317711567302,Low
14,1,41,5.686564670951495,28,9,12.062617642701717,784.5683709895839,6.613259881986945,Low
12,4,98,7.3881146568853175,13,6,0,0,4.800000000000001,Low
60,4,37,9.641033807594624,90,8,54.28464553717469,7624.633015004235,43.54247239338289,Medium
1,5,68,1.5507372993162631,11,1,2.166875470912213,79.49926607024283,0.4130012528254733,Low
11,5,70,9.425219775676403,22,6,9.374874187453953,796.1184174438937,5.018741696371961,Low
12,4,92,1.5578901021732925,63,2,2.741833857243827,99.52856901795097,4.997412037721556,Low
16,5,13,4.603563257862946,17,6,13.440809412546315,927.9434906137491,7.690317703604446,Low
76,1,72,1.9835537363854088,53,7,5.814559740811103,211.91023733111217,33.05143924180987,Medium
31,7,29,1.9293815981126188,93,8,38.48328249561166,1877.073515496744,19.55789054418377,Low
91,2,16,8.81181168743893,89,4,55.02346986790302,9645.203616488025,66.44281454787505,High
13,4,81,5.109244703685055,50,5,12.530536816145867,686.9130083853512,6.177381871659378,Low
22,2,57,9.998395940773166,32,5,17.765752203418753,1770.0006303003456,11.145079290851276,Low
58,5,79,7.66133202188292,25,1,8.619615167925096,525.3832243595882,26.199626078437937,Low
21,6,11,2.837597774802598,64,3,40.49746603213791,2462.1564221475824,13.502680720049376,Low
31,5,75,8.100489294209211,55,8,20.267623523031578,1487.8248007739214,16.169777975283875,Low
52,4,9,1.6272104110209344,55,7,26.43062110313488,1148.9669560120863,29.04635378417808,Low
62,5,23,1.467465647130887,58,6,22.496946444871355,918.407709285076,33.168864077492145,Medium
91,3,86,4.696843370619602,73,1,14.478566649167682,659.6667111580397,44.30529739044555,Medium
30,7,17,2.9362238469559325,20,1,14.104318027809477,694.7021171423112,14.538777245005706,Low
11,4,72,3.609101455458749,79,1,24.75472440742634,1178.139194982869,6.033811810890139,Low
38,5,17,9.467396407503541,16,7,13.984668273679778,1697.7832131806679,18.38850436639899,Low
71,3,48,4.071228062545298,48,6,22.943105488424706,1369.9893533990544,38.173762938068926,Medium
81,2,78,7.758112519017529,25,8,5.2314461017950755,326.8627467058156,34.94248280547241,Medium
51,5,48,5.502193484389895,37,6,22.029871818877492,1461.616373758519,27.141140776576513,Low
11,4,94,8.42018209283506,71,3,6.895875240517147,437.0514384712749,4.855127765874132,Low
99,7,87,7.528670438750284,44,9,9.599716377895017,599.789246222227,45.30223152846964,Medium
71,2,78,7.020307677060642,88,3,26.83847559608158,1860.1045472413869,39.83319060393075,Medium
26,6,25,3.754389649164706,75,6,43.5253334610132,3064.0264342613254,17.18995201991806,Low
1,3,91,9.11332783862534,43,4,6.618325226092396,445.7420966763581,0.4397099513565544,Low
59,5,21,6.338919431139716,18,10,13.657423103228327,1172.6078309910401,28.43472777854283,Low
56,4,47,9.286896581270417,75,6,43.59097865809084,5430.696012163593,37.04656882911853,Medium
43,5,54,4.656818895020727,24,4,12.376521584557441,700.2006722571488,20.39314256881582,Low
92,5,83,1.9175200405407513,47,9,4.504625029676909,164.9514375132548,39.28655301638166,Medium
54,6,54,4.773621068144383,60,2,33.969626044777065,2057.7910690620806,32.60615883850777,Medium
58,6,95,6.023631479841161,37,3,2.307846197087977,110.69560017705865,24.00313047658662,Low
35,5,37,2.494312918635326,80,8,36.95999667057874,1864.2335485697897,21.761599300821537,Low
87,3,56,4.482473714165122,48,4,22.99830792548014,1367.4449441761421,46.80511673710063,Medium
55,2,65,4.4363727959678725,84,6,31.34747158979029,1759.7734100475368,32.34466562463079,Medium
27,3,18,4.321597952286998,99,5,57.08088233284029,5084.682586612301,20.047102937920126,Low
98,3,87,2.3021591754846,65,3,6.206223909547906,228.44777887196724,42.84925965881417,Medium
3,5,1,4.639127074171633,92,2,61.354243368838326,6327.478241078565,2.30437638063909,Low
29,6,92,8.05571703017385,24,2,3.65720938653826,219.9984982231367,12.23635443325766,Low
8,3,58,2.124911289506226,49,3,15.02623649031189,620.7992304303932,3.921259351534971,Low
9,5,84,1.040417582718539,78,4,4.7768336747537985,173.39906239356296,3.857949018436705,Low
94,7,26,2.2206100752106988,89,7,41.34037445812063,2130.357692494399,60.915971194380035,High
50,7,95,2.781457046314352,41,5,0.7749575858630634,28.130960366829196,20.23248727575892,Low
11,6,36,1.8141852666662213,63,1,25.19493327274735,1088.314877372532,6.062865596001325,Low
59,2,58,4.477987003921672,91,5,36.55911617291052,2389.261251563708,36.54192712521033,Medium
42,6,60,7.778025021538859,89,7,41.49331937949353,3902.910027187053,27.256316483632368,Low
27,3,17,4.188687795819643,83,8,48.54171309772928,4117.929094046215,18.663757521832146,Low
21,6,18,9.738714310111487,70,1,49.32157672559413,8057.533198077299,14.61451866742486,Low
24,6,7,5.273192325043181,58,8,40.30816234361237,3993.6377297841855,15.404375377480182,Low
94,5,69,6.325033972019825,43,1,18.05590638655188,1214.7603940922972,47.78353120201526,Medium
68,5,20,2.630532570004136,80,8,39.45368778813191,2390.5085569807816,43.29710461755782,Medium
97,4,53,2.4153765318635507,84,4,29.50917097281688,1392.7718777827558,55.974337506179424,Medium
80,1,49,7.104199771894545,35,9,14.307399427493857,1058.0775326604619,38.86755172519705,Medium
14,5,32,8.042204838218511,95,9,52.6866756685652,7492.6355101091185,10.025680756159478,Low
38,7,72,9.937513634705724,24,7,10.567689545240611,996.1086104992451,17.609433216314862,Low
26,6,54,9.125879557077,46,5,26.443869932147123,2848.551013756492,14.525243709414951,Low
58,2,97,5.818320051470516,20,10,0,0,23.200000000000003,Low
64,4,29,3.27215177028078,81,2,43.45065277886166,2891.179471385973,42.28505066708288,Medium
99,3,2,2.5145448715231877,39,6,23.979771149831542,1322.247797204512,53.84398406299994,Medium
21,6,20,3.101117296534099,97,1,51.638263248023215,3574.793369473653,14.906421169250926,Low
48,7,49,7.116318795589689,49,9,31.36829477017166,2585.134523452847,28.23406889380944,Low
45,1,18,3.6262318897472006,98,10,48.621978551979346,3622.792247301111,31.127934209034425,Medium
10,7,50,6.279252198847734,72,8,37.44473613341479,3296.900668952114,6.2466841680048875,Low
7,4,70,3.523999779878789,10,3,2.9834190153214064,118.9340548323159,2.925303598643499,Low
49,5,97,8.285301312387755,77,9,2.0924531941411875,106.60261095603396,20.21518123907751,Low
64,2,98,3.1543106973590893,12,8,0,0,25.6,Low
61,3,90,6.270719421123948,55,10,5.348242955392652,253.99061220135638,26.357456921673712,Low
17,6,13,1.4000528867268964,38,6,16.651118721484767,680.8611289549011,8.498414109591447,Low
13,5,9,8.323228007186875,53,3,38.36803221230486,5895.085908664783,8.192706512559779,Low
46,3,58,2.331786854601444,77,5,24.018764031243645,1079.5384016936011,25.02917887262325,Low
56,7,80,6.3961234881020825,35,5,11.323432098689535,672.1792253337932,26.204673185159685,Low
44,2,43,6.859337757643436,40,8,22.44531490737499,2168.685349299903,23.525563135547,Low
0,3,31,7.662072476961573,99,7,57.52846336661439,7611.165826352947,0,Low
4,5,3,8.73487505504977,88,6,55.714723128156464,10899.108259092705,2.937153355075755,Low
28,2,52,8.06857372062331,87,2,45.24092317315481,5188.933010279324,18.800475093090007,Low
53,4,99,7.945590375767606,88,5,0.5977339004997347,30.69479500092289,21.39007938035892,Low
91,4,73,8.228219114791345,36,7,14.885594548030049,992.486184215794,44.527534623224405,Medium
29,7,7,2.4761630146783484,89,5,50.79748927805136,3066.8834327215136,20.438763134380935,Low
23,3,77,2.929569320893767,96,2,22.764297350994315,1014.2059956536159,12.341473034437216,Low
84,2,68,5.406359747650916,29,6,8.1294360706376,497.845189145691,37.69723577960135,Medium
1,7,72,7.520962724470621,85,5,32.48558019605764,2633.705552334077,0.5949134811763459,Low
67,2,100,6.416523177753408,94,8,0,0,26.8,Low
9,2,16,7.857360782509186,11,2,9.183411554682761,968.1280578451032,4.09590422395287,Low
52,3,71,8.584166427672013,48,5,21.150202566553787,1780.7257373172931,27.398863200764783,Low
67,1,45,2.0532504911351452,54,3,18.886338142206863,782.3159124301017,34.39230793316716,Medium
66,3,25,2.4954958551333193,45,2,25.987241248356348,1259.3212833386185,36.690947534349114,Medium
22,4,93,4.242138252120915,19,9,0.20769258100136964,7.539240690349718,8.827415420692182,Low
62,3,81,3.541814366467978,90,2,19.113683229817223,808.8420469258137,31.910290161492007,Medium
76,1,79,2.3941326097562117,26,7,0.05192241639308757,1.8847837150690787,30.42367662187525,Medium
13,5,85,2.2973169622019776,10,1,1.1937271685753406,43.332296219284856,5.293110719148877,Low
36,3,11,4.412131296434497,33,4,24.974560996055043,1751.9867430597492,19.79450517514789,Low
58,2,85,8.964071680590514,19,3,1.8353044252076511,99.33179234211238,23.838685939972265,Low
64,6,53,6.6254584336087685,61,10,31.75427263761974,2637.916734692684,37.79364069284598,Medium
39,2,94,5.116383452185623,98,10,1.4994385713857719,65.77346344612239,15.950868625704272,Low
66,2,72,3.361727698132471,40,4,10.374008864998777,412.7725572222003,30.508107510539517,Medium
30,2,46,3.4623897711247538,11,7,2.153989803047997,83.96834817723692,12.38771816454864,Low
9,3,17,4.589909632249491,88,3,55.166568074596015,4941.712624238918,6.578994676028184,Low
64,1,72,4.062204880560555,55,3,16.962009553377037,816.0056553873019,32.11341166849678,Medium
81,3,27,6.208065306334083,91,7,53.62450991054889,5900.011528003451,58.46151181652676,Medium
17,6,70,3.965790019491042,73,6,24.161608010052223,1321.5207265258146,9.264484017025328,Low
32,1,55,1.808864514918958,25,8,2.0130485807276823,73.96056052342354,13.186505327499715,Low
52,7,2,3.9325883461172415,48,2,32.846377210922306,2737.472386707606,31.04806968980776,Medium
89,4,34,8.289636499761752,50,1,35.19667795361086,4142.355150272803,54.3950260272282,Medium
40,3,0,8.357916368211876,16,8,14.199324165239435,1684.441084023346,19.407837799657464,Low
97,2,58,1.4465421890755694,53,6,11.271287665108105,421.1562004515437,45.35988942109292,Medium
46,3,18,6.204950958134573,91,6,55.04905057393741,6740.533593110224,33.59353795840673,Medium
33,4,31,8.21381976851428,55,1,38.367539113674184,4544.603641992329,20.79677274450749,Low
86,2,80,2.5785936465150567,50,2,8.690499369991146,333.43118339289333,38.88429767491543,Medium
42,6,54,5.023564853740165,71,6,35.396944167862195,2480.3618312316385,25.720029930301273,Low
53,3,36,3.3275558533904888,27,7,14.429161883696178,740.0597745979971,25.788473479015387,Low
59,5,37,1.1125630918177078,72,6,18.78619348707453,705.1443818730435,30.250312494424385,Medium
60,1,35,9.541326486167103,40,1,28.587510592342856,3571.159837450722,34.29150381324343,Medium
1,6,36,7.833001330359688,88,4,51.311112592469335,6449.125069038904,0.707866675554816,Low
38,4,30,6.888152004287987,61,7,37.45933661569937,4305.158295562327,23.74072874837946,Low
48,7,60,9.968861706823741,68,5,34.204872621226784,3868.5559276306817,29.051003314913316,Low
89,7,85,2.72272693726417,42,2,6.024403935450746,228.90769688104345,38.8170317015307,Medium
63,3,42,1.7281309457521026,96,3,31.802764810775976,1354.7799425560265,37.221445098473325,Medium
23,6,64,5.537075331498261,11,7,4.310877765565847,231.59884295872018,9.794901131648087,Low
58,7,5,6.545960543262946,44,9,35.528091276122346,3982.418348634533,35.56377576409058,Medium
52,2,26,6.2980432447904855,66,2,42.70465524273471,4416.530767202647,34.12385243573323,Medium
40,7,39,5.351991096812108,57,7,32.019454171867444,2620.740097540501,23.68466900124819,Low
59,4,13,4.128100942849327,26,4,20.105585222374295,1303.4951053289124,30.717377168720503,Medium
67,4,16,3.0809588721010344,87,9,49.4364965843805,3258.871884621314,46.67347162692096,Medium
4,5,1,7.327921197442381,64,4,48.512021937924494,6962.665916031127,2.764288526510188,Low
80,7,22,4.63902955300639,72,10,45.556526488601705,3816.2756804574387,53.867132714528815,Medium
99,5,20,8.789084740757533,49,10,34.761906000569255,4858.489959445582,60.24857216433814,High
26,6,76,5.952546960144568,63,2,21.136245668227442,1355.3746235158105,13.697254324243481,Low
58,7,6,6.614750422666024,24,9,19.049392015093265,2161.503205575615,29.829188421252457,Low
29,4,82,2.3096010068053996,28,7,3.247895894884977,120.56748204647411,12.165133885709988,Low
75,6,21,7.876498895171418,42,2,32.50580203457229,3769.0639222608825,44.62761091555753,Medium
26,1,100,3.643402944036211,92,10,0,0,10.4,Low
20,2,52,2.439975434992215,50,3,18.933005219874047,798.2931669316945,10.271960626384885,Low
8,4,81,5.970785379701681,55,2,14.209635060744386,787.9750432114924,3.882062482915731,Low
32,2,96,4.910534744034872,98,6,1.4737229847000375,60.797794233200264,13.082954813062408,Low
10,3,28,1.2309938285687165,64,8,20.337352056338997,788.4277183346982,5.220241123380339,Low
93,4,21,3.3247979885848977,34,3,22.13983784176626,1261.2815871314888,49.55402951570557,Medium
70,1,80,4.272710171722929,43,6,3.108195180576667,134.8094456017791,29.3054419758422,Low
92,1,60,3.3206240111831318,72,9,19.321456696349987,953.3948996744131,47.4654440963852,Medium
73,2,45,7.538516745766849,18,4,10.62961701241468,936.5808737996433,33.855772251437635,Medium
75,3,16,7.694988814217924,99,9,60.254749670895244,9467.252756005224,57.11463735190286,Medium
39,1,22,2.819937916272026,51,9,21.998266197014047,1129.9550189160918,20.74759429010129,Low
3,6,73,9.313399402922784,54,4,22.7398799035581,1906.5350792652187,1.609317838264046,Low
47,5,47,8.62184547566213,36,1,22.458296633549732,2356.322902386617,25.133239650661025,Low
83,5,95,2.695828015039219,24,10,0,0,33.2,Medium
68,2,20,4.683379344824287,39,9,23.95045194638615,1794.2429207268322,36.97178439412555,Medium
88,1,98,7.092763020177066,29,4,0,0,35.2,Medium
90,3,0,2.6972230069806002,46,9,28.677361920779973,1622.157689360276,51.485775437221186,Medium
31,7,1,5.588404351678209,99,4,60.99946996583659,8142.148544859913,23.745901413645605,Low
86,6,81,4.982777576108356,34,6,8.108870473097411,360.6690735965915,38.584177164118266,Medium
58,2,30,6.359744854538829,82,10,45.785778080298414,5120.31877288843,39.13345077194385,Medium
86,5,7,2.0683513995390164,74,8,38.77470979302198,2067.7023809757716,54.40775025319934,Medium
1,4,90,4.105109015930555,34,9,2.471241412905407,96.61761799661227,0.41482744847743247,Low
14,3,96,3.3553567808720466,94,5,3.2280728719591565,120.1774058957013,5.871158121244569,Low
65,3,75,3.953213893566079,72,7,20.06377650198053,975.8251041802009,33.82487283577241,Medium
88,6,18,7.629766126418202,94,3,59.369383863204796,8713.852704493322,66.54703467977214,High
25,5,83,9.150038605754286,71,10,18.714699830842076,1483.5521562659878,12.807204974626313,Low
23,7,87,1.443406806777432,24,8,0.8790874779032662,31.910875447888564,9.321314071950653,Low
51,3,18,3.529720877957222,72,2,44.966867498830275,2972.094344553753,34.15986145464207,Medium
58,1,44,4.652706477025321,83,9,36.14741959768651,2439.798091750418,35.77930201999491,Medium
54,3,29,7.606915849557976,35,4,25.343970660389328,2640.5658838610907,29.811446493966145,Low
43,6,82,4.515942092970666,56,1,14.729768674643367,691.0800174656144,21.00028031805799,Low
94,5,6,5.5767515706189315,32,2,27.148796823249555,2433.918361603379,52.91192140831275,Medium
63,4,0,5.483504042349153,73,4,49.927822860571496,5938.646358636061,44.07271704129603,Medium
97,3,51,8.554342514845285,66,3,37.855141894689346,4093.0024135755766,60.8316925827092,High
17,2,76,2.7543745643333635,61,9,9.983499485907581,395.9317540223983,7.818316947562574,Low
27,1,7,6.7148557858943665,94,4,61.18667693379817,8506.09104569954,20.712241663275304,Low
13,3,90,9.324641854355926,71,7,12.008827530126318,803.4787328257578,6.136688547349853,Low
42,4,71,7.731929758821874,14,8,4.920303719072608,302.25614528677346,18.0399165372063,Low
34,2,99,3.613653383579138,66,7,0,0,13.600000000000001,Low
60,7,40,8.945327400646892,12,2,9.309897491886588,881.9476413192984,27.351563097079172,Low
38,3,0,2.8982793313175854,83,8,50.96656090116568,3450.1574568506107,26.82037588546578,Low
68,6,86,4.199876094825891,83,2,15.114261711413592,683.237327601302,33.36661877825675,Medium
55,7,28,6.148382371943483,65,9,43.02381333638785,4286.92574293134,36.19785840100799,Medium
53,5,15,4.620136901600228,78,8,47.08097410061015,4429.052430810573,36.17174976399403,Medium
77,3,75,1.0240536684647847,59,1,5.982598680204108,217.1683320914091,33.5639605902543,Medium
19,3,26,9.324474233856455,79,10,49.83310331816823,7784.346798279532,13.280973778271179,Low
43,1,14,1.0318883763779914,70,6,19.737621269924617,752.9611610711908,22.29230628764055,Low
8,1,87,9.479937722802713,71,9,7.564446643999902,489.8484348296495,3.5630934389119955,Low
38,6,13,5.14085290443962,81,6,51.93617594853965,5372.377998918359,27.04144811626704,Low
89,3,81,7.948556547980113,49,3,16.892068699384996,1098.7804093020002,44.620364685471586,Medium
4,4,90,7.402734761936127,94,5,15.379870047886785,945.1198232634534,1.969116881149283,Low
64,1,81,5.868659777020767,47,5,7.165576747516958,367.3541493374981,28.351581471046515,Low
94,4,71,1.9089544951151816,47,3,9.64572883263037,365.70468842050394,43.04019106160353,Medium
36,1,18,8.723724119278621,66,2,45.951994114245245,6921.394831669584,24.32563072867697,Low
24,3,66,7.1268998223721445,11,9,3.498078785568446,193.22059196666794,10.103723345121857,Low
76,2,94,2.0736600721232845,11,7,0,0,30.400000000000002,Medium
79,4,73,3.739373849893,86,3,26.13193869780033,1282.497494574353,43.986538942757356,Medium
98,2,24,1.9835793568124755,71,9,30.36270557605025,1358.8644208918747,57.05327087871755,Medium
55,2,76,2.4524272867281267,26,5,3.2786951713289216,121.97733724885386,23.081969406538544,Low
96,3,27,3.4863710872678846,53,7,29.070757350454503,1828.1083776537562,55.1447562338618,Medium
86,6,38,2.991366490117107,96,10,41.937871635994924,2453.0788129514904,56.03994176417338,Medium
45,5,41,1.1285335633977405,53,3,14.13495327166135,520.4868448285825,21.816437383348564,Low
60,6,69,4.1818613099982676,98,1,34.264617858393414,1866.4829870370593,36.335262429021626,Medium
13,6,66,7.848485799423596,41,3,20.465465708378275,1503.9453864801453,6.796306325253505,Low
53,4,10,5.796479229745289,70,5,46.3265801567341,5394.839569212894,35.93185248984145,Medium
22,3,70,8.611816128714288,71,9,29.175749406842954,2517.884060158514,12.651198921703271,Low
60,7,47,8.673812037464502,66,5,35.76331200556156,4439.924346263131,36.874792322002165,Medium
46,1,16,1.480072061612935,43,3,15.404703015410249,623.1980252942953,22.65169803225323,Low
27,7,47,8.992448445041898,49,10,28.73895826965506,3375.223889082614,15.45571123968412,Low
20,6,61,6.832983251602767,88,1,40.85359403896075,3499.1629637127203,12.902431284675291,Low
58,6,94,3.411145583628678,15,8,0.06096076366520373,2.212875721046895,23.221214345755495,Low
27,4,80,7.703214084636382,92,4,27.413948529043314,2038.078177253436,15.241059661705018,Low
97,7,46,9.305383231424432,85,3,48.972394194880415,6090.0207316986425,67.3019334214204,High
26,7,11,9.519786424538824,83,8,54.740371914494446,10497.71877457269,18.939498018661133,Low
96,3,5,7.602191308599662,77,10,51.85228876092112,7817.404770045409,68.26691832629056,High
14,5,38,5.505646653185914,48,3,29.869910066296015,2435.396034562534,8.109072445568867,Low
79,2,30,6.527845297897891,95,9,52.847371631559916,6076.636972650585,56.64965415335941,Medium
53,5,20,2.7429324529903583,16,8,8.787218729358818,433.58013579336824,23.994335555936107,Low
14,2,91,9.129323143242829,29,8,0.5919040295831708,33.43022635976434,5.649719938484987,Low
44,7,46,1.7281449459188476,27,8,9.660841840332296,365.5663989459503,20.150462245847727,Low
23,4,1,5.848353883868489,15,9,12.817602587654658,1129.5672414223986,10.968829157096344,Low
57,7,20,9.580407542461163,89,2,54.039746085131156,9976.071239747007,41.281593161114856,Medium
57,2,100,1.5310613355166791,50,8,0,0,22.8,Low
68,5,99,7.247279475485214,45,3,0,0,27.200000000000003,Low
41,6,92,5.736320624386762,99,1,11.865078223342632,583.6767303141149,19.31880924294229,Low
93,4,62,5.864502787508759,83,8,36.080519043033064,2568.8370144709597,57.33292962601245,Medium
73,5,62,2.177943670691325,65,9,17.22036931398849,690.2001796081846,36.74252175952696,Medium
65,3,40,5.370581164723621,31,8,18.50204426820029,1248.998682340492,33.215797264598116,Medium
12,5,0,5.083006371371023,48,4,34.73347059963847,3538.4872219652166,7.3008098831739705,Low
60,6,10,7.84220085215596,83,7,53.97338848315385,8649.893721469885,43.43041985393538,Medium
6,4,85,6.747878491428193,69,3,17.38433511424741,1041.559670435458,3.025836064112907,Low
0,3,14,9.87375095773952,99,8,58.301474959549815,12302.359590768778,0,Low
79,3,43,3.2673086525567814,58,7,27.504810533263814,1411.4080297041523,44.63728019276705,Medium
15,7,58,6.6817415265763955,46,8,24.846910984587833,1847.2047108300624,8.236221988612904,Low
40,4,25,9.644500248887358,38,6,28.098344317088728,3851.534187828454,22.743602636101294,Low
42,4,62,7.09663656097815,16,7,7.736726924173707,525.5853870918002,18.749655184891775,Low
62,7,31,2.7426811922841083,71,9,35.80395492717121,1939.1565341198602,38.119071232907686,Medium
75,6,35,9.888405667198914,46,4,32.55181099740474,4461.247954592455,44.64831494883214,Medium
30,6,37,7.227971527916584,88,4,48.703910387457746,5931.318424520563,20.766703869742393,Low
89,2,82,6.855899795765948,83,5,21.83391967757358,1361.3224138748014,47.25931310782429,Medium
6,3,32,1.4372963858306482,59,8,18.46518750250505,700.7801723678373,3.064746750090182,Low
82,5,37,7.908952322513156,67,1,43.36751698450285,5100.469870950246,54.13681835637541,Medium
66,5,70,9.327953077167233,34,3,14.994211695527126,1226.3788940736797,32.337707831428744,Medium
13,2,100,9.73550158457711,74,6,0,0,5.2,Low
73,7,87,5.650211955273345,31,5,6.500977032709909,319.0986095129556,32.04742794032694,Medium
88,4,73,4.698231798295195,86,7,27.904826783496535,1506.427838133936,49.93374854168617,Medium
30,4,28,5.223139401180102,20,7,13.064448309001078,948.7364226672742,14.351600695620194,Low
53,7,79,4.1110385779111835,62,9,16.921161883180137,778.9593531137757,26.580929478851285,Low
38,5,27,7.752860656141978,92,9,54.04276748435389,7561.506826165286,27.521750986432686,Low
90,7,11,9.283319256382015,56,8,40.52822428699162,6740.874984031756,57.88524111497547,Medium
64,1,46,7.903602661470572,10,1,6.600174029094833,517.7438786995664,28.134466827172417,Low
15,1,88,2.598030872119131,99,10,1.8850812172449736,71.61168942171234,6.169657309552048,Low
15,4,82,9.408429826444937,27,4,7.58837545506687,576.6044745623535,6.682953790956018,Low
40,1,54,2.3527164900165722,66,3,22.246448300004182,957.4777463172505,21.339147592001005,Low
84,5,20,6.049621833574989,95,6,55.54455374674829,6800.979652626672,61.59445508836114,High
8,6,54,5.655508213854759,60,7,29.336214915268787,2156.8974865610144,4.6081383159329015,Low
3,2,34,6.244849602342835,66,10,38.01369761269821,3494.403314291422,1.8842465570285678,Low
53,4,74,4.987871810449781,17,5,4.225057516655139,209.37680302865706,22.543568290296335,Low
56,4,8,2.1601133369434766,54,10,31.037602600714102,1483.3990927605585,32.82863447383994,Medium
58,1,14,1.58292635439357,71,4,29.18734127596236,1268.161124181194,33.3571947640349,Medium
29,6,39,5.943367017603797,68,7,40.03587368006195,3459.3268798571094,18.56624202033078,Low
39,6,33,9.885267490995657,55,4,37.24090709613415,5362.300607917449,24.31437226049539,Low
52,2,0,3.0938302833266973,24,4,18.464835857135498,1029.2125110749257,26.561028787426274,Low
49,4,4,4.68181187942738,83,7,54.27828338234572,5438.299219882187,35.55781531440964,Medium
72,3,49,5.988422892593292,95,8,45.7854089600314,4072.4619584234492,48.57929667073356,Medium
95,5,28,5.0753826824062065,86,2,51.35042509078215,4773.2893261509935,67.26974230174582,High
81,5,35,2.720216775569652,60,9,28.170334666828424,1415.1326678604976,46.090782648078616,Medium
26,5,4,4.6907460344665655,75,2,48.7415670420779,5023.088775929178,18.003684458564152,Low
53,5,93,1.0634094592866097,19,3,0.2838948752918637,10.305383973094655,21.290278570342817,Low
43,7,67,8.715287287120255,14,2,6.775904041342375,546.39555635245,18.94818324266633,Low
5,4,49,5.024849843582868,53,9,26.69486336693044,1804.6240212071139,2.8008459010079134,Low
97,1,29,9.651034018175698,82,5,51.89860751437071,7589.506260748066,69.00498957336376,High
19,3,65,6.402876767435562,74,7,30.606093012302733,2243.342082887479,11.089094603402511,Low
54,1,73,6.00348740410003,37,9,5.362365660810923,280.42579683521257,23.33740647410274,Low
61,5,33,4.485338711996258,76,7,43.75663966796593,3334.0732109513,40.41493011847553,Medium
92,5,71,8.232824495109337,85,9,33.95266003439182,2985.490294496589,55.54186833898429,Medium
3,4,62,5.989772348761045,41,2,19.77074176823176,1325.355596668985,1.5558733518281718,Low
6,5,1,2.6106185851754633,46,10,29.025671604187846,1606.494312468578,3.444924177750763,Low
72,6,45,4.481187147432937,89,5,45.054208062249494,3255.763871591327,48.26341788289178,Medium
67,5,73,6.8058059314159225,80,2,31.543577658412307,2210.5253276193107,39.480518218681745,Medium
92,2,76,3.971556389482397,52,4,14.023033789973685,664.5816383887652,44.540714652065475,Medium
18,4,23,4.567451896276575,37,8,25.96517763934052,1742.826356364435,10.004239185048776,Low
52,7,5,8.423062075139441,83,5,55.334616298111534,9916.80975259068,38.0644002850108,Medium
23,3,7,1.9862084027607432,29,10,13.781945063284981,624.4448770478134,11.101908418733329,Low
16,2,28,6.321083550593053,15,1,11.560264544711215,972.0646809656757,7.509785396292277,Low
28,4,77,5.432166115909547,45,8,13.744403905791428,734.4698825404209,13.50905985617296,Low
67,3,85,2.8194901941341604,76,6,8.825737433622017,350.07708643511785,30.34794644831605,Medium
17,3,15,3.476015169617523,73,2,45.89664993934563,3188.4127948636233,11.481458293813255,Low
29,7,29,1.4996804613337544,16,9,6.022473488171366,220.09212885918691,12.647910386941819,Low
66,6,6,6.539664864737743,38,5,31.57901710258407,3444.235566557224,38.905290772623296,Medium
0,6,29,6.348718207977598,30,6,20.979005113949363,1904.3842051685822,0,Low
82,5,15,4.314681515342688,66,9,41.71447268444633,3477.567394094928,53.323520560747596,Medium
85,1,49,7.503227160009686,20,10,5.240672092314769,332.90105505464146,36.672742767080535,Medium
69,4,70,5.434762096128699,66,2,24.647766738691935,1539.330887522409,37.804175429818464,Medium
54,4,80,3.0392519395344464,94,5,18.361319623098698,751.1986919455823,27.54906755788398,Low
39,7,78,5.6063739867650595,59,5,16.647035921157936,869.8749221295623,19.49540640555096,Low
60,2,73,1.18244425157412,21,7,0.9589210577433053,34.80883439608198,24.34521158078759,Low
72,2,12,7.944133361178051,26,4,20.951679788592728,2457.9586491552654,37.851125668672054,Medium
61,3,26,4.959038523967248,26,1,18.607975688234447,1418.7216138078284,31.21051910189381,Medium
86,7,81,5.802471046567931,77,6,21.525530549188428,1241.5159430005995,45.50717376338123,Medium
43,6,19,8.071637931218643,63,7,43.05600363839888,5976.91246770233,28.30844893870691,Low
23,1,80,7.1779661015043,66,5,16.448515763627668,1000.5341013289884,11.46989517538062,Low
44,2,42,9.688141654354594,29,7,18.778287367414592,1997.0244245325632,22.557467864997452,Low
27,6,72,2.1465014701174616,20,7,2.882887354496779,109.8080838479079,11.26702775142848,Low
26,6,63,9.140228304799653,89,9,39.90251330687922,4410.796450492839,16.62479207587316,Low
40,1,76,8.277171689995626,62,5,19.017061386651346,1475.7438896308536,20.564094732796324,Low
75,7,63,7.669227516752333,23,2,12.775773812372726,1065.6534617137531,35.74909821556773,Medium
55,4,0,9.894141099693327,91,1,60.576232559865964,13937.422565107427,41.990156744755765,Medium
93,7,38,4.439449725258151,13,3,8.613221138844539,500.8126852449122,42.006177395475255,Medium
57,7,88,3.0209312813610305,97,4,12.977357999835217,515.2854024839705,27.238256435943644,Low
40,2,43,5.390536304389022,65,6,35.884532681530814,2664.284988440175,24.612287843567394,Low
53,4,62,5.429939556547844,27,1,12.038269058958182,714.6459081299828,25.028169560748704,Low
25,4,71,8.627954786823384,75,1,30.39591946018935,2657.0892883340675,14.559387919028403,Low
10,3,5,5.987220044018071,47,9,34.512266258779945,3697.3723860079685,6.070735975526796,Low
46,3,82,2.907296591093468,51,5,7.84893799606737,308.43317773415765,20.566306886914596,Low
75,6,47,5.0414892689577915,65,5,35.75779527153419,2536.3446189254173,46.09100787219039,Medium
98,4,82,8.917529764750942,94,9,26.691873883219635,2179.2928942821645,54.89482184333315,Medium
92,1,78,6.082132008092021,93,2,27.343230624447205,1655.279785040878,51.89346330469486,Medium
62,1,9,2.0931138572249015,20,6,7.192379087929801,297.0095895529168,27.475565020709887,Low
100,4,15,4.077689089001057,13,2,9.953196564482244,646.4255768174055,45.971917938689344,Medium
73,7,60,4.243814314415808,88,5,36.08354895784554,2181.8108516297325,45.00459444353635,Medium
84,7,72,1.6848150883374053,32,5,6.180933103196015,231.0218615027427,36.715190284010795,Medium
49,1,9,7.66688468308567,55,9,38.12157899874549,4784.296840297651,30.807744225631176,Medium
0,6,37,7.551316892418169,75,1,46.87193165336604,5439.560359826973,0,Low
12,7,3,7.5353708276927724,31,6,27.60850452163321,3304.864342985964,6.787812325557591,Low
2,4,55,7.088036225706158,41,6,21.740738193642095,1913.5611194712242,1.0608888583237053,Low
73,2,32,9.245800315950941,71,7,46.221482316914695,6419.073014491664,49.44500925480864,Medium
18,3,64,3.914265888173679,53,3,21.01876387782555,1054.0295636695512,9.47002649880516,Low
50,5,95,7.450622952281383,48,10,1.8499789043856816,97.50960491042186,20.554993671315703,Low
11,6,78,4.282748455164332,84,2,23.584749672303968,1196.0507114557715,5.956593478372062,Low
2,6,5,7.197172714314158,49,1,35.570587942247975,4896.71868311144,1.2268470553069757,Low
15,3,68,3.731385804427411,98,6,31.8166392855188,1584.6192538612452,8.863497535696691,Low
87,6,96,5.312706324037908,18,8,0.06470121882344819,2.3486542432911697,34.83377403622585,Medium
86,5,54,3.705791489332084,76,3,32.99360828147051,1805.7425110399508,51.42470187323878,Medium
55,5,0,5.500039631366788,99,3,61.23003644326285,7996.929761207312,42.205912026276735,Medium
32,5,16,4.869057906545098,80,8,51.25047458196651,4790.818951606645,22.64009111973757,Low
46,5,54,6.6860919546698,73,10,36.51263031514516,2946.0823529039903,28.477485966980066,Low
89,1,29,4.824700849805378,48,1,31.233553787112047,2429.0250767205303,52.278717722317836,Medium
51,7,25,7.728632493348413,95,8,53.780243632840346,8080.383375185194,36.856754551649146,Medium
18,6,39,2.0854315166784225,32,1,14.864067770032083,628.939244016814,8.805319319163464,Low
70,2,96,9.467479554480835,19,9,0,0,28,Low
83,4,58,5.317476260272143,59,8,27.115085657240307,1752.7384301218422,46.70331265730567,Medium
35,6,22,6.38749817154985,96,1,57.20925549069683,7144.145947294554,26.013943653046333,Low
75,7,16,8.508146512101838,48,5,34.3786847160436,5013.266689087472,45.470408122219624,Medium
48,6,0,7.438553837885065,52,4,37.72053168963321,5687.202206471017,30.063513126614367,Medium
1,6,3,6.392687733041254,48,1,36.47086449542658,4477.027539746039,0.6188251869725595,Low
69,6,90,3.5955612951516835,13,6,0.60458992382005,22.285267623637917,27.850300228461503,Low
69,4,6,5.527013193925029,92,6,57.585198592005845,7060.75985729916,51.440272217090424,Medium
54,5,68,4.706914852184921,53,4,20.857725470465013,1166.1643677452234,28.357903052430665,Low
74,3,96,7.863030337958374,89,3,5.492070724879415,283.8255924220866,32.03847940184646,Medium
72,4,31,4.158119961104202,33,1,20.419792070152116,1362.9894907759758,37.62135017430572,Medium
41,5,74,3.7071419776333334,25,5,7.074134833252669,277.77323099458386,18.140237168980157,Low
55,2,3,5.292553812368186,86,6,57.37617823945682,6376.625706040345,40.934138819020745,Medium
2,6,84,2.06036955177149,72,9,7.1709250833046525,264.1930161124766,0.8860511009996559,Low
39,5,13,6.631864230996852,30,7,23.575570065163948,2493.5368995817043,21.116683395248366,Low
100,7,1,8.653265403980942,20,4,17.973102130364126,2447.8098979142906,50.783861278218474,Medium
19,6,59,2.5800903527153176,77,3,25.65671169092685,1190.684995368139,10.524865132765662,Low
25,5,15,1.7398175305234842,40,9,18.870469998968474,830.8632439168273,12.83057049984527,Low
25,3,30,7.172783301676829,90,4,52.9900235657086,6668.523078221205,17.94850353485629,Low
14,2,99,6.234445598840849,72,8,0,0,5.6000000000000005,Low
79,4,67,1.9724551695494674,66,7,14.420083776110918,572.4926181117639,38.435119709876574,Medium
78,4,62,1.9599325396909424,47,9,12.037596932598834,477.3671967640992,36.83359536445626,Medium
70,4,98,6.641594620191906,83,1,3.8157137215231267,191.4095975105028,29.602599763039713,Low
17,7,41,3.1910201698012624,13,5,6.375290603962993,312.01221562221076,7.450279641604226,Low
93,5,38,5.22499993837586,60,2,35.692034874914704,2796.9816638838706,57.11615546020241,Medium
69,5,25,6.484852113169658,70,10,44.9451820724043,4868.943692739814,46.20730537797538,Medium
65,3,10,6.639387865079772,89,5,58.421847309664734,7892.166831550947,48.78452045076925,Medium
45,3,10,8.135643542801795,59,10,41.83531401883756,6028.0492651773375,29.29553478508614,Low
89,2,72,7.3551775436135145,71,2,25.79894879886285,1997.0271408150904,49.37663865859276,Medium
19,1,45,1.4070732849115837,46,7,8.565322136676604,323.1826781979332,8.576446723581133,Low
100,5,65,1.3508297204791377,14,7,1.6757721583661818,60.926830651783234,41.00546329501971,Medium
4,2,20,4.809922288065254,17,10,9.206213772253458,585.192873356212,1.820949130534083,Low
65,5,96,2.157384879829104,84,7,2.0603791508656295,75.1829453603556,26.803547868837594,Low
54,3,21,1.800196804042294,21,5,9.034721421267918,360.3832575550022,24.527249740490806,Low
84,3,94,3.2678090954427916,99,8,4.566303448077267,169.93462566609855,35.901416937830945,Medium
42,2,28,8.308644431379118,10,3,7.4099051181392,690.2754172116108,18.667296089771078,Low
66,2,51,4.805674518198573,63,5,30.820222372789907,2042.9780625621415,38.60480805962481,Medium
79,3,80,3.4557502752112406,67,10,10.983846792528135,456.92751623332396,36.80634337965834,Medium
4,3,51,4.337441057983218,15,4,6.8264417059149265,325.3451666271982,1.7638346009419583,Low
90,3,23,1.2954701429815807,20,10,4.983967604822454,185.49467521941554,38.69134250660412,Medium
97,7,72,2.519534709755633,95,5,22.9660777327483,942.4814138798905,52.166257240459515,Medium
5,4,27,5.8185747851432845,69,8,42.215632351343764,4263.907158027445,3.2664689705403127,Low
33,2,69,9.435983146268399,90,1,38.30803901108266,3861.952626200381,20.78499172419437,Low
49,2,93,1.3582124787979444,34,4,0.16675509345130718,6.0532098922824495,19.649025997474684,Low
79,4,12,6.777543373692897,60,4,39.54730797922535,5141.4124395338995,50.345423982152816,Medium
24,2,70,5.037049014166223,95,3,31.758876519840967,1929.5815824540555,14.1732782188571,Low
99,4,99,6.249950014210708,99,7,0.28365771116612826,12.818566090083275,39.76849268043268,Medium
13,4,85,9.901601625301566,61,5,15.102379011467155,1292.4137400429663,6.377985562894438,Low
100,4,6,9.878997845731968,20,2,16.944685659966407,2712.9238367026637,50.16681139597984,Medium
85,4,65,3.708380260672935,58,1,22.772283538356717,1134.215458062914,45.613864604561925,Medium
41,7,50,5.6059184716219415,90,1,46.15520464121623,3638.195162532088,27.754180341739193,Low
97,4,65,8.385150631153,38,9,17.770442220496243,1368.5774488477716,49.142397372328816,Medium
74,6,59,8.520957899352828,34,4,18.891862332689705,1788.5662654114055,37.98798687571423,Medium
73,6,72,1.6223345373547713,51,4,8.673896694559582,325.29796285804093,32.9991667522171,Medium
14,4,84,5.917211257203241,99,7,22.840517597366247,1336.3158619814767,7.518603478178766,Low
43,4,69,1.6098886807084538,60,9,9.969236534200624,372.33524885272533,19.772063025823762,Low
18,4,82,9.996665495819961,46,1,14.420836570029625,1119.3617945197727,8.7574503495632,Low
72,4,32,6.45008058271241,36,9,23.517356587982277,2236.0059219282007,38.95949804600834,Medium
47,7,84,1.3277464549575193,10,5,0.4419229384552493,16.04180266592555,18.92462226864438,Low
8,2,88,3.6457445967800424,58,5,5.1655960987041825,202.15941895021143,3.4479486127378007,Low
73,2,14,6.1021125405837395,67,10,43.086063268089354,4775.7170073018015,48.07169571142314,Medium
86,3,61,3.6676441173326,20,2,8.750191946644746,423.4805541185999,38.91509904446869,Medium
57,3,33,4.735453626922116,25,6,15.220267390290633,979.1240201316972,28.005331447479396,Low
77,3,44,8.172170494435306,86,9,48.87312830844167,5415.111671874297,53.37938527850005,Medium
61,3,28,4.201775084231472,42,2,26.663814852236936,1802.0336858987862,34.15895623591872,Medium
1,1,0,9.550195215183015,26,2,23.05880279724051,3464.2657908080946,0.538352816783443,Low
47,6,85,5.677003038620902,50,5,11.582585483834327,644.6262322547252,22.066289106441282,Low
5,4,20,3.2972173563115836,41,10,26.534891666138883,1459.6552711015872,2.7960467499841664,Low
25,1,10,2.8622587742610923,45,10,21.175960934920397,1072.9223239445757,13.17639414023806,Low
95,6,62,2.847561380221764,42,8,13.146563757295539,568.9384857117661,45.49354134165846,Medium
19,4,55,1.892003753732618,75,10,21.40524730923267,871.6297381986957,10.040198193252525,Low
71,6,59,5.9043885399605145,61,10,30.518801021659783,2123.5627008109486,41.40100923522707,Medium
63,1,19,2.814558150612214,80,1,43.85963574598208,2707.9348934806317,41.778942311981226,Medium
41,3,20,3.307808225223926,31,3,20.629904484391467,1181.0157246672684,21.474956503160303,Low
78,1,71,5.114642739450883,70,1,25.917653104317456,1503.61848346687,43.32946165282057,Medium
99,2,70,5.535136448017897,73,8,23.084470941064332,1385.6697542017873,53.31217573899221,Medium
57,4,21,3.946758474549946,88,9,51.38484518984957,3968.644088161444,40.37361705492855,Medium
100,4,51,2.454334288150231,85,8,31.984789941276237,1454.90188277384,59.19087396476574,Medium
17,3,86,5.75512457378453,49,7,8.928805121458039,428.86404606935605,7.710738122388721,Low
14,1,99,3.9951703487664325,15,9,0,0,5.6000000000000005,Low
28,3,44,2.1066072817085137,23,8,6.995509248581037,286.40201500852686,12.375245553761616,Low
30,2,57,5.85322534615365,30,3,14.387428665153726,951.9869269731392,14.58973715972767,Low
65,4,54,7.088049250889513,93,9,44.75956368667003,4506.548420644828,43.45622983780131,Medium
83,2,7,2.970718931758242,57,4,34.12760736606163,2159.2900541677486,50.195548468298696,Medium
81,7,36,8.973356456462248,84,2,50.02334846428516,7299.169637915465,56.71134735364258,Medium
50,3,56,1.5274636501101504,56,1,13.9877867478449,524.1775406691216,24.19633602435347,Low
28,6,46,4.019003057435668,45,5,23.4154842336157,1333.255085069377,15.133801351247438,Low
47,4,27,5.379995003292859,78,10,45.732018945086736,4298.214263790248,31.69642934251446,Medium
21,5,90,2.469703661286587,37,7,2.31425832678618,85.65732478048126,8.69159654917506,Low
21,5,96,2.7381712186120026,10,3,0,0,8.4,Low
71,4,17,1.3079056228922645,15,7,5.121156833505617,196.18771920631013,30.581612811073395,Medium
92,7,22,2.3800955232532233,81,2,39.890458672511514,2228.385248245938,58.819533187226355,Medium
17,7,31,6.264845816121855,62,10,39.3441478176223,3974.5913847199413,10.813103077397475,Low
91,7,26,2.1884978180889902,93,6,42.71149041317808,2185.2486335028616,59.72047376559523,Medium
49,5,86,9.892490963416249,50,4,12.584926721440254,985.0883955942979,23.299968456103436,Low
53,5,47,5.558800679134611,80,7,41.04853824112229,3489.5478317075235,34.25343516067689,Medium
69,3,58,2.1287527545374476,86,9,25.044685292012527,1050.1963431082531,37.968499710893184,Medium
3,5,96,3.1979444980648344,37,6,0.4476825849964951,16.25087783537277,1.2080582865299372,Low
90,5,69,6.400992669585026,70,9,27.047171959636593,1890.0465039648466,50.60547285820376,Medium
61,7,68,5.445051718761039,30,5,12.513483556788719,766.2866247689183,28.979934981784673,Low
99,4,24,5.761528853200604,64,1,41.549631294373405,4176.918783507318,64.2804809888578,High
31,7,95,1.0069528408574109,45,5,0.7198054046153549,26.12893618753739,12.533883805258457,Low
14,2,32,1.684872976690962,78,5,29.504583507881435,1287.725437582694,8.078385014662041,Low
94,3,68,8.24468148807557,20,5,9.038261915034523,650.9464900389246,42.697579720079474,Medium
96,7,31,4.554918370828111,85,2,48.07176406027329,4064.452499307304,66.08933609871741,High
56,1,64,6.456618142694704,38,10,10.039594113309553,628.3477991646143,25.773303622072014,Low
22,3,66,3.669769244295331,74,4,26.56427136498874,1316.4327649857028,12.306483820178514,Low
4,7,68,3.5351830611998634,61,5,20.616212518183012,943.5607602827054,2.094789100436392,Low
88,2,38,5.049265888556161,40,2,24.46312325989795,1775.3285816898845,48.11652908122612,Medium
71,1,57,6.640285351201911,51,6,22.290724045001987,1554.2901912023328,37.89584844317085,Medium
39,2,43,8.673800700654125,60,7,35.20795096081414,4003.6924687286605,23.83866052483051,Low
77,4,0,4.7424544425559585,22,7,18.324272061659236,1469.2698068736968,39.26581369248657,Medium
1,7,44,9.038462589778508,20,10,14.543691364337866,1346.6495266570746,0.4872621481860272,Low
81,7,60,3.476984858292578,29,3,12.132570002022565,555.9374173615178,38.29642902098296,Medium
0,3,63,1.1214049615580115,62,2,9.967118168929472,364.42008941743825,0,Low
3,1,15,5.339712715979456,99,7,57.59583163951414,6207.474841847973,2.2367249695112545,Low
95,3,80,9.879115829960657,37,2,13.129820639739004,1008.3008834868617,45.483997764651235,Medium
93,7,40,7.529297342387248,18,3,13.376167244721493,1193.7086576527247,44.663901322554594,Medium
99,5,29,9.02514639439924,17,3,14.15308740342151,1475.545640983506,48.00693391763238,Medium
100,5,84,6.43313482256211,75,7,18.43938239576141,1094.7866794532515,51.06362943745685,Medium
76,3,51,6.347103595632459,96,8,45.635623861443634,4282.4890141406095,51.2098444808183,Medium
57,7,37,9.838919712194869,80,2,46.842345355193615,7326.650186490808,38.82008211147621,Medium
9,6,4,4.62979409145005,71,2,49.78479528895997,4675.381361661536,6.288378945603839,Low
31,7,82,2.00358813533686,51,1,8.271353155181112,315.512853306884,13.938471686863688,Low
75,7,50,5.617714298266208,66,1,36.45604900611963,2762.069867120752,46.40522205275383,Medium
13,5,44,8.013808919921344,70,7,41.47430885469073,4558.896717088543,8.434996090665877,Low
20,4,35,4.464733509222373,42,5,25.50255384759263,1743.0112794057195,11.060306461711116,Low
24,6,45,2.8210826891086525,46,8,21.23848734177014,987.0413860127802,12.658342177214902,Low
8,3,60,5.221372735403193,24,10,8.742428886404793,495.8957833185183,3.61963658654743,Low
71,1,79,1.9652834404476165,58,2,7.759741135680998,285.50269772196606,31.705649723800107,Medium
77,3,49,9.72805507690849,100,4,52.149979903196936,7055.3254089580105,54.893290715276976,Medium
31,1,57,1.9310704561808076,84,10,16.392340484153404,631.0368766226856,15.448975330052534,Low
100,5,2,8.213464617244819,63,2,45.53395070620749,7607.793270218501,67.3203704237245,High
25,3,85,8.40847577513773,76,7,18.64436905982515,1219.800297848618,12.796655358973773,Low
41,5,0,9.12195066241018,81,6,54.25164390873914,10850.62633119032,29.74590440154983,Low
19,6,6,8.210495036413889,35,6,28.484380321231743,3967.2916817593923,10.84721935662042,Low
51,6,81,4.9461567091300305,44,8,10.504761011735427,489.2613620737732,23.61445686959104,Low
42,2,76,8.44542046371414,18,7,3.632741297445642,239.05372770558776,17.7154508069563,Low
52,3,30,2.85879358209468,43,3,24.496859658847573,1272.9933119919908,28.443020213560445,Low
77,1,91,6.72720322149325,77,9,2.220660232198264,107.83741439525626,31.825945027275598,Medium
14,1,50,6.415093149451844,45,8,20.747991496932727,1560.1135724336477,7.342831285742349,Low
85,6,55,3.28590523708481,22,4,9.799738054860066,438.95306828414635,38.997866407978634,Medium
61,4,83,4.351660284216628,84,1,18.037259307971865,866.4338609579983,31.001636906717707,Medium
90,5,51,5.686237497993642,92,6,46.90531196024544,3697.003845307789,61.32886845853254,High
49,2,82,4.216274800153957,44,7,5.8151668161816445,247.51022817639472,21.309659043957407,Low
90,2,46,5.698385347444205,63,8,34.26299137836183,2677.2278168712814,54.50201534431539,Medium
85,7,68,7.251992855664472,60,1,26.345158710588297,1995.2629688248976,47.43603094240003,Medium
97,5,16,3.6551726462635736,99,8,54.8726450881042,4478.860133322653,70.73587944127665,High
91,3,38,5.914173031570553,39,9,24.487572071518695,1824.0775694523672,49.770214351049205,Medium
25,2,67,9.509223115761055,67,1,31.54415584276004,3326.636146309013,14.731623376414007,Low
72,1,10,5.959953986589671,60,7,37.842189910758115,4055.183939091797,45.1478260414475,Medium
56,2,35,1.3333469170572374,11,3,2.4690862321587903,91.33580911845112,23.229612974005356,Low
23,1,59,9.27242014007656,35,8,14.36183802473143,1222.5091235568088,11.181933647412938,Low
10,7,30,6.790055183159221,66,3,45.69848903464461,4799.476830852863,6.741909342078676,Low
74,7,46,5.5098007679006065,40,10,23.796391344718284,1700.719046556907,40.16559775705492,Medium
100,7,44,7.492866032689633,95,9,50.106749391398104,5952.435129246,70.06404963483887,High
38,7,35,1.8760517099587803,68,8,27.506542812248703,1180.0022128178819,21.471491761192706,Low
12,6,98,4.4501286391045065,46,10,0,0,4.800000000000001,Low
80,6,0,4.4430422145679,74,1,49.540788493820486,4983.637926712528,55.77957847703384,Medium
22,2,84,3.8252560081956495,69,5,10.970050062049728,458.7839491588448,10.248046608190565,Low
26,2,11,7.112222749186855,79,6,50.94311671570442,7256.86960329435,18.34712620764989,Low
87,2,50,6.204347285159411,30,9,13.608653691194053,1019.6086441781447,41.9037172268033,Medium
83,2,54,1.331976359392674,90,2,21.139072555138885,809.4576173081299,43.72725813245917,Medium
13,3,95,9.372949387687079,36,2,2.647644365067118,166.72357421565135,5.406516260475235,Low
52,3,46,8.365071462680373,72,3,39.50868244672819,4909.889748854187,33.1267089233792,Medium
3,1,32,5.937719839493323,29,4,18.02585993901694,1383.9389593444876,1.524465478902305,Low
93,1,28,7.162524883828489,40,2,28.03903625919391,3000.413543190008,52.84578223263021,Medium
69,5,0,2.074505396102374,17,4,10.162831743851513,492.5641070063304,31.807412341954528,Medium
33,6,20,2.9798812998638553,16,7,9.751317034295646,508.53165671140414,15.13076077279054,Low
14,1,36,8.35109947518196,18,6,10.852280423992154,977.3969424741399,6.511591555615341,Low
38,3,52,9.655443435791103,37,9,20.82191037101385,2153.4754371443296,19.947395564591158,Low
69,2,63,5.479722339545569,96,4,35.79349917881723,2609.028161678619,42.418508660030334,Medium
21,5,73,1.891114095993343,70,6,12.551538782408159,473.1979486656669,9.981493886583428,Low
28,1,14,9.848341979863346,29,2,23.373065339093113,3362.5943860513617,15.126674976967644,Low
59,5,6,5.01879605189465,42,5,34.73959680694174,2901.882005255899,35.89781726965738,Medium
66,6,5,3.9138834894393604,42,3,30.068400775926033,2271.925708829315,38.30708670726671,Medium
3,1,31,2.824278917476051,69,2,35.06563032987097,1903.926740373555,1.8311813459376776,Low
95,4,72,8.042914078257592,85,6,32.78620749061569,2780.3887000483364,56.68813826965094,Medium
93,6,29,8.720579934467832,84,4,52.54072586650247,7861.417832029824,66.51772503350838,High
8,3,25,4.937123607997309,35,1,24.17038063067168,1807.6310252173998,4.3601782702722405,Low
99,1,6,1.9845416650554766,89,3,44.677389667813856,2328.249682264429,66.13836946268142,High
23,1,58,8.407851126980324,63,1,33.55250178963901,3157.122151930065,13.830245246970184,Low
88,1,2,4.546157609442667,71,6,43.61872006478747,4200.857516939106,58.23068419420778,Medium
58,3,95,2.7806379520368347,43,3,1.0942735768238838,41.37453769681276,23.580807204734715,Low
2,6,9,8.857899736759402,50,6,41.443631037330434,5848.189178094026,1.2973235724479653,Low
25,5,30,5.086822381198164,31,7,21.497789037828635,1540.7779050569375,13.224668355674295,Low
19,4,47,8.185785445008074,50,2,31.801541503187828,3275.6928668607115,11.225375731363412,Low
59,5,4,1.7553113562036846,16,10,7.847347743522024,310.6104743637564,26.377961101206797,Low
48,4,39,4.304465458173119,87,8,42.79535099698793,3255.45003549076,31.525061087132524,Medium
5,2,19,8.036009175466951,82,7,52.34333625394792,7720.599453769279,3.5703000876184374,Low
37,1,47,8.92809785143428,43,2,24.816542447744887,2735.9890577144565,20.309272423399364,Low
14,5,97,4.43136371427423,81,9,0.8913136534660129,34.034121036819144,5.6748703468911454,Low
90,4,14,5.497904930122883,10,3,7.652557754447505,535.7598978176113,40.132381187401656,Medium
71,6,56,4.5840014015678126,87,2,39.44935469822263,2597.604966168472,45.20542510144284,Medium
47,2,77,9.39367489514618,53,7,17.535469918352845,1388.110583762905,23.745002516975504,Low
8,1,29,1.5162465861008863,68,9,19.22571945069853,741.777281886712,4.1228345336335295,Low
2,1,63,4.903766043594835,76,8,26.053024873125405,1506.1684110957885,1.112636298477505,Low
23,3,69,9.707345917672459,39,2,19.198531607037207,1707.0869994712766,11.849397361771135,Low
57,2,43,2.3464266070055695,93,6,34.70982589549307,1651.7566031707602,34.670760456258634,Medium
72,5,7,1.2976009812999094,99,8,39.54273624576107,1719.564777707418,45.882462058168784,Medium
81,3,23,3.65079858926856,24,4,14.703395330905282,964.7614962814383,39.545850130819964,Medium
89,2,78,2.7293421683568067,63,6,10.202786427141138,403.96056007276366,41.04828795209337,Medium
29,2,86,1.6863252833238551,78,10,3.721327478277912,135.19006162882334,12.247510981220358,Low
74,4,72,5.05056802942094,29,1,9.392226994772292,530.9438062770545,33.7701487856789,Medium
2,1,78,4.9511616870924735,35,10,0.593977862235258,23.829353937032124,0.8071277343468232,Low
14,5,7,6.107651399060316,51,9,35.68414353730498,4090.7967387992676,8.59746805713362,Low
13,3,88,4.271316715309339,95,5,14.566773077617256,621.2591874237716,6.336208300054146,Low
56,1,54,3.7954923788586363,48,9,13.161424494687534,605.7127233280966,26.82223863021501,Low
37,2,17,9.535823199461737,43,4,32.9705788999337,4772.815131638587,22.119468515785282,Low
1,5,2,5.088368537087908,18,1,14.348575326824047,1296.6718191068164,0.4860914519609443,Low
84,5,81,7.2444973141172335,12,9,1.7813221534267487,93.77998358439031,34.49778636532708,Medium
42,3,0,8.000522764681229,62,9,42.665729064308316,7118.013671680905,27.551763724205696,Low
6,2,14,9.322956469587746,52,6,36.35042285789948,5973.753132020005,3.7086152228843816,Low
82,7,11,2.239416391267971,52,9,29.73208847897826,1464.2812922000726,47.42818753165731,Medium
44,2,30,7.920632638140145,55,2,37.48919090195419,4568.001416033639,27.497146398115905,Low
14,2,41,2.5526907018343667,64,3,29.137176951900056,1367.3196016979994,8.047522863959605,Low
97,5,81,5.7448127874936805,94,7,25.2832786973853,1447.1048876743473,53.514868201878244,Medium
4,4,51,5.309860153002548,59,10,31.43414604605321,2153.6671349870185,2.354419505105277,Low
88,2,11,8.385985364039993,15,5,13.656349177852729,1511.2113169512556,42.41055236590624,Medium
6,3,69,3.4106675411189156,86,7,25.445960287001277,1219.3988517623122,3.3160545703320463,Low
98,1,23,5.859210487622069,28,5,18.057788120942657,1459.5610408116133,49.81797941511429,Medium
74,3,22,9.579542556903196,56,9,39.560587364670496,6048.26334685914,47.1649007899137,Medium
54,1,68,1.0722366846693148,16,4,0.34250039480881117,12.432764331559843,21.710970127918056,Low
80,7,97,5.046329608564427,79,4,3.537978988203007,153.9436745841546,33.698229914337446,Medium
84,7,32,3.876332629504104,43,1,26.246709715612244,1690.2530800585673,46.82834169666857,Medium
8,7,87,3.9076900952757154,79,8,11.198589451664533,479.8312207730542,3.737532293679898,Low
67,7,99,3.8115439558811604,59,9,0.06807698091742102,2.471194407302383,26.827366946328805,Low
40,6,52,5.661129617119386,22,9,10.603496149897909,725.2189768793265,18.5448390759755,Low
22,6,90,9.29976999169151,70,1,15.000083596186315,1120.018635566966,10.780011034696594,Low
98,1,87,6.354494816571531,13,2,0.06377293774089181,2.3149576399943728,39.23749848739165,Medium
56,3,24,9.239723434758847,22,7,17.189205008507216,2105.3058040681385,28.175572882858425,Low
17,4,48,2.669356865573454,45,6,18.931209556347635,849.8191052750662,8.73098337474746,Low
39,7,50,4.210704316602293,59,10,31.27258938809653,1887.0490883545413,22.91778591681459,Low
0,2,62,3.2705123743081437,39,10,10.503171761588847,442.59789181495574,0,Low
31,4,84,4.579099330403112,37,3,8.60214959608448,371.38793332033043,13.999999824871713,Low
81,6,56,4.539413369084032,19,9,9.248789145211077,486.5758723306749,36.894911524572585,Medium
18,5,73,5.783056487925505,17,3,7.117399218613384,436.3332315696781,7.968679115610246,Low
95,1,53,9.314763955468349,63,8,31.449908637063146,3495.853941620918,55.92644792312599,Medium
7,5,6,8.679036291999362,74,8,50.56053772468939,8909.398258310319,4.923542584436955,Low
66,3,11,3.0852414029017194,39,10,25.452484821579954,1406.559973405613,36.479183989345664,Medium
80,3,4,4.59009143107378,89,7,52.24872653780913,5702.403916943078,57.07938873814838,Medium
90,3,7,2.7395388741194644,63,5,37.40918565260946,2306.6386265185047,56.200960252409104,Medium
93,4,15,7.487293642996814,32,1,26.153710676003357,3137.9371452387763,51.793770557209875,Medium
83,4,76,6.224185654988024,65,6,21.37863703929642,1339.9529703812277,43.84656124556962,Medium
99,7,13,5.452479770636278,50,4,34.99188643743629,3545.0257804641806,60.385180543837166,High
8,2,42,4.855981306327582,73,4,40.40120824327197,2972.4906196291945,5.139257995677054,Low
98,7,5,9.562707107185235,21,6,19.633236185566716,2851.82111720659,50.74434287711323,Medium
55,3,9,1.8707657846177839,81,6,40.235217490138396,1947.2412488818752,35.27762177174567,Medium
45,7,68,6.96372280495799,69,1,29.64558690760995,2295.4532770521823,26.004308465054685,Low
79,3,95,8.16138424213474,60,5,4.260265596801405,227.99850874975098,33.61936589288387,Medium
83,1,24,6.071611539941193,69,3,41.97932910725064,4395.852672595894,54.10570589541082,Medium
55,7,28,1.6018391051878915,41,7,16.84348969686209,672.3794704376178,27.55835159996449,Low
14,6,81,9.458257808437063,63,4,19.178450638698184,1565.3117080389225,7.2109898536506485,Low
44,2,96,8.777952576342516,85,3,3.9773863801358083,240.81287823789248,18.650030004355855,Low
57,3,55,5.2384654409880875,53,7,27.12896912062392,1684.9232926006532,32.07810743925338,Medium
69,2,7,5.4679583937098855,25,9,17.797243482335503,1536.0542409504674,34.9680588016869,Medium
57,4,8,5.5389765072702035,98,2,59.98801822735559,7473.283682907477,43.31590223375561,Medium
23,7,64,2.7191498184521357,83,1,27.09678892904636,1196.6073001707728,12.9393568722084,Low
26,1,12,9.051980605616631,54,7,35.31913951587396,5428.848139990542,15.909785764476338,Low
51,2,93,5.338274269427731,72,5,5.62075767410193,261.45107845739,22.119951848275193,Low
40,4,66,4.188933600996437,45,9,15.624963300179491,820.7176001231862,19.749991192043076,Low
76,1,55,6.028804890773182,93,1,42.78720469308596,3676.9330310421074,49.9109653400472,Medium
45,4,46,5.174691201802735,49,5,28.136491517835104,1934.0125767560496,25.59685270981548,Low
35,4,84,3.9829971208374544,14,10,0.1922584637623459,6.978982234573156,14.040374277390093,Low
54,6,51,2.630271865660012,23,7,8.894819467209148,378.4148449024392,24.481921507375766,Low
79,3,21,8.007862914269193,79,5,50.297694283909564,7412.648276437482,55.441107090573134,Medium
38,5,42,5.970210885723649,85,8,48.52264615724663,4147.3873353841855,26.263163323852233,Low
36,4,18,4.5644380998887835,38,5,27.041980910026755,1986.099053281664,20.24106787656578,Low
16,2,13,2.30164750292779,18,4,9.9812595055415,434.11126035856375,7.358200912531984,Low
15,7,13,7.226433026896113,44,6,35.625545198180816,4076.008116560333,9.206299067836273,Low
50,1,35,6.56946578844762,76,2,44.08912474808757,4714.063231853057,33.226737424426275,Medium
84,3,24,3.4179052684410682,69,6,40.4445362489549,2536.124086186546,53.98404626947327,Medium
22,6,75,1.3165180008304302,53,5,6.814445304249103,247.90968063299616,9.699506780160883,Low
31,6,66,1.577584515129715,53,8,9.824344306064702,362.00787509468205,14.227328040928034,Low
54,7,73,7.955715330098573,98,4,37.46886293766307,3283.1041752339142,33.73991159180284,Medium
60,1,95,3.870256404367858,58,5,0,0,24,Low
6,5,25,7.520885939885772,77,5,50.696209371180814,6466.6260160054235,4.22506353736251,Low
58,5,63,2.9108662182470746,96,7,30.470541566136717,1384.74803295853,33.80374846501558,Medium
72,2,97,8.824877454239358,48,8,0.2111214857245474,9.85250638064918,28.891204481833004,Low
26,5,1,9.185229647111527,94,9,59.92155730052415,12403.1343269635,19.747762938881767,Low
85,7,33,9.925373841635137,85,10,53.5818642283226,7922.5667308507,61.326750756444525,High
51,4,23,2.1535965775418817,53,9,25.696157292283072,1151.6295136514339,28.26302413143862,Low
81,7,2,8.668505515738776,34,10,32.249835119163365,4341.678087105045,48.073419867913394,Medium
66,6,7,6.330239638697903,38,3,31.61340655281967,3259.4601091708364,38.91890899491659,Medium
24,6,89,9.787795003371471,62,9,12.822288480850824,921.0233671742171,11.44640954124252,Low
56,3,58,1.2618363846567089,90,8,15.975606325141841,599.2954402434517,27.76780372524766,Low
27,1,25,4.030425219829313,73,10,36.10374395589296,2565.297831143124,16.64880652085466,Low
72,3,97,6.742333778357848,89,1,4.606408463760845,227.44124089401498,30.789968456344685,Medium
21,6,47,7.653222159819341,31,8,19.59887044769156,1819.1398951037427,10.869457676409137,Low
19,1,60,7.373024607952619,74,9,30.18856517688232,2450.1846640919766,11.041496430164585,Low
0,2,47,3.909458545766956,100,8,43.31164393108519,2718.3681642304828,0,Low
15,5,83,9.9185373553498,17,10,3.2025590185520887,223.10937056516926,6.288230311669688,Low
78,7,49,9.695740521539618,22,4,15.701638415945986,1591.4282572876239,38.548366778662725,Medium
100,1,78,9.118293712646128,67,8,16.395800573580708,1220.7457807406242,49.837480344148425,Medium
35,2,97,6.73872277756439,53,5,0.02524599432906671,0.9164295941451215,14.005301658809104,Low
59,1,97,9.585940095526485,21,4,0,0,23.6,Low
71,7,38,3.1174039320311904,20,4,11.507836872158704,618.5334062574441,33.30233850753961,Medium
29,7,7,2.474385609295613,52,2,32.938050400941044,1779.0522302255172,17.331220769763743,Low
44,5,38,6.773588759874597,56,2,36.96477856129369,3636.26913336707,27.358701540181535,Low
17,6,48,1.9667556006123452,83,1,28.568376856121876,1221.4985262328373,9.713974439324431,Low
24,5,68,1.5964222189824941,91,10,16.158784980031275,610.7431432613863,11.926865037124504,Low
11,1,50,7.437889378080748,12,10,0,0,4.4,Low
44,4,36,7.619533134690895,88,7,51.973327122311204,6220.578557731962,31.32095836029016,Medium
6,2,84,3.4030704981250888,54,6,6.522948908117637,258.057069725927,2.6348261606922354,Low
36,5,45,1.4471248225610451,81,2,24.67136324777183,980.3117661079415,19.729014461518716,Low
10,7,37,4.49450321767958,13,7,8.11271664430107,458.80945277985313,4.486762998658064,Low
44,3,41,8.198459137075801,30,3,20.503415271813438,2103.452247731438,23.012901631758748,Low
66,3,49,9.953505389736765,85,6,47.846094756288565,6169.281839352227,45.347053523490274,Medium
27,7,88,7.707120822288245,45,4,9.882186502946253,577.8310767456553,12.400914213477293,Low
57,3,53,9.728167013800613,31,9,17.874626837073446,1711.012515555535,28.91312237827912,Low
89,1,97,7.902679849468354,63,10,0,0,35.6,Medium
40,1,92,5.008679636302515,32,2,1.3154372509167558,61.384065256195875,16.315704940220023,Low
82,4,97,3.912751205335878,59,8,0.07887024618030808,2.8629899363451834,32.83880416112071,Medium
1,3,1,2.545228436472901,76,1,45.21014732078052,2854.5874114325397,0.6712608839246832,Low
76,6,78,1.5604655732844066,80,6,9.764142534692152,357.21564399884346,34.85244899581962,Medium
36,3,17,1.9573453398570153,12,4,5.431366916914106,223.94487751635484,15.573175254053448,Low
62,3,31,4.459750265336236,65,10,39.91381213581313,2751.9324378987585,39.64793811452248,Medium
64,4,74,5.519264405319969,29,2,9.137744113983732,562.7111942625496,29.108893739769755,Low
57,7,2,6.480559160373813,69,10,49.885438449206525,6452.643473718907,39.86081994962863,Medium
55,4,68,5.691589191629259,99,4,41.023487373103734,2908.0314441061396,35.537750833124235,Medium
86,6,75,3.8841786226930695,81,8,22.596840697467382,1076.4747009700868,46.05996979989317,Medium
21,1,68,7.688541286315683,75,3,30.60359833274926,2406.044987472409,12.256053389926407,Low
70,7,34,3.10957070889885,81,1,41.87837324277801,2510.739031169607,45.588916761966765,Medium
27,4,64,9.759621757790635,26,6,14.448324894320352,1330.3585153144677,13.140628632879897,Low
19,7,17,3.442544057386585,89,10,49.16614030880802,3632.169288842105,13.204939995204114,Low
16,1,58,2.5617629627979337,65,2,20.957991118417333,950.0492860875672,8.411967147368063,Low
90,7,43,4.574565873791599,34,7,20.852976048050348,1314.4107679625124,47.260607065947184,Medium
26,4,2,6.984353627452714,17,7,14.693349020622824,1558.4509258603823,12.69216244721716,Low
7,4,96,3.505319950205873,99,7,4.6674316448533455,181.3319949782733,2.996032129083841,Low
22,3,96,4.700920595479706,56,1,2.5464212958064176,102.6065818451352,9.136127611046447,Low
30,1,7,9.720171932244432,16,3,13.760999291028824,1894.2247789730297,14.476979872385188,Low
59,7,87,4.38325562495389,40,10,5.916671278010582,266.09592143380286,25.694501632415747,Low
19,3,2,8.984838699159315,37,1,29.589517145023372,4889.03319619882,10.973204954532665,Low
61,3,48,3.1463717909612448,44,3,20.958457589669273,998.7050558929102,32.070795477818955,Medium
58,3,54,1.598987884226259,77,10,18.112697775269265,712.6770469881693,29.503218825793706,Low
19,3,62,6.408269262188668,100,2,43.186464088849654,3643.407980358081,12.52325690612886,Low
5,3,81,3.9410636381648394,96,7,21.40240692206782,914.310939427029,2.6420722076620344,Low
68,4,24,5.599602311415134,99,6,55.71965693159263,6129.502484399534,49.93362002808979,Medium
29,7,3,1.8504218901095226,89,3,45.89536915487614,2366.863632792535,19.585794232948448,Low
100,2,74,1.0094602047630357,72,9,4.9139089833698835,179.22693733823098,42.94834539002193,Medium
56,4,29,3.5924813422066992,56,1,32.62633701226281,2203.3737308214572,33.362449236120305,Medium
52,1,44,4.868466805312963,94,7,42.31820724062771,3269.679904374726,34.00328065907584,Medium
38,2,20,1.3647111421632911,100,7,34.49254545405476,1471.2707669451343,23.064300363524488,Low
85,3,54,3.8031926645327365,92,6,36.9905881330301,2206.121927057803,52.865199947845355,Medium
80,6,64,6.90872581208938,78,10,35.84550266316325,2850.370170144783,49.20584127831836,Medium
54,7,19,1.2107093235385447,86,2,32.73616800114849,1314.0128758369633,32.206518432372114,Medium
71,7,29,2.530768875739195,40,8,22.01858219297009,1043.9145675962484,37.77991601420526,Medium
43,7,14,8.157200703141166,21,7,17.579414148894145,2174.5249912060126,21.73548885041469,Low
85,4,84,3.786298656456091,70,2,14.078345499913386,621.1605083730424,41.17995620495583,Medium
55,4,84,2.836023256520626,64,6,9.295427935687524,369.2830900590283,25.067491218776883,Low
72,6,25,8.83558711894053,31,8,23.997670415772934,2842.4676322708706,39.166993619613905,Medium
5,7,50,1.9371021173707157,54,6,19.35050708052827,792.432518362536,2.580515212415848,Low
17,5,38,1.8652526920813408,67,2,26.378896733442478,1116.701174442416,9.490647466811133,Low
43,3,5,7.874776928905438,76,2,51.83210741973447,8349.236106228318,30.572683714291493,Medium
54,7,79,3.1089541128120053,79,3,19.8123724698534,845.3428168751931,28.019208680232502,Low
42,6,40,3.8590327373817743,16,9,8.519641162946959,430.07299640995404,18.946949573062636,Low
94,7,42,8.29209781860554,68,8,42.756017875264604,5103.222360104466,61.71439408164923,High
27,1,67,7.6257949402140985,54,9,18.382903463674335,1334.3249778451689,13.778030361115242,Low
41,7,79,4.725740752622345,27,10,6.587015870817496,301.60426471561897,18.020405904221107,Low
0,4,36,8.30137133876911,45,5,31.140821119172262,3485.109182718474,0,Low
33,1,82,4.371315417414736,81,4,14.497014734355233,641.314005901477,16.070408917402336,Low
26,5,69,9.67701883189405,51,10,21.428265475686235,1966.8921393555368,13.742809414207052,Low
18,6,25,1.501905661336921,82,2,31.846607163413328,1342.4735790959921,10.639433573648638,Low
76,5,16,3.7689796387590966,92,6,50.34794960420441,4208.754239176713,53.35866501951722,Medium
90,4,33,3.6400016707933878,63,4,36.88041134920997,2306.8040868163707,55.91542212857338,Medium
2,2,19,2.7600669521834207,68,6,33.87969979013577,1997.2453537565982,1.2065563974816294,Low
70,6,56,2.4702922760600066,42,10,13.384395956571593,589.02185129688,33.621446301760066,Medium
30,6,16,4.740363361397813,38,9,26.014584184727887,2075.75154022251,16.68262515325102,Low
51,1,85,2.3165180797041005,45,6,0.5330557714593404,19.34992450397406,20.563115066066562,Low
73,4,45,1.9697461652057728,67,9,23.80992956270514,991.2281530913526,39.628749148464856,Medium
86,7,72,3.6161300430269288,88,1,26.070154117083007,1298.0041923742117,47.85219952441483,Medium
10,3,29,3.8867188381300464,62,2,37.090681260792955,2494.908475365117,6.2254408756475765,Low
6,3,85,7.252739539092924,96,1,22.796146268490673,1480.186651255605,3.2206612656656644,Low
43,5,53,7.708604780202645,10,2,6.488064233999149,525.80368342818,18.87392057237178,Low
96,6,81,9.299292388136369,85,4,26.138214168129778,2194.5732441586283,53.45561136084276,Medium
46,3,56,2.0842275026114776,35,5,9.913198785249683,394.3621529680069,21.136042864728914,Low
92,3,5,6.078935212349272,84,5,54.66910188777602,7309.984977380141,66.97734424205237,High
95,3,38,3.0925221170133192,81,7,40.06484791061062,2192.5160039464376,60.83696330904805,High
15,1,20,1.3558005321340425,80,1,30.629490808752458,1289.5928684973808,8.756654172787721,Low
57,6,65,1.4595981126645314,66,9,12.073085141585553,443.9819681258526,26.928995118422257,Low
21,6,95,1.7704078020116318,43,8,0.5306674309992566,19.263227745273017,8.466864096305907,Low
17,1,61,3.754377342424927,54,3,20.1185374309173,1029.261441622085,8.852090817953565,Low
91,3,79,1.0326206090131897,38,1,3.2491788272037243,117.94519142749523,38.17405163965323,Medium
85,7,82,3.7296834243621317,68,5,15.326562324592706,669.2017630747921,41.81654678554228,Medium
5,7,27,8.405538593340708,41,10,30.682220466760395,3680.838672227193,2.920466614002812,Low
8,5,51,5.668660007628875,79,1,39.96125227356852,3250.2582080739353,5.118140109131289,Low
60,4,20,4.981850439127175,65,6,42.396861183744214,3826.6469468860364,39.262870026147915,Medium
24,1,51,2.5864482304306833,61,1,22.925839858296015,1035.730907937022,12.901320939594626,Low
38,5,25,6.962522063101,81,7,50.28950914845405,6222.605577549945,26.666008085847526,Low
54,1,19,8.672239305133324,26,3,19.55199172782263,2405.2942452377556,27.934845319814535,Low
57,1,72,1.4129039549589855,89,3,12.43078209875762,458.66867962617414,27.051327477775107,Low
72,7,92,2.890439236175483,11,2,0.7826420910554176,28.40990790531166,29.13810138333594,Low
83,2,3,2.084942399811359,92,7,44.74103210999971,2529.1251724472395,55.48103399077985,Medium
19,4,36,7.275034701137411,14,5,9.508014092728997,907.32931224607,8.683913606571107,Low
97,6,10,9.627520603287634,91,3,59.36877126880569,11490.098897490472,73.35262487844491,High
78,6,16,7.677405447894059,25,3,20.217254386453302,2384.1274794533833,40.66167505286015,Medium
70,1,14,4.235094753333271,100,9,51.51013060191308,4756.254629527413,49.634254852803494,Medium
34,3,63,9.016839026404762,86,4,40.02891672781037,4115.416836473083,21.765899012473316,Low
33,3,98,7.794531956964338,91,8,0.1930764213512493,10.153216268812114,13.238229131427548,Low
39,4,95,6.909185152217155,94,4,7.414187895853893,387.4344477098243,17.334919967629812,Low
66,4,46,9.958728208840556,83,7,46.756228201167445,6397.222964801663,44.91546636766231,Medium
85,5,78,7.086485575911299,51,10,15.346302307791863,1008.3264881646783,41.82661417697385,Medium
8,4,3,6.184626634317311,16,9,13.513243095304901,1272.001248307109,3.8486356685746355,Low
94,5,14,4.172916323836347,100,10,56.28420596993718,5097.347883081859,69.34429216704457,High
11,7,68,7.172535345755321,12,5,5.824801645749964,328.46663317396593,4.784436908619498,Low
63,6,66,2.8268437435186664,90,1,28.35921242689002,1337.3731137678674,35.91978229736443,Medium
100,2,89,8.796098797317962,15,7,0,0,40,Medium
93,6,59,3.4147588351577225,61,2,25.38420161022528,1272.5594665523981,51.36438449850571,Medium
97,3,38,8.238792222472142,34,1,25.172829557032358,2672.691791927775,53.45058680219284,Medium
85,7,17,6.765317078088223,78,8,52.004593251526565,6284.394196993631,60.522342558278545,High
71,3,96,6.011893566457952,47,3,1.8831938484820254,87.19577056003511,29.202240579453346,Low
29,1,57,4.39547870159071,25,5,6.91140550058604,314.44928539955725,12.802584557101973,Low
24,7,62,8.848055774736151,96,9,44.654524613934534,4671.908451502278,16.030251544406575,Low
68,5,27,5.466191277923318,75,9,45.734356629878334,4324.410427273092,45.85961750499036,Medium
70,7,54,4.777736102616972,97,7,42.298234345179665,3062.983435057553,45.76525842497546,Medium
36,4,18,2.652202427312673,78,4,41.41179586601471,2540.5452922155782,23.344947907059176,Low
3,5,64,6.530026420071207,34,8,16.2987749953371,1029.6012878723564,1.493377949916068,Low
50,7,72,5.823256688687586,19,8,7.387303412703414,414.4981237352292,22.216191023811025,Low
31,7,35,2.423390048990508,66,4,31.22061790160752,1552.2468220102814,18.207034929699,Low
24,2,9,6.910460851040558,84,8,51.44505555312361,7584.380948758223,17.008087999649803,Low
68,2,4,3.142785706033554,83,1,49.89403074035405,3661.195800438955,47.55676454206446,Medium
91,7,90,2.23226154493996,13,10,0.0693286375808713,2.5166295441856277,36.437853436119156,Medium
99,2,14,6.789126723333571,54,6,39.33906042584572,4389.654638282052,62.96740189295236,High
9,4,86,4.29625721875148,48,1,9.237909817823505,403.7685434849729,4.098847130162469,Low
26,1,73,4.10895847433675,11,2,1.9594778236173018,87.202332170923,10.7056785404843,Low
90,2,61,9.710212044345967,35,6,16.99765362005049,1627.7726627754273,45.17873295482726,Medium
51,4,7,3.968888663027304,24,4,18.645243871635135,1226.6721254099164,26.105444624720352,Low
41,3,57,7.036861318182183,21,7,10.551398040127731,764.0116560485832,18.995643917871423,Low
96,2,46,4.21854069411255,79,8,35.51202058087825,2321.1221588491508,58.85492385458588,Medium
28,4,26,5.664866603988722,13,3,10.314325596303682,755.3508011229408,12.93280670017902,Low
11,6,2,1.2656581467224952,26,2,12.699590070737358,491.06139145050287,5.238172944668666,Low
87,7,78,7.7022122364558765,61,7,22.79651907122736,1643.4643257416426,46.69978295518069,Medium
98,2,22,3.507585961346411,17,2,11.12185024882498,623.2932986140908,45.73964794630909,Medium
83,7,92,7.153201749474063,75,3,9.14182851732155,507.6850376702562,37.75263060162614,Medium
42,5,13,1.6410350951344723,41,9,19.510402534062937,786.4071040072323,21.71662143858386,Low
60,4,66,4.748981589616914,78,6,32.146471610972576,1812.8149675460263,35.57272977995013,Medium
46,2,2,3.916055631109107,98,8,58.65527011736306,5365.167613007472,34.588854552392206,Medium
43,2,92,5.178500242823592,52,2,6.161626190110537,289.32962500315807,18.789699557048518,Low
56,4,16,2.5074277415068966,93,9,45.84207896331554,2801.5799631012346,37.80293853167402,Medium
52,4,79,2.6590910503224716,49,6,8.79269126495222,348.016270787547,23.543319674665092,Low
58,7,23,5.107773782464344,70,2,45.28217356578084,4078.064200229024,38.95819640089173,Medium
71,3,72,7.395003365161703,54,1,22.689925838225292,1533.1088443104566,38.06590840708398,Medium
63,2,86,2.06726048366831,99,2,10.22366426655954,385.6961095239178,29.06454509275951,Low
8,3,36,2.8500661825429154,21,2,11.622883517314682,509.6941336767359,3.757898408831105,Low
58,1,3,6.861492536331509,64,3,41.458709247533555,6108.719867000387,37.62763081814168,Medium
56,2,90,2.3889546483024793,62,5,3.602567177302472,132.6182405338568,23.61046257157363,Low
67,4,89,5.565505422413606,81,4,13.714293709477658,677.3718893129717,32.31314607121002,Medium
16,1,32,7.445271564876172,59,6,36.595489025745785,3978.455836333279,9.913166946471595,Low
22,1,52,7.858989225513331,32,1,19.451480428419377,1745.8970724850005,11.367595416551358,Low
79,5,30,4.138071354575567,49,5,31.501054929022864,2012.6033225062129,46.53150003635684,Medium
34,3,42,1.3847500762801639,13,6,2.7781575320615555,102.36984190136913,14.166744136540558,Low
13,3,27,8.370185450927504,93,8,53.413263505423146,8094.227480352767,9.366234553423006,Low
27,4,8,1.4563225285594346,96,7,40.36007004892981,1872.7893482631519,17.33833134792663,Low
69,4,62,1.5450196282879132,94,4,20.81921531721111,811.2383824889681,36.2191551413254,Medium
54,2,46,7.330195816087753,100,9,50.896726834159814,5512.931665551656,38.09053949426778,Medium
18,4,83,8.887325304943744,58,7,15.074064164100266,1058.9126781210307,8.82799892972283,Low
77,7,80,4.348460484926578,21,7,4.330400454446849,190.09515694180882,32.800645009954444,Medium
75,3,25,5.830114787972939,80,1,49.19172145803476,5204.691552576895,52.136274656115646,Medium
35,5,40,5.176016953829004,14,5,8.887139326056321,580.4408470522279,15.866299258471827,Low
86,5,72,1.403687872594601,74,8,10.695683890971338,391.21047174516076,39.91897288774121,Medium
74,4,91,8.38004505788682,95,8,12.921377212688004,808.4562062971551,35.33709148243348,Medium
35,5,64,1.2459157039894322,100,1,17.7582728879703,654.1844577704226,17.729237306473763,Low
77,5,50,4.3275041778748085,55,2,28.37454425575323,1705.307540040022,43.90903944615799,Medium
68,4,31,8.572336314949524,12,6,9.285771797582868,988.6224061298791,30.98859489341381,Medium
45,2,94,3.368850909168149,23,5,0,0,18,Low
39,1,21,2.4465429650188337,86,8,37.878342711892124,2030.5524117775556,24.463532194582758,Low
0,1,52,5.560811356595134,69,8,29.69876503423878,2098.1082367570666,0,Low
48,3,49,8.208733353771464,45,2,28.947139614981953,2646.7713145898165,27.536776209114805,Low
56,7,20,3.748257107942064,62,8,36.36048280612232,2599.711762317351,34.617122222857105,Medium
91,7,88,4.177140818899195,69,3,10.489405206549876,437.00643052035144,42.12721524277623,Medium
7,7,23,5.2165248111937235,24,9,16.309124818482303,1368.8766161981205,3.484983242376257,Low
38,3,61,3.479800474252771,76,4,28.013137526122428,1385.461228168139,21.586995355955914,Low
16,2,25,5.990995046050376,43,9,28.452076107206445,2494.0660217042714,9.131399306291819,Low
4,6,87,8.009930233854423,80,9,16.753977978883995,1100.4008483547175,2.0020954714932158,Low
91,4,36,7.563309521886692,31,4,22.536487477743364,2195.799766492781,48.70492216284788,Medium
2,3,52,8.728958612778024,17,1,11.463497699998445,1125.3617088914293,0.9375619723999814,Low
31,2,1,5.0214129105820495,10,5,7.39269465885405,540.6531154976269,13.775041206546854,Low
91,3,85,7.164910435739994,68,7,14.562043805317264,855.3802084279426,44.35087591770323,Medium
7,7,55,7.439554593170882,73,6,38.18883937542017,3742.8277950587294,4.403931253767648,Low
5,5,18,3.8492661795294123,49,5,32.30489095012067,2254.7568588017302,2.9691467285036204,Low
56,3,49,3.1628697390497442,66,7,27.887557765827847,1392.3770449583128,31.77021940931816,Medium
69,5,35,6.340685839717046,37,6,24.72272768374938,2141.413785657543,37.835209261072244,Medium
20,1,14,3.632381167833529,84,7,42.77256472770686,3338.126915818427,13.132707767324824,Low
83,7,19,6.848841830718485,60,4,41.10613391933452,5002.356162993068,53.670854691828595,Medium
38,4,32,8.229252906840848,14,1,10.774323712608918,1052.6027953603173,17.656545806474835,Low
31,5,68,6.430292523730692,99,4,38.906708119892386,2995.5258240420007,19.636647710299982,Low
68,5,15,1.2844497949395663,26,8,9.973732116862154,374.2407591601002,31.26928270367976,Medium
1,7,87,6.5853700664215955,63,5,12.378542508846575,674.9084924056139,0.4742712550530795,Low
32,7,74,2.5072762245414717,86,4,19.010214037048996,787.4313600502043,16.44996109511341,Low
2,4,26,3.2017173243876806,50,9,27.399822581410024,1648.8456004643792,1.1287978709769204,Low
76,5,41,1.3250353626273033,22,9,6.014446999844944,222.67876179725886,33.1425878319293,Medium
97,5,68,1.5145067380998025,78,1,15.788556616141147,591.2193392465285,47.98893995059415,Medium
35,3,46,9.556416859517938,50,5,32.72345152330419,3593.87660536434,20.87192481989388,Low
56,3,43,6.532735981281776,34,1,20.569134099395878,1732.9806738015793,29.311229057397018,Low
20,2,50,9.25465851776507,34,5,22.154603547494844,2092.0003975491454,10.658552425699382,Low
0,1,95,4.226513330808811,19,10,0,0,0,Low
63,7,90,4.844325862202597,10,9,0.09449423117952978,3.430140591816931,25.235718819385866,Low
38,2,6,7.55831439379399,36,6,30.830009475168723,3503.104936282341,22.22924216033847,Low
62,4,9,5.038295090037962,30,4,24.84188299340939,1947.048524372202,34.041180473548295,Medium
26,3,79,6.921565846334148,75,2,23.745968692257406,1570.7532475105613,14.104371115992155,Low
13,2,62,3.8139800498541905,12,4,3.8891672873143706,167.78852391637844,5.503355048410521,Low
83,1,59,8.328777385697684,64,3,31.667740260024857,3030.8246878192563,48.97053464949238,Medium
90,6,96,2.791934354811381,93,9,2.2904346632152395,83.35798197011533,37.23683471813623,Medium
54,7,12,5.510048146858781,44,10,32.472851805499566,3008.0384621472026,32.12120398498186,Medium
93,6,26,8.705961778266728,62,9,40.32918054074514,5730.074473553481,59.70368274173579,Medium
65,6,58,8.605751459274288,78,1,38.04583149579732,4162.558596641943,40.83787428336096,Medium
63,1,64,5.692711601514937,34,10,5.706178856660231,284.9450606255763,27.35693560781757,Low
80,1,12,5.294082016151742,83,3,53.23111957431872,5487.424593159969,57.55093739567299,Medium
82,5,81,2.316846722969241,19,4,2.111789262617375,77.0605448986268,33.839000317207756,Medium
39,1,8,9.051051747229002,52,7,37.20699413190325,5711.594461084649,24.306436626865363,Low
45,5,37,1.2272497729307297,26,1,8.24266518813935,300.85364423968764,20.225519600797625,Low
60,5,22,7.7012206347859955,75,5,50.105551354995015,6604.923601561976,42.037998487798205,Medium
32,6,22,6.29979856192744,70,2,45.20553325238989,5329.205758729232,21.47946238445886,Low
92,5,77,5.6660025675892065,86,8,26.201274709817476,1544.511670227242,51.26310363981925,Medium
76,2,38,1.7269999077469993,63,4,23.071173158544433,932.8662794794403,40.92045496029626,Medium
28,3,25,3.2606370068570163,44,10,23.192660685260183,1352.9610561620598,15.096366995123713,Low
25,2,67,6.995394020719515,27,10,8.330220002608307,469.1030739194467,11.249533000391246,Low
15,4,71,7.3288718919900555,17,10,5.817340415150051,331.28550083748814,6.523560637363505,Low
87,1,38,6.486033338995598,36,8,18.1508711584022,1423.4519982114282,44.27475474468595,Medium
40,7,93,7.52378709481671,94,2,11.517874575308547,617.0236050273622,18.76428989807405,Low
26,2,36,3.955471129059683,65,5,35.84816997000771,2266.9025307723136,15.992314515321203,Low
16,7,27,7.709406925155133,42,8,29.04284067541591,3389.9072952121146,9.188112704839927,Low
97,3,43,5.783251376242554,33,10,18.203497511310825,1278.2669316800916,49.3944355515829,Medium
17,7,64,8.955992820937894,62,8,30.530380036439727,3021.5970292286993,9.914098763716853,Low
79,7,15,1.0790079249917548,42,8,13.71891176931041,534.7430083321033,38.10276417865313,Medium
18,4,48,2.6821953634934914,19,6,8.602284824807544,338.3083937048914,8.129046761079215,Low
58,7,15,3.164957316038929,72,8,41.20148835452568,2758.883699142194,37.538117947374936,Medium
29,4,79,8.514058515063962,37,9,12.791672824969414,948.1250917121242,13.82575107154468,Low
39,3,3,8.727558783222207,90,4,58.697148800789364,11384.289299805607,29.33513281938471,Low
89,5,55,1.8835270035630443,34,6,9.747248307902389,377.54574009408526,40.805030596419876,Medium
46,4,92,1.0620543776447144,33,2,1.3261075687190835,48.13770474450275,18.76600568896647,Low
97,4,57,3.0087630810379613,99,6,35.7363754017021,1824.0385468931836,59.598570483790624,Medium
71,6,37,3.6672587083319033,46,6,24.359246417107293,1498.9366836563097,38.77703897368771,Medium
86,7,72,5.608161628814146,48,7,18.172170128371132,1015.104908837848,43.776839786239506,Medium
21,1,48,3.4496963663560045,54,6,19.689430591939207,1017.3690531183338,10.88086825458434,Low
9,5,69,5.133090875256153,28,8,10.144344882454929,569.2231701357656,4.147794623652566,Low
99,4,14,8.875402072030248,39,3,32.099066040617075,4355.376541729016,58.66684522812655,Medium
41,3,12,4.47823694181334,72,1,47.7733079708865,4183.686665413375,28.15223376083808,Low
78,5,2,1.9914643906323493,16,4,9.234427455803857,431.4298366410573,35.52171204931621,Medium
43,1,2,7.583191776521553,64,6,47.91515002389109,6601.93413458345,29.5621087061639,Low
66,6,63,2.3093229689471575,42,2,12.796155688483385,524.4678831341878,31.467277652639424,Medium
36,4,22,5.145926449080811,26,4,19.924761419212796,1508.8399716258507,18.703748466549964,Low
47,2,98,6.7709057398777395,70,6,0,0,18.8,Low
62,1,57,4.876439902974869,40,10,9.871833312895465,513.5454991254882,28.472321992397113,Low
12,6,21,2.3341100072817573,88,10,43.494572776567146,2322.2649140928856,7.931609239912834,Low
92,7,75,7.255938424972706,25,6,8.441484534848803,517.5308773693629,41.45969946323655,Medium
90,2,27,1.9948599388549026,15,6,5.0605662067585975,200.82413481020828,38.73270575164964,Medium
67,1,61,4.433645957821412,32,3,11.543308476339492,585.4969114499064,31.440410007488474,Medium
82,1,54,4.879384098863419,80,4,35.07294893712105,2367.2981941182543,50.05589087706356,Medium
100,4,17,9.871604623379403,10,9,8.075722072531967,936.248260552518,44.84543324351918,Medium
70,6,40,2.362532089864409,11,7,4.564474802625878,185.35165315976545,29.91707941710287,Low
90,4,98,7.72487960364741,18,1,0.593064894673455,28.312503568131994,36.320255043123666,Medium
77,2,81,1.8239832646606753,30,5,2.127135140446996,78.77885443397113,31.782736434886512,Medium
81,3,94,2.0411179350860214,94,2,4.36825774862508,161.37697468797896,34.52297326583179,Medium
59,1,55,9.357298962975516,10,4,4.172616498170223,276.8829012788433,25.07710624035226,Low
30,7,50,7.678573573948265,20,8,13.48542603977849,1135.1791756958642,14.427376687160129,Low
10,3,59,2.8609462788467526,49,6,14.895186803041552,671.5417283831687,4.893711208182493,Low
8,2,85,2.1112986503313644,67,9,3.9133124469424985,142.7072780498958,3.38783899745324,Low
42,6,63,5.697968218813158,19,4,8.450350612926998,520.1275190650542,18.929488354457604,Low
20,3,28,2.16830056646588,78,9,34.88112107241738,1652.8989748823926,12.185734528690086,Low
98,3,68,2.91323692801996,35,6,8.89271523617085,377.1536318775127,44.428916558868465,Medium
40,5,72,6.5716345827173495,21,8,7.39637046289442,458.3702043172788,17.77512891109466,Low
75,5,40,7.147416758366592,10,5,6.517575038860888,514.9050292445207,32.9329087674874,Medium
92,7,90,7.149612967130496,76,10,10.272182477846092,593.7374017597559,42.470244727771046,Medium
1,3,55,9.201117780063099,61,4,32.88394432404391,3621.9051944872353,0.5973036659442634,Low
97,6,78,2.654044252685833,65,7,13.155699779171734,511.91280856349596,46.45661727147795,Medium
5,6,24,3.3559202628243647,54,4,33.02151969719764,2099.7204377776493,2.9906455909159293,Low
38,1,68,7.978296402642124,13,10,0,0,15.200000000000001,Low
18,4,28,6.290005997904325,22,10,14.55777351429735,1254.651378577408,8.772239539544113,Low
34,3,51,5.7408287545141,29,5,16.11350900871775,1035.2646666005949,16.887155837778423,Low
79,1,61,5.722737813378031,86,5,32.963114479634314,2432.5690496422785,47.224516263346665,Medium
71,4,37,4.7632399972431205,36,3,22.759231186035965,1561.3645883927416,38.09543248525132,Medium
70,4,5,7.066710924115218,72,1,51.56288257897719,7402.168075298331,49.65641068317042,Medium
55,3,18,2.955306965161119,30,2,20.350839398792413,1050.9795673377362,28.715777001601495,Low
10,4,67,7.888926578815738,76,4,32.94078224289243,3023.2042142021114,5.976446934573546,Low
90,6,76,3.0260408008403785,75,4,18.587613651693555,776.1242831631272,46.03731137191452,Medium
8,1,6,7.953127831398522,34,9,24.39539158334683,2867.1566394536408,4.370978796000648,Low
58,4,77,6.118338979932767,49,1,17.657720983836338,1007.4339618691745,29.34488690237505,Low
68,7,45,7.749769810264975,78,9,45.329814413018966,4872.387815811948,45.69456428051174,Medium
28,5,37,4.992404315336024,57,8,32.842562466045855,2596.44085279348,16.717550494295704,Low
13,7,56,7.193863155090851,55,10,30.23536085826612,2576.3593513463684,7.558358146944757,Low
66,5,29,6.381272949587979,24,4,18.032785828576138,1504.1889086373742,33.54098318811615,Medium
84,7,55,6.746129241698595,27,9,15.175112991052538,1132.2633431084673,41.24825694749048,Medium
61,7,19,4.962317553107401,26,10,19.56293577544144,1517.4150797649295,31.560034493811568,Medium
5,6,55,5.981211772840355,38,3,20.145430036805923,1477.2532528439476,2.6043629011041776,Low
91,7,27,3.2919287476466907,95,8,49.5235199794589,3389.9050910609676,63.43984190878456,High
63,2,52,7.361537548655702,23,3,14.961663992371795,1135.594806427636,30.85550898911654,Medium
71,5,60,7.446948030230903,98,7,44.02658689679939,4214.2387768190665,47.15532601803655,Medium
40,3,98,7.847578478606287,61,8,0.09182736455463728,3.421189075429985,16.022038567493112,Low
14,6,26,5.593134204499549,11,3,8.418270082089489,683.1145734175149,6.307134686895518,Low
87,7,41,7.261282154902348,25,9,15.278409994892739,1577.0687233471133,42.775330017334014,Medium
11,6,90,2.7578078295220916,76,6,8.014103853566732,304.77527317426956,4.9289308543354045,Low
64,4,49,6.695595070109203,18,1,11.478059378073148,924.763657381883,30.00757480118009,Medium
48,2,21,8.264434287884626,98,9,57.57414931526738,9276.763303194584,35.781355002797,Medium
80,2,76,3.3093425292785525,71,10,11.843392245954217,473.55121499333495,37.68482827805802,Medium
45,7,61,4.016210844743462,69,1,27.96907597445921,1598.4405042178232,25.551650513103986,Low
93,6,41,6.146664607736207,68,4,38.85332570914093,3552.331594208292,58.88015574570065,Medium
96,2,74,4.842562996730171,78,10,20.495653911393944,1085.8028220079732,50.205496652962914,Medium
68,4,95,5.565954262700261,97,4,5.822018530179097,277.1417516473339,29.575383560313075,Low
97,7,28,2.8701438011385263,78,6,40.49640909602685,2399.2082471186895,62.36891009388763,High
66,1,68,7.350544775688489,44,3,16.997040400119047,1194.153611996904,33.130827998447145,Medium
25,4,9,2.4518450994344496,48,7,26.921434908795458,1466.1156143355772,14.038215236319319,Low
7,3,71,7.788637617117507,35,3,14.869417040548294,1134.2117173134754,3.4245155157030287,Low
72,3,67,4.293482381384805,69,7,24.29256204675132,1322.1496334464816,39.29438680419657,Medium
90,5,16,7.193747878393812,50,1,39.79149100634225,4468.724828803381,57.48740514342481,Medium
26,1,62,3.1519886356927533,22,10,0,0,10.4,Low
22,3,11,9.608101414519528,92,1,59.41106916088315,11864.912289415057,16.642261129236577,Low
87,5,17,6.079409335829114,63,6,44.82472248173572,4782.744876596642,58.19850513546605,Medium
22,7,6,6.558064302856862,63,7,47.51189333372419,5729.9547778653705,15.071569920051594,Low
87,6,16,1.292902043172066,68,2,26.90377076733807,1112.2251483336663,48.843768340550476,Medium
75,2,80,2.935686921039005,92,5,17.73158333333538,711.4554438670917,37.97921250000092,Medium
16,1,48,1.164483986870692,46,3,8.971954147482164,329.04746987484083,7.261307598158288,Low
4,7,59,6.990349465804558,100,8,44.163176077076386,4413.665135489346,2.659916225849833,Low
67,3,64,9.77712425044575,49,10,22.87839958166334,2132.170007627586,35.99711663182866,Medium
86,5,14,5.649992905631923,60,1,39.72427253487205,4331.9695220695,54.89772462799398,Medium
6,6,25,9.327689460773703,42,1,30.536202204951707,4267.922524696139,3.4993032793782617,Low
56,3,100,8.446788942480485,17,5,0,0,22.400000000000002,Low
42,5,45,3.9111159548379275,28,4,15.113371975005382,815.1202740529305,20.608569737701355,Low
7,6,13,7.050417826202234,35,10,27.333310300068412,2977.3568286359814,3.9479990326028735,Low
47,7,54,7.127914683180911,19,8,9.688750075617737,773.921729022091,21.532227521324202,Low
25,5,59,1.8542067575258443,87,8,24.178968184539464,958.171481361821,13.626845227680919,Low
27,6,50,8.517002696147292,26,6,16.352656770399097,1512.7897639569317,13.449130396804655,Low
21,6,29,1.6469501761044387,51,9,20.49495508826688,817.073349012337,10.982364341121627,Low
22,5,80,8.578594106522349,89,2,27.94941932451075,2307.661919028201,12.48932335083542,Low
85,1,61,1.0885086606249315,19,6,0.5109186291065112,18.546346236566357,34.26056850084432,Medium
63,5,2,6.456775860276826,43,6,32.195334636484894,3903.153856174153,37.36983649259129,Medium
24,7,67,8.765103383877307,79,4,35.74099333137488,3487.252853543281,14.746703039717984,Low
48,4,51,4.86478453013017,43,10,21.601130648140437,1262.2959836103223,25.42112562666445,Low
28,1,99,5.435559361737928,43,4,0,0,11.200000000000001,Low
88,2,41,4.627629511622124,87,8,43.882650410341114,3242.8928811266132,58.370039416660106,Medium
97,3,72,1.990863682484283,87,1,18.649037125787096,714.7069234734277,49.653739607208095,Medium
48,5,28,7.587083696046623,33,5,24.13373603062742,2464.2704395450723,26.1505159768207,Low
81,6,85,6.609264546123854,21,7,3.6383209688730878,209.330006214797,34.16822399087232,Medium
93,2,43,9.519852104115548,32,2,22.361945629948224,2612.332656281399,49.67796566151111,Medium
90,6,90,2.926697674637211,16,4,1.3572896456306225,49.269614136391596,36.73293640864053,Medium
83,2,87,9.103444658326096,16,6,1.3805004007779835,62.251172129854254,33.887489199587435,Medium
66,6,50,1.3085859782911444,42,1,11.087956170950145,408.0246299254094,30.79083064369626,Medium
33,7,18,7.318314983000538,13,5,11.612575836702637,1086.7926672136514,15.499290015667123,Low
37,4,76,4.279501490456608,11,2,2.5181483404413463,108.05493308748964,15.35902893157798,Low
34,4,61,7.526088647025686,37,5,18.727821651681236,1430.6490017024898,17.420475616942973,Low
99,4,99,9.208300297140429,82,7,0.41022699949259933,22.097512391460082,39.84367483769861,Medium
15,7,18,6.354363936699469,52,1,38.03414356226629,4130.220198397612,9.423072920603966,Low
79,2,4,6.23554093191291,69,7,49.02719271230472,5862.582671080738,54.83888934563244,Medium
87,3,17,4.033000160004111,45,8,27.175339882034255,2027.214003692294,48.98552741842188,Medium
11,2,97,5.127831317967928,23,4,0,0,4.4,Low
28,1,35,4.729797706268885,58,9,28.151908434938562,1829.6261862154226,15.92952061706968,Low
27,4,25,3.9042380956266314,67,9,40.074788760047426,2792.7965195675297,17.292115779127684,Low
86,6,16,3.0462102393113386,48,2,29.79068050937357,1870.5807257471088,49.77199114283676,Medium
28,6,11,8.406384093855177,38,2,31.52027154842606,4137.128107699681,16.49540562013558,Low
98,4,86,6.16470102006952,42,9,6.86581749354552,372.5881994380201,43.23710068620477,Medium
51,3,84,7.42639822616383,72,5,19.165590862800144,1296.9422640054163,26.264670804016845,Low
71,5,49,4.348852045889727,58,6,30.644105993970133,1901.2267632975584,41.45438915343128,Medium
21,2,54,1.50034782500181,17,7,1.922700308146549,69.79402118571974,8.642260238826465,Low
69,1,100,6.515439191469173,37,8,0,0,27.6,Low
55,5,24,1.7155642042530124,89,6,37.301693308332915,1627.8614637027515,34.309558791749865,Medium
98,4,47,5.683995699249629,82,1,43.5660494087384,3547.4216742779913,64.81683705233817,High
64,1,85,6.782817940406874,98,10,14.149559138688705,840.1214444806553,31.033430709256464,Medium
86,2,53,7.6601887208992805,35,4,20.547915480171167,1642.9574078770975,45.00272438776832,Medium
66,7,43,2.6698983929683218,47,6,21.09724084201184,1003.0670402823157,34.75450737343669,Medium
13,4,26,4.722234147159719,20,6,14.001302565017683,939.0935041039259,6.29210160007138,Low
2,7,38,9.384058884285052,45,5,29.96449859305671,3929.2900464439513,1.1595739831166805,Low
6,6,25,1.7142205299189694,38,9,16.395044133793412,668.3373785892134,2.990221588816563,Low
61,5,12,4.246612554560907,79,8,48.902645221377426,4280.6667793483075,42.298368151024135,Medium
93,4,85,9.886678695918052,61,2,15.304856519916251,1130.6509861318925,45.74010993811327,Medium
57,3,9,8.158298489747828,51,6,38.911166306622285,5368.06034284676,36.10761887686482,Medium
28,3,25,2.0050734576819624,61,9,28.530726937521187,1239.0740755269721,15.99316212550356,Low
6,7,64,7.041682804745272,71,10,31.91215504932959,2315.9566284346442,3.5488375817758655,Low
57,3,43,6.041668767748985,90,3,48.405089809302005,4476.971399271985,39.35454071478128,Medium
18,2,54,5.517746814595425,49,3,25.63757836834073,1755.941510835185,9.968858463780798,Low
54,1,90,4.910942679885493,35,9,0,0,21.6,Low
72,1,79,6.59440675171791,61,5,13.241953988935496,755.2160165336198,34.520524123220135,Medium
99,3,81,7.261440794606356,97,6,27.73384590314251,1926.1894988412744,56.07390446646665,Medium
22,5,64,8.641707946454893,56,3,27.591026096911826,2608.1085612666116,12.44201544479236,Low
13,1,25,3.234872432002782,93,6,44.231877296174005,2808.517961386707,8.650086429101572,Low
89,5,93,9.24616336823956,45,6,5.253275492492913,330.52586167624696,38.405249112991214,Medium
94,2,45,5.948829759757034,40,5,22.96761870855393,1684.6509045241498,50.553736951624415,Medium
64,7,19,8.445348436012303,96,7,58.504883520991655,9831.247097275977,48.065875272060794,Medium
85,3,27,2.829847328512813,99,4,48.679326286047186,2917.718177084872,58.82645640588406,Medium
54,6,93,5.026656079375546,93,3,10.7906211967337,474.9432987027922,25.09616126774172,Low
57,2,6,5.194139753132644,71,5,48.352998778158366,4958.593358162767,39.33672558213016,Medium
49,4,32,2.7101787290710866,87,8,42.03039266224852,2244.0104696974026,31.956935442701067,Medium
81,2,51,8.681968227653925,100,1,52.59574829583104,6566.074176798542,57.961533671773886,Medium
57,4,47,9.450595013764524,35,6,23.79320996854075,2571.680949615377,30.93727780924094,Medium
4,2,27,7.82073585914105,21,2,16.264145418014998,1725.2413747962744,1.99033949003236,Low
5,4,67,2.4746787725004555,29,10,6.43804870642067,242.64610513522956,2.19314146119262,Low
12,5,17,2.899663331716489,83,2,45.23530037131697,3002.5833806517967,8.056941626734822,Low
9,2,45,1.9071827869900018,10,5,2.1319052741121256,80.02118415935426,3.7151228848020548,Low
89,5,25,8.76774597505307,79,2,49.474324236250474,7806.623232641548,62.01928914215776,High
77,7,0,8.893450443530178,17,7,14.499508657363451,2103.1634612685116,37.49877299970191,Medium
73,1,13,4.213048496556496,70,10,37.43356238571255,3016.418258136315,45.59590032494209,Medium
50,2,19,4.142793216047678,100,1,59.65659824820387,5022.990293812023,37.89697947446116,Medium
76,5,29,5.153115511385635,67,5,43.87565107025236,3676.8080139333756,50.40729688803508,Medium
79,1,56,7.284847846220104,49,6,23.738571693505264,1769.1433164417074,42.8520829827215,Medium
50,5,31,9.871755149288463,54,4,37.95984960669721,5309.106696932319,31.387954882009165,Medium
3,5,6,1.3760780854601,45,1,21.090118471372474,874.0738715250302,1.5796221324847046,Low
97,3,41,8.873917400985725,48,3,31.459554757697006,3607.276356974562,57.10946086897966,Medium
5,3,15,6.2675049777002805,67,2,45.73187228210017,5339.581894332043,3.3719561684630053,Low
99,3,2,9.00393375733221,27,7,23.05039281698268,3340.672420736706,53.291933333287716,Medium
84,4,51,9.201975096875811,85,3,45.97913053000064,5777.211879191835,56.773481787120325,Medium
72,2,2,7.31707031403864,41,9,32.61965569657134,4043.8828256782517,42.89169126091882,Medium
70,1,8,8.67232416204992,94,1,62.419747869074506,10985.46895708085,54.21629410501129,Medium
8,2,50,1.1648337169935545,67,8,13.043640789114686,483.085349224677,3.826094757877505,Low
22,6,97,6.943375197956086,100,9,4.094571185796835,199.7281327236137,9.340483396525183,Low
38,6,10,3.766989349438186,26,4,19.455617435737132,1220.3204660607275,19.635880775348067,Low
14,7,94,2.950320889389679,31,6,1.6102132431294667,58.45074072559963,5.735257912422876,Low
35,2,40,2.9680504487547177,40,2,22.193796780088068,1043.1838399963756,18.660697323818493,Low
3,7,44,4.172698597331933,67,4,35.41055026859747,2321.5239365655416,1.8373899048347546,Low
18,1,33,6.198856327765545,37,7,20.23121631851451,1690.9100080464864,9.384971362399567,Low
9,2,19,9.000825541986549,25,1,20.56055555958225,2689.9503921776745,4.710270000217442,Low
63,1,87,8.809807543143881,93,4,19.602318143447533,1401.868761574474,32.60967625822317,Medium
68,3,44,7.408511080089231,48,3,29.922907573883183,2876.5817295837846,39.40854629014434,Medium
31,7,4,9.957933261031028,38,8,32.85143769506745,5368.009681558892,18.510367411282544,Low
81,2,94,8.796905555509325,44,7,0.9230557003526897,46.31984514017141,32.848605070371406,Medium
51,2,72,4.14006472852058,16,10,0,0,20.400000000000002,Low
71,3,22,8.047499244830604,36,8,24.866622111413744,3029.059245293552,38.993181019462256,Medium
72,1,86,4.9752994834347595,57,1,10.322022683882869,500.9347103786023,33.2591137994374,Medium
94,1,45,4.681742949422857,93,5,45.78137812375006,3218.7922321151837,63.42069726179503,High
68,6,60,9.432579543252723,32,5,16.972735329840972,1592.8843772961475,34.12487601457512,Medium
4,2,16,5.3142935812156145,66,9,42.69952961820503,4080.7651722197315,2.6247887108369206,Low
25,3,91,7.0405400810860685,92,7,11.36198047496469,629.0251857678793,11.704297071244703,Low
43,4,29,1.0070027167369633,35,6,9.558066166755692,351.7037928160704,19.66598107102297,Low
100,2,95,5.145811833893257,29,5,0,0,40,Medium
30,3,72,5.845106568682234,11,7,1.5156405296345419,68.00944322300354,12.272815295334217,Low
28,5,1,1.3693828952399476,70,7,31.394335161609924,1372.838236332708,16.474248307150468,Low
35,3,12,8.297104921910245,61,2,42.261493707655326,6643.851668339519,22.87491367860762,Low
17,5,52,1.948752803833336,47,6,15.078055648259493,595.0478380179889,8.337961676122468,Low
18,2,24,9.812370232597717,64,7,43.18685513040329,6560.965927820515,11.864180354083555,Low
29,3,78,4.5974433435230235,17,2,5.103175752876699,221.35363373031797,12.487952581000547,Low
14,1,95,3.7899534347902413,20,9,0,0,5.6000000000000005,Low
1,1,11,3.1889472954175058,20,6,9.771349360148577,466.04464946686323,0.4586280961608915,Low
72,4,41,8.811353579491243,95,10,51.4688689367171,7187.026156120896,51.03455138066179,Medium
84,1,47,9.291699340686414,11,4,5.012719884623939,375.22246591935,36.12641082185047,Medium
62,4,51,3.4506368366722397,14,1,6.617348504512432,306.0400628469013,27.261653643678624,Low
55,7,36,1.7606762289733784,44,3,18.033552827689913,729.4968182205405,27.95107243313767,Low
69,4,4,2.75264733657807,69,5,42.58621241844594,2634.7116406297564,45.23069194123662,Medium
39,4,82,7.848697278168766,95,7,27.595657203726716,1981.451914731613,22.05738378567205,Low
11,2,38,5.347856436052379,97,9,50.18620307329844,4309.35558506323,7.712289402837697,Low
32,3,81,6.5533680437089235,66,10,16.040145269716398,960.8798132389949,15.879707891785548,Low
87,5,49,1.33953417457226,88,2,23.31669620413287,886.6943472225929,46.97131541855736,Medium
4,4,85,7.212859326764287,48,2,11.534663482010888,751.5800261316242,1.8768319235682613,Low
75,6,2,6.666653327351687,23,4,19.66664797544561,2189.532113586184,38.84999158895052,Medium
66,4,62,8.222020632296747,75,8,34.47221639499948,3514.2622756753126,40.0509976924198,Medium
3,1,9,2.3095123470870433,66,7,32.1218976080952,1675.651375834685,1.7781941569457138,Low
15,2,95,4.597570345561633,84,4,3.574719927288458,141.17959385801188,6.321724793455961,Low
0,3,11,5.633428450750393,37,6,29.2167563742938,2555.0538633068854,0,Low
95,4,31,6.0833913000928534,44,3,30.209556324069784,2728.086276998516,55.21944710471978,Medium
50,1,8,8.936962048567453,12,6,8.163906241587783,861.8515846026834,22.449171872476334,Low
65,5,88,3.384287105796844,100,6,13.299031364461932,535.6745840071671,31.186622232140152,Medium
21,4,70,8.054218744906782,29,7,11.538805569853903,844.4114218253322,9.853889501801593,Low
50,6,68,6.404977563663544,36,1,15.48231959226137,991.7895149161535,24.64469587767841,Low
71,4,79,1.1088250191742817,54,8,4.200994361467236,152.5144506326108,30.189623597985044,Medium
90,7,24,9.762381506191442,34,7,25.82119039930403,3736.9510660061705,49.943442815624174,Medium
86,7,1,8.604313149537486,23,9,21.27739427431854,2679.3883874291537,45.379135445548364,Medium
33,5,53,8.144997457479814,39,7,21.870077839718455,2100.553719688832,17.530275412264256,Low
39,6,84,8.586582540924637,12,9,2.714901470792001,185.66486540268676,16.23528694416533,Low
3,1,88,4.7942085098707725,25,4,0,0,1.2000000000000002,Low
33,7,58,2.2674185143816143,15,7,4.236585958067365,171.02546975289252,14.03884401969734,Low
23,2,28,5.703141707983887,60,7,36.701140783102346,3326.149520324604,14.264757428068124,Low
86,5,3,6.279107551025346,60,1,42.975777137197085,5365.276757768324,56.57550100279369,Medium
74,1,70,5.898383309966285,85,4,31.380623894719637,1966.534584613398,43.532997009255524,Medium
7,6,14,4.979904874312042,29,8,20.686327457275606,1776.6994899863,3.6688257532055757,Low
46,3,8,6.23593967984719,25,7,19.909826366154473,1940.8341738847312,23.895112077058634,Low
32,4,85,7.6546951002550125,75,1,18.852479511591987,1246.8359330725987,16.419676066225662,Low
12,3,68,6.408182249240923,24,6,9.41026535081328,577.8537101643225,5.477539105258557,Low
41,5,69,2.918741532213337,27,3,8.253046928285139,340.3293201240356,18.430249544358148,Low
58,7,97,7.175368832362624,99,7,4.814764820861723,258.3083199786216,24.875538157659882,Low
92,4,0,6.6715223605243885,28,4,22.752582606940344,2673.6965858813132,49.35942559903107,Medium
43,4,92,3.26068759492618,61,6,4.845418477032895,191.69753663389554,18.450117967074487,Low
59,1,27,4.2475103946603365,64,10,32.154620336096976,2167.2122812278094,34.98273559897833,Medium
83,2,90,9.649645187959202,60,4,10.204203292733622,721.7158997433106,38.28169323978135,Medium
86,7,57,5.865689465913746,82,4,38.64562501446772,3115.507649689017,54.34114250746534,Medium
18,6,72,8.280745298047368,55,9,22.535406466919728,1781.1382164968338,9.63382389842733,Low
1,2,41,7.242259245523444,65,8,36.09309044338656,3780.437563944877,0.6165585426603194,Low
95,7,52,2.2706937014178066,79,4,29.196328009020597,1276.0889599283173,54.64190696514174,Medium
9,4,54,1.08013882183857,15,10,1.6295140392510832,59.15135962481433,3.6879937581195588,Low
49,7,28,5.030471934992252,25,4,17.680968681599175,1348.8324324807454,24.79820479239016,Low
94,5,18,9.937453996488752,96,6,55.662347831405384,11828.548556660844,68.99356417691264,High
17,2,11,2.94156465613146,74,8,39.03338165768981,2564.1070871356183,10.781404929084362,Low
56,1,83,8.419525432206413,18,10,0,0,22.400000000000002,Low
11,1,80,3.767327101538717,46,9,0.5573643917122446,20.23232741915448,4.4367860498530085,Low
23,5,85,1.7305997697084594,44,2,3.948890341611212,143.72514286618596,9.744946867142348,Low
73,6,21,7.280511043906227,73,2,50.553723337909936,6171.451517777953,51.342530822004555,Medium
70,4,68,3.1159893749730982,48,6,15.31112281025167,641.1179954937069,34.4306715803057,Medium
6,7,77,2.3932325222625384,74,4,14.684515356015728,577.7219650945209,2.9286425528165667,Low
16,6,29,2.888238089932914,82,2,43.76918079505847,2513.7734616282896,10.601841356325613,Low
68,4,89,6.824311818907975,88,10,14.78541828084858,836.6168099565579,33.232450658586224,Medium
94,4,66,1.6139778935515958,65,4,13.583168661617274,513.557516977639,45.260907125152144,Medium
28,1,28,7.263489859291712,51,9,31.551156048593647,3183.97427811487,16.500594216163734,Low
73,7,49,4.232466524089143,66,5,33.59698365366839,2063.0089483089346,43.915478840306754,Medium
37,5,27,1.660186552878741,73,10,27.955088100923167,1211.3110511934178,21.006029558404943,Low
13,4,32,6.648428530948911,87,1,53.19168314678502,5953.91357982369,9.348951285449232,Low
61,2,9,4.003115039817467,79,9,45.24745132156681,3904.4444891815497,40.960567183693456,Medium
22,7,74,3.4027845521474607,17,3,5.607869785152014,228.37634859928977,9.540238811640066,Low
28,1,44,1.7780973609496673,28,3,8.0698340026469,310.8191769739468,12.55573211244468,Low
32,4,52,1.1456344704518955,51,8,10.01804149558688,366.442446794588,14.723463967152682,Low
76,2,92,9.639150276805939,63,5,6.594064125114024,424.0269041933901,33.406893241051996,Medium
3,5,29,7.965753762270339,20,7,14.433022223056591,1481.823176869037,1.4597944000150187,Low
10,1,62,9.512695806532463,83,5,39.827045353632165,4312.864205038987,6.38962272121793,Low
57,5,24,9.91634400549333,78,8,49.9101851146309,8637.748841599352,39.869283309203766,Medium
4,7,16,4.71583794728872,62,4,41.32954722640791,3560.0269207162532,2.59190913343379,Low
93,2,52,7.950009037462499,23,4,13.807752623350392,1271.2517437060076,44.90472596382952,Medium
51,5,69,9.79027537584131,46,10,20.423428009610983,1933.0504596981302,26.64956897094096,Low
36,6,67,6.3982928912443775,23,8,9.823058596770673,608.2092264111702,16.521780656902465,Low
52,7,37,5.687447798734206,30,10,20.162002645425602,1520.6134790085825,27.09054482537279,Low
16,6,71,7.383924601971705,26,7,11.219880853097912,813.2657798424782,7.4771085618974,Low
35,1,63,9.78848572576164,46,5,20.70540769595847,1909.4787562948845,18.34813561615128,Low
16,2,73,4.760152689509185,81,1,28.130971476262356,1597.7747884448472,9.100573261721188,Low
60,2,68,2.0481701786772453,79,2,20.264080363393035,798.3952915039596,31.295068930821493,Medium
1,1,6,6.612863513396241,16,5,10.95401604370702,1087.758320213845,0.46572409626224215,Low
40,5,64,6.923520314641624,26,6,12.36616132063275,836.4674105988536,18.96787871695186,Low
77,5,25,1.9918401765274096,44,3,21.221646387775262,962.7492445383868,40.604400631152174,Medium
86,5,98,4.678856410525359,15,10,0,0,34.4,Medium
61,5,49,5.176359018606936,11,4,5.746015144450692,368.25674778756076,26.503041542868957,Low
88,1,86,3.8997169584860583,64,2,8.903136415040654,366.02706600984595,39.90085602714147,Medium
84,3,29,8.775014752366399,82,4,51.080169860689,7669.097831803567,59.34440560978726,Medium
30,3,93,5.404041016188642,90,6,6.781963301350416,321.8573320263525,13.220753394243076,Low
4,5,34,8.723042512730164,72,2,47.202443007309874,6316.403157397924,2.732858632175437,Low
6,2,96,7.069589153208139,59,5,1.8690640398763876,88.93598652055718,2.4672863054355503,Low
6,1,4,5.827801555153669,44,6,31.68581076149,3095.9019736997357,3.54068918741364,Low
87,3,62,5.53459929370238,46,1,22.95715978872756,1461.6345275718686,46.78363740971579,Medium
2,1,24,6.736434086009351,75,8,45.20182260840047,4947.337861622,1.3424218713008056,Low
43,1,65,1.545534236957153,15,4,0.6216498184309514,22.757891390438797,17.360385653155184,Low
51,7,27,2.0703990743772986,43,10,20.605185972112103,909.0022875329546,26.705186907466306,Low
77,1,33,5.102831621242274,86,9,41.98971566461019,3635.707462613358,50.199248637049905,Medium
99,7,28,2.9164482278410233,73,2,38.763410845859454,2314.8234566873825,62.62546604244052,High
46,4,14,4.126684592540953,93,2,52.92828659778483,4902.5453235048,33.00820710098861,Medium
36,5,85,8.251721947402729,91,7,21.511601626229655,1499.9359614122916,19.046505951265605,Low
6,7,87,8.868776579945873,52,10,11.698364625089958,835.2964155781657,2.821141126503239,Low
32,2,67,6.10963460301199,26,8,6.950074303773944,384.2780058646997,14.134414266324598,Low
47,4,71,7.762581257752072,92,10,35.375008802367944,2922.2256148402917,28.775752482267762,Low
86,6,54,6.402034983510444,14,9,6.517571203484734,475.78163014936433,37.76306674099812,Medium
37,6,82,7.837063704438595,39,10,9.175515271299837,612.8582394285086,16.836964390228566,Low
57,4,9,4.352744954698119,12,9,8.354648550106564,575.5866012303749,25.657289804136447,Low
74,2,50,6.37815004912154,56,10,27.90959941373269,2130.965204493227,41.99186213969732,Medium
37,5,18,7.432769276412711,53,10,35.95129104175858,4661.811578776195,22.781186611270407,Low
61,7,25,9.434615299312489,23,10,19.275664738770704,2276.1985393897235,31.45489329439008,Medium
1,4,56,6.819122138196265,74,9,36.595683764796235,3181.634662243676,0.6195741025887774,Low
51,5,55,2.7622927911926602,13,5,4.977011342751377,200.0930633015325,21.922965470881923,Low
78,3,24,8.493259212819794,77,4,51.72216304860002,7471.28253086097,55.405972306744815,Medium
20,3,5,9.484175789195817,36,6,26.83240442828644,4548.445270388345,11.219888531394373,Low
53,2,14,9.518370387026701,51,1,35.38005724548723,6125.96797826219,32.45085820406494,Medium
35,7,44,1.3508871599817889,11,3,3.348369281368161,125.91816417445393,14.703157549087313,Low
90,1,43,8.681136922531183,94,9,47.04498427229141,5981.897360886717,61.40429150703736,High
95,2,67,3.7957860623332556,89,2,29.737139737323254,1682.9035598497198,54.950169650274255,Medium
32,1,36,1.9488033998542997,61,5,21.651163668315228,940.3504954765469,16.957023424316525,Low
67,6,48,7.982623073654793,17,10,11.503397810367074,933.3730592324494,31.424365919767563,Medium
18,2,84,7.9329724330454106,76,4,18.363964176441712,1335.7268288411692,9.183308131055705,Low
29,1,45,5.275279652255736,68,9,30.77502895723255,2235.585924580121,16.954855038558463,Low
39,1,52,4.513537932604628,19,9,1.732166044439996,69.12539285413376,16.00532685439896,Low
8,6,58,6.591540809610871,79,8,38.05289651313101,3204.418882860206,5.026539032630288,Low
53,1,99,3.970494448369196,22,4,0,0,21.200000000000003,Low
40,4,64,2.9307778040520307,86,3,29.12323250053257,1381.4187695773676,22.989575800127817,Low
96,3,11,5.719711488752068,41,2,27.899573212229836,3068.444259245775,54.470154170244385,Medium
60,4,99,4.935758126771016,70,7,0,0,24,Low
65,4,54,4.818674801151141,100,10,44.690760795444376,3081.268078918262,43.42939671022331,Medium
54,4,84,6.6363971055385855,65,7,16.5814690659866,1045.0841743575188,26.97239597737966,Low
60,3,76,7.908864817743225,39,1,15.158555390524972,1159.788150652789,29.45707994058899,Low
22,7,37,4.441153368840958,73,4,39.019578379523644,3014.743374666704,13.950584346097122,Low
76,4,80,3.786044622586768,31,2,6.704738085459238,277.0050318757885,33.45736056696941,Medium
98,4,83,1.2748769835424225,36,10,1.4493578621157124,52.611690394800355,40.05222242292404,Medium
75,6,96,2.925485639187319,15,4,0.07596151552159375,2.7574030134338527,30.034182681984717,Medium
13,6,80,3.5591302012041552,10,1,1.9548048808770158,82.58436520888162,5.352474780708407,Low
90,6,68,2.03377297930813,18,7,2.9717884907533865,109.58096206505726,37.604765785006826,Medium
28,3,5,3.3219187206247267,80,6,46.57461485855044,3693.1690421325216,19.024535296236476,Low
89,7,80,8.117628080669533,38,9,11.914262592258675,895.9060759991806,41.962216224266136,Medium
42,6,66,8.732550895075299,54,5,28.622099737446526,2527.2336773146817,24.012769133836525,Low
68,2,62,4.42547574782607,21,8,6.13363787030823,306.8166467261226,29.702524251085762,Low
0,3,4,2.244317057286873,33,5,19.191718263389216,932.5617497963867,0,Low
34,6,21,5.702079508383881,87,10,51.08488310588563,5674.037979928122,24.02131615360067,Low
79,1,98,7.909257239917667,71,6,0,0,31.6,Medium
19,7,32,9.36072762976234,42,5,30.161194253911248,4065.2508865814643,11.038376144945882,Low
25,2,47,2.272366907555213,74,2,29.00701404954232,1326.4961057308876,14.351052107431348,Low
100,3,23,9.052274482303648,98,6,58.90305220029289,9931.79293083517,75.34183132017574,High
83,7,65,9.370655282348562,21,4,11.429029909618174,1051.4474616290543,38.89165689498985,Medium
9,1,26,5.7149293867888025,20,1,15.126974097990049,1193.7811859811536,4.416856601291463,Low
32,2,61,6.974843565430519,97,5,40.180373020771135,3672.9457505971664,20.51463161998806,Low
25,2,27,6.527163488392819,39,5,27.45012386456763,2572.161421464266,14.117518579685145,Low
88,4,7,3.835790569460047,20,8,14.095885325139012,929.0005508367396,42.6426274516734,Medium
95,1,70,1.557259458549566,87,3,13.549580216913357,508.3602042154719,45.723260723640614,Medium
72,3,72,6.000912632961644,33,10,9.86164871749616,528.036414516012,33.06023224595834,Medium
62,3,62,4.761421096173014,58,7,24.194084449817872,1473.0841954913742,33.800199415332244,Medium
4,7,77,3.0059498626864873,91,4,21.57701239626132,953.4201725719084,2.117848297510272,Low
19,2,10,5.1054247873625895,63,7,42.603741143605646,4049.2169604843643,12.456826490371045,Low
57,2,44,3.7782453225828068,49,2,23.782286583134283,1425.62335306332,30.933542011431925,Medium
82,2,73,4.506724048381014,73,7,20.094882917991747,1030.8821796062036,42.68668239565194,Medium
12,2,85,7.944861208136295,44,8,5.785834169599252,346.9948023989581,5.216580060211147,Low
86,2,38,4.646350980956853,22,4,12.21410895484787,790.2488536957343,40.7024802207015,Medium
24,2,66,7.215755731188811,55,3,25.44131389629533,1824.8267807488396,13.263549201066528,Low
75,1,54,8.993210877365435,41,3,23.71699360373242,2350.673592200713,40.67264712167959,Medium
68,4,80,6.953969945857033,96,7,27.78380848744069,1948.3978966587413,38.535793862875806,Medium
80,2,91,8.685881658029096,88,9,9.386046067932371,557.9298755801259,36.50530211260754,Medium
89,4,35,1.749286320681239,80,10,30.744958882712996,1266.0168583459333,52.01780804336874,Medium
39,7,0,9.414581588316704,97,3,61.33287206816255,13689.226434177383,29.951892063950037,Low
99,3,90,7.044277139469036,47,6,6.199726195919126,313.2639535740019,43.282637360375965,Medium
49,2,85,2.2305738384706584,44,5,3.883112076840874,141.85636837661443,20.74163495059122,Low
2,5,63,6.119638709212247,67,6,30.051382227514388,2172.9316340929486,1.1606165867301725,Low
60,3,59,1.0973989237964823,84,1,14.470958794423089,529.3958798161922,29.20954516599231,Low
9,6,52,4.754818727116799,93,1,45.09245285234979,3206.162832110516,6.034992454026888,Low
5,6,66,5.3961028754556475,38,3,16.86068884033676,944.9141106390823,2.505820665210103,Low
70,3,31,4.362625908747722,70,9,39.422816160790546,2815.2544099397105,44.55758278753203,Medium
23,6,79,8.847423574635794,24,6,6.98809328113206,539.9314563483503,10.164356872796226,Low
75,2,33,2.603237854577287,10,9,1.568425756274456,58.12107855672734,30.705791590323503,Medium
86,4,21,4.063209772699482,94,2,52.40699269736122,4467.161793489798,61.442008231838386,High
60,1,76,7.393948315334398,21,6,1.7848803469365637,96.59804253709414,24.642556924897164,Low
47,5,61,4.03095783742215,39,10,15.258638904973123,765.8464065161645,23.102936171202423,Low
2,6,74,7.308211533880565,74,8,24.982854641592144,1891.8521958594638,1.0997942556991058,Low
76,1,89,5.968067706164673,64,4,6.895489450751661,339.1781449063728,33.54434318954276,Medium
82,6,0,8.748307837016085,87,6,61.34276787859641,11349.262338209825,62.98064179626944,High
2,1,25,2.289800452567489,72,6,29.53612336775411,1548.026039715492,1.1544334804130494,Low
7,1,99,8.449092095233851,29,3,0,0,2.8000000000000003,Low
88,1,45,6.679701240045503,71,3,38.192141917424074,3778.1902048040206,55.36545093239991,Medium
50,3,49,2.3219477017419545,25,3,8.971498117922259,360.59429661946905,22.691449435376676,Low
32,4,70,7.512744960819913,98,1,38.2749008876471,3145.429759487519,20.14878097042824,Low
36,7,65,6.513384333470641,87,2,36.55219190629616,2900.1075376360045,22.295273451759968,Low
60,4,31,4.186128758387158,49,2,30.517518745905193,2042.5029346337692,34.98630674852587,Medium
4,1,57,4.542531487937539,17,10,0,0,1.6,Low
93,7,70,4.183885896529477,53,6,20.57404312962357,1026.7132558196265,48.68031606632995,Medium
87,4,52,5.284872109489905,78,7,37.32222590100724,2734.583864076419,54.28220192032578,Medium
75,7,90,5.479038814416079,37,9,5.5189402847056845,265.85541159983313,32.48352312811756,Medium
100,4,79,6.966353893018617,75,1,24.37505000101708,1616.263743241416,54.625030000610245,Medium
66,5,20,5.514002613342782,89,6,53.161508095472804,5705.569274450975,47.45195720580723,Medium
26,5,65,8.614366516036773,70,8,32.76111756096385,2955.162152156009,15.51073433951036,Low
20,4,94,3.0836673890947432,12,8,0.04395488022251866,1.5955621520774272,8.005274585626703,Low
54,3,77,7.243422255119056,98,8,27.71175467895225,2010.8360472109266,30.57860851598053,Medium
70,2,46,8.155651230636323,77,4,42.60663244407108,4926.074584710751,45.89478562650986,Medium
20,6,67,9.972652878264325,39,4,19.666453552612982,1940.5205944184052,10.359974426313558,Low
8,4,32,7.977330892100391,98,5,56.50201730864991,7797.943819187694,5.912096830815196,Low
67,1,29,2.5973518447050807,28,7,9.146614481025127,389.5431230451069,30.4769390213721,Medium
65,7,38,9.123428958679009,79,5,47.60095062757916,6813.848239546235,44.56437074475588,Medium
62,7,0,6.041716087863165,68,9,48.98755072705546,6121.543165904359,43.02336887046463,Medium
70,5,4,6.135848592221904,51,2,40.512198311549604,4436.003873240039,45.01512329085084,Medium
60,3,100,8.244872212585218,66,3,0,0,24,Low
80,6,83,1.2783994118691973,99,3,8.443536877898149,307.37868863915463,36.05289770139111,Medium
37,4,58,9.148598534066625,92,2,44.36203672205779,5140.0564856836,24.64837215229683,Low
93,7,61,6.842363440387755,68,2,32.2712091973757,2757.944569183911,55.207334732135635,Medium
51,5,43,9.493308000932238,27,7,19.252574428509536,2028.8686520630306,26.29128777512392,Low
8,3,91,4.848178550791839,39,4,3.0077733226733887,127.309314406811,3.344373119488323,Low
10,5,85,4.090949414689847,37,1,6.789035894301068,280.13002087397234,4.407342153658064,Low
53,6,72,5.2982992445033155,71,10,25.37501713428263,1420.607945729864,29.269255448701877,Low
57,7,47,6.4282284972016255,49,9,27.15521692193468,2241.9910691399523,32.087084187301656,Medium
83,7,1,7.9400307008411275,46,8,35.11988826283023,5166.459264357907,50.68970435488946,Medium
65,7,40,2.844052491934735,95,8,41.88533659960093,2284.5837031461733,42.33528127384436,Medium
86,2,15,2.3521903413234373,11,2,6.191878266323665,305.56336242302376,37.59500918542301,Medium
64,4,80,5.331061900063613,18,9,2.732947631507644,118.30910178513528,26.649451890498938,Low
62,6,9,7.3054866321782335,50,7,35.41442236139888,4859.613705811841,37.97416511844038,Medium
88,4,9,1.2606968811253556,55,9,21.65841140112632,860.0758054604913,46.6356412197947,Medium
32,1,96,5.410262028459261,42,2,0.39854106438769116,15.643839180115233,12.876519884362438,Low
8,1,40,9.432370644561177,39,7,23.194888310057095,2576.9651058155164,4.313354638882741,Low
11,2,30,3.1118770519961765,41,2,22.40204454450154,1217.7846293418409,5.878534939937102,Low
44,3,13,5.271475571438369,17,1,14.241734300093645,1129.756519748604,21.359817855224723,Low
73,7,79,3.5273255761700257,23,8,4.543393290077326,194.8601592248662,31.19000626105387,Medium
84,4,47,2.904188393149967,38,9,16.33149656727862,760.6748711786206,41.83107426990843,Medium
76,3,1,2.916835484842423,87,7,53.498549947643205,3595.0148738042044,54.795338776125305,Medium
50,3,86,3.6646203895380403,37,9,3.143332185329562,121.76854856079225,20.942999655598868,Low
3,2,97,3.9191165795404066,70,8,0,0,1.2000000000000002,Low
2,4,56,4.110036062400209,20,4,9.549724417272433,465.4226513126449,0.9145966930072692,Low
11,4,67,6.333218219654083,12,1,4.740665559672732,279.62211251020824,4.7128839269384,Low
98,5,51,7.002402404421144,66,6,36.257119302012924,3387.692623776036,60.519186149583604,High
81,3,23,7.629770611429807,38,10,29.77888653118877,3043.2186828554736,46.87253885415774,Medium
61,6,60,5.818491190970525,42,3,20.375412719461774,1338.4535089032738,31.85740105532301,Medium
6,6,64,3.321563885557217,73,7,25.129529199534833,1205.395825279141,3.304663051183254,Low
60,3,81,6.179538893946283,52,7,13.814781636995674,746.1968959168039,28.973321389318443,Low
54,1,89,3.867226784011588,42,8,0,0,21.6,Low
22,7,73,7.329435278455437,33,10,11.243360887469228,757.3447499496639,10.284123637145939,Low
94,4,30,4.509975960872925,79,7,44.33079509545589,3648.845129436297,62.60256843383712,High
40,1,32,2.7107940079244512,64,10,24.06819077272354,1125.6410220620082,21.77636578545365,Low
91,3,92,4.205204501054148,85,8,6.431180256293066,269.8757983904275,39.91142441993601,Medium
32,1,10,4.742805260280806,100,10,51.870798384480125,5529.384864119416,22.759193289820182,Low
18,7,71,5.415965307487172,94,3,30.494752142328377,1913.9708497559666,10.493433231371466,Low
47,6,38,4.681052860022039,23,5,14.440617211680003,913.1227109199302,22.872254053693762,Low
35,2,62,5.557023479234683,16,5,6.060929735098144,341.6900672106799,15.27279524437061,Low
9,4,7,3.175398122430364,34,4,24.960749912034977,1429.3459162529641,4.947880495249889,Low
41,5,12,9.117158278872617,10,8,8.523407275987921,1075.1089464765446,18.49675818989303,Low
92,7,47,1.2269666005373896,82,7,20.558837107154364,763.455404605172,48.148478083149215,Medium
54,1,51,3.3871153483487886,59,9,18.89635805994388,879.9908825092552,27.722420011421818,Low
48,5,87,8.106349115152685,68,9,13.959582714947867,932.5737577438616,23.22035982190499,Low
92,5,62,2.1364358745021046,26,1,7.910959268076281,297.5086550410795,41.166849515978114,Medium
88,2,60,5.9378978109252465,13,7,2.782760120235395,129.81311801463164,36.66929734348429,Medium
61,2,52,1.3778724722990958,98,2,24.705516787066525,951.0012902577689,33.44221914406635,Medium
82,2,15,3.8466666546317274,18,7,10.773860976560485,591.2427331004218,38.10073960046776,Medium
74,4,13,1.1421315823165186,85,7,29.06275542875661,1192.328000382723,42.503863410367934,Medium
92,1,24,6.772190688861686,70,5,44.917024051677934,4816.762596093918,61.594197276526224,High
68,4,99,3.655025148737369,23,8,0,0,27.200000000000003,Low
48,1,74,4.378333158105232,63,7,12.590824285042604,574.1394071647854,22.826157394092274,Low
48,5,91,4.777782902824127,61,7,5.779458038255061,265.13757508504585,20.86448391501746,Low
83,6,5,1.3111260193072025,90,10,37.65756145638968,1604.6418162343675,51.95346560528206,Medium
39,1,99,3.9622120414199005,97,2,0,0,15.600000000000001,Low
88,3,23,3.1153262450691988,70,9,39.20251406264878,2262.1482212576893,55.898927425078554,Medium
68,4,69,9.385869739988442,81,6,36.18876471087718,3526.136321451629,41.96501600203789,Medium
19,4,80,8.010594853366083,29,9,8.434556037774954,551.8554359065931,8.561539388306345,Low
53,6,60,7.1016989617054085,93,1,41.939753611446655,4082.1982197767766,34.53684164844004,Medium
80,6,86,2.8709902454887626,10,6,0.5273868068181065,19.144141087497264,32.25314566727269,Medium
86,5,54,9.214815797909509,87,2,43.03241773095864,5267.0310993459725,56.604727549174655,Medium
41,3,35,7.304972990730589,80,8,48.8569626782596,5532.598205437533,28.418812818851862,Low
18,5,52,7.277870526060137,44,9,24.509597609066923,2119.429524395153,9.847036541779227,Low
14,7,23,7.788474546600021,61,2,42.758547261987886,5458.698182595962,9.191717970006984,Low
35,5,56,3.0616284062617165,34,4,15.216328596828307,688.6105666935863,17.195429005333946,Low
97,7,57,8.69770242368577,62,10,34.855638863506535,3249.675474754612,59.08598181856081,Medium
46,4,76,2.692103415566319,71,8,14.241706897985125,579.578498427915,22.330711103843896,Low
71,5,80,9.229842291793895,96,4,28.873984020889637,2508.356212894088,40.700317192898986,Medium
17,6,0,3.1336234809971506,85,5,51.96198556846846,3833.946414849604,12.100122527983782,Low
30,1,32,7.291755757514595,21,6,11.951175280882923,983.5978749967459,14.151211550558926,Low
89,2,95,9.43236909117784,92,10,4.121602167533539,242.4226398417753,37.800935557462914,Medium
80,4,57,7.500552932593977,43,6,24.27929141637642,1935.2716599263115,43.65405987986068,Medium
91,6,91,9.437120687524736,85,3,14.544393309859988,1040.9084451567585,44.34123874718355,Medium
83,5,94,7.379826865545172,56,7,3.6847922463188683,201.15266747834877,35.0350265386668,Medium
93,5,17,1.2309486544338377,42,10,15.433288551320427,593.6448156574668,45.8117750116368,Medium
48,5,99,7.4802358738465085,37,8,0,0,19.200000000000003,Low
10,7,64,4.500219838234823,11,5,4.585334842242153,225.33649816127138,4.2751200905345295,Low
3,4,94,1.343453341211942,97,2,3.408266822284647,123.72008564893262,1.2613488028011237,Low
59,4,27,9.880087304871124,35,9,24.151523264802943,3520.8404060863522,32.149639235740246,Medium
68,2,73,5.4417219883992685,79,3,26.595452157067623,1660.0856270215136,38.050944480083594,Medium
19,4,23,3.879160834726191,80,7,45.87110909057701,3442.3564059913056,12.82930643632578,Low
75,3,72,2.5160404850469074,40,10,7.60910787274184,297.3094448331518,33.42409854273383,Medium
39,4,82,3.0021596428365003,54,10,7.99295935000424,311.63746129705675,17.470352487900993,Low
67,3,7,8.673362499256452,71,4,49.60968824064359,8281.139927549699,46.74309467273872,Medium
36,7,34,8.739055269470391,17,2,14.116770101026123,1443.6710794037049,17.449222341821642,Low
45,1,32,8.05430422546136,93,6,53.62801536659486,6903.761040081466,32.479564148980614,Medium
59,2,9,3.3846039633402034,76,7,46.96000325776999,3166.840501674099,40.223841153250575,Medium
22,3,9,6.585647798926964,62,3,42.54662629165594,5416.042136196028,14.416154670498585,Low
44,6,65,5.804788340373115,33,4,15.71646161478691,946.3588305884098,21.749145866303746,Low
78,4,60,9.482731595425346,78,4,36.91183429045968,4209.0892476648305,48.47473844793513,Medium
38,6,40,3.833492644428063,36,10,19.538278420995233,1114.6629581421385,19.654727479986914,Low
82,6,34,3.75213266442485,21,10,12.70526345629382,671.9162183738212,39.050989620496566,Medium
9,7,0,5.35611639323799,27,1,23.267059897957378,2106.6254268588987,4.856421234489698,Low
64,3,42,3.6219706243351832,14,2,8.257729286516957,426.1669791908208,28.770968046022514,Low
22,5,72,2.7290105099884427,16,7,3.2493803200056286,129.02186415461216,9.228918202240743,Low
2,6,64,9.204094773040644,13,3,6.9321526830686455,575.96452000633,0.8831858321968238,Low
98,4,22,1.9671704478812302,88,8,38.91790916487294,1875.521897383425,62.083730588945286,High
39,1,27,9.365164356328037,52,5,31.288687445408176,4736.407281595085,22.921552862225514,Low
16,2,73,3.2993785941822016,99,8,23.114331825537395,1084.139226533573,8.618975855251591,Low
93,6,30,1.7244797663878053,68,1,28.078284700558264,1204.9487865593896,52.867682862911515,Medium
51,2,82,8.804104549408898,41,3,11.850895771702284,813.0294389934428,24.0263741061409,Low
68,3,31,1.787892368461043,73,5,29.444590185800525,1266.9029568503793,39.21339279580661,Medium
16,3,65,1.0382258683665953,15,10,0.6926499350181031,25.14319264115714,6.466494393761738,Low
65,6,67,5.140185186017167,64,2,27.339168699453317,1586.279974108927,36.662275792786794,Medium
11,5,62,1.6086384071289215,93,10,22.2255765148674,860.2641521534889,5.866888049981249,Low
8,1,39,1.2022313065816728,85,3,21.651686838039424,840.5503590050741,4.239280968225892,Low
76,7,51,8.961368270606751,52,8,31.47399229951994,3220.809883895681,44.75214048858109,Medium
100,5,67,6.452294340775651,30,9,12.798071279768626,812.1715568089124,47.67884276786118,Medium
94,2,43,7.567901484246161,96,1,49.63638047397619,6055.066811623828,65.59491858732257,High
5,6,49,3.7888550818229625,95,7,42.51018028449505,2623.1341576806813,3.2753054085348516,Low
46,5,78,6.466205557182926,39,5,12.505986401934853,719.4065917183891,21.851652246934023,Low
21,3,97,4.905853499501433,33,6,0,0,8.4,Low
63,3,39,2.214593310939199,38,8,14.755514339607098,645.45690440338,30.777584420371486,Medium
15,7,93,1.5556780255278235,88,7,3.1295525851855563,113.60275884223577,6.2816597326667,Low
32,5,10,8.724818721037046,72,7,51.154076177374854,8479.098478380143,22.621582626055975,Low
70,1,40,5.932825406835818,33,4,19.210773185414794,1378.8232271427567,36.06852473787421,Medium
55,5,16,2.4409248489200217,52,3,29.21437547043838,1523.6220631147787,31.640743905244666,Medium
34,1,5,5.51008044449044,86,1,53.27190614518205,6707.544543999466,24.46746885361714,Low
74,6,19,6.335586812735958,22,5,18.829478011140736,1642.4007600385708,37.96028823694649,Medium
69,4,36,7.411894013578423,57,2,37.2094740073467,4176.255767953852,43.004722239041534,Medium
2,7,56,8.675693086612725,82,4,43.12088246966274,4754.320694365372,1.317450589635953,Low
0,5,88,3.8258685248029334,81,10,8.929710236212722,348.88731164743217,0,Low
7,5,66,9.488834963978032,59,6,29.681314412965254,2745.0251300774617,4.0466152053445406,Low
16,4,58,6.120671859627909,30,1,17.740955018733153,1256.266758582878,8.103131681798383,Low
18,3,57,5.951712340793423,30,5,15.261881474306865,966.8130728512214,8.848283199225142,Low
95,7,89,4.581320329570234,70,5,11.545665321714432,521.1692396423482,44.58102923337723,Medium
92,5,5,1.2971026657675946,53,2,24.075624999009,974.9124052379052,50.089744999452975,Medium
76,3,69,9.446372009375438,43,8,17.72657066502265,1539.7954191453784,38.48331622325033,Medium
12,4,32,5.906769154174517,65,4,41.203510199098574,3725.779412677673,7.766652734335098,Low
32,2,56,2.7118765408612715,41,10,12.293364568630512,515.727617134052,15.16032599717706,Low
65,4,43,5.27337047311903,58,8,32.746076545219125,2412.6820027206604,38.77096985263546,Medium
27,3,10,6.581359318915764,93,7,56.743321110090264,8188.617500635262,19.992418019834624,Low
99,4,10,1.9440492907834153,23,7,11.945642910420554,534.3690992976237,46.69571188878981,Medium
24,2,75,1.4068177946369111,36,9,2.7000774445839353,98.01281123839688,9.988811152020087,Low
13,2,32,3.9097800217375456,31,2,20.2544744027206,1197.7826223489144,6.779849003412207,Low
93,3,71,4.307456940361065,26,4,7.6938461374423746,346.04948428266243,41.49316614469285,Medium
49,1,64,7.948803374314389,81,10,29.55863667800684,2435.384933472847,28.290239183334013,Low
40,3,80,7.535416562963513,72,3,22.723685581165242,1567.6152469643228,21.45368453947966,Low
42,1,65,7.25255116465313,61,6,24.466568408404793,1825.761741577836,22.965575238918007,Low
57,1,79,2.077276607185923,23,5,0.4077355551230512,14.800800650966757,22.939445559852086,Low
6,3,64,2.517595206399017,89,5,25.886870214081203,1137.3495742786743,3.3319273277069237,Low
90,3,89,8.171707784512199,38,10,3.183301727198565,171.1345683818158,37.718982932687226,Medium
4,5,3,7.123423129967311,65,7,44.90751753135849,6589.838381965323,2.6777804207526037,Low
41,3,73,9.750753046766018,68,1,28.51010942036187,2702.1523215827215,23.41348691740902,Low
21,4,43,9.935392090037432,79,9,46.18419601461516,6386.213454801237,14.21920869784151,Low
54,4,44,3.4105453831063004,67,5,31.829706058970572,1790.0720353411764,31.912824763106464,Medium
54,3,23,6.89963475500763,91,5,55.338558899189294,6966.436437768557,39.529693083337335,Medium
63,6,56,3.4499549845550725,52,2,22.84669617727537,1118.140366116996,33.83605115501009,Medium
99,1,72,8.478712412992293,24,6,3.9988141621105577,249.96880456600795,41.97529561229367,Medium
3,3,26,8.305258862943402,11,5,8.567368598217607,888.8466197742665,1.354212634767917,Low
71,6,30,2.8082257708239053,91,4,44.31677247125396,2625.486898699903,47.27894507275419,Medium
2,6,91,4.597675825318629,30,1,3.7497528405650207,156.04217032486935,0.8449970340867803,Low
43,7,77,6.140088554622605,86,10,28.387106811680734,1812.2599791432021,24.52387355741363,Low
34,5,5,5.3815013158155445,74,1,50.504257454918104,5531.860161176203,23.902868520803295,Low
92,6,23,5.7484908497835105,70,10,47.15246815015438,4700.612411727696,62.82816241888521,High
53,1,53,4.37427113231273,23,3,9.995864369954456,501.6493965049862,24.378684869645518,Low
75,3,14,8.971385507621891,59,8,42.36569887673409,6592.353472691287,49.064564494530345,Medium
72,1,97,3.7579041098886714,19,4,0,0,28.8,Low
55,5,78,8.819812803981726,34,3,11.538967851674135,933.5338830770622,25.807859391052464,Low
74,4,71,5.396103214215327,25,2,10.696746367691095,580.8147882453832,34.349355387254846,Medium
49,4,50,5.982678834616287,58,8,32.58329618650415,2472.2552038495546,29.17948907883222,Low
27,7,28,6.114630626760672,82,1,50.44530841421054,5453.268394435753,18.97213996310211,Low
2,3,22,7.029534663148267,17,2,13.344632542737568,1261.6027625071147,0.9601355905128508,Low
71,4,1,7.645501274486951,61,5,44.308558491818275,6720.903974573027,47.27544591751459,Medium
9,6,69,3.984095792392955,93,5,33.12528548582948,1720.4177741230833,5.388765416234792,Low
62,3,42,8.730187818167963,96,8,51.362944701062524,6802.033742155451,43.90701542879526,Medium
8,3,0,1.1050620855864743,65,9,24.31024135357682,962.1116981004452,4.366891584971688,Low
68,4,58,2.8973106809982725,99,10,33.83910015679989,1636.660300303356,41.00635286397436,Medium
67,6,34,6.98001158377829,55,5,34.918326009887586,3731.569219977553,40.83716705597481,Medium
89,2,9,1.8355689880089974,85,5,41.6917856115238,2019.0017765603666,57.863413516553706,Medium
75,5,66,2.242525150206139,15,7,2.8697649544680055,106.87112181463431,31.2913942295106,Medium
81,5,19,9.014144232764416,64,10,41.33013157333776,6708.530397852772,52.48644394464215,Medium
11,3,63,9.205562534662455,39,9,18.933378777918975,1669.408295017273,5.649602999342653,Low
4,5,50,4.174091445687134,84,2,39.02633776671026,2495.7471501125615,2.536632106401046,Low
37,3,71,5.836205463639496,19,4,6.733226624820049,351.2975411209917,16.294776310710052,Low
70,1,83,3.950082238448351,63,7,4.652889213295457,190.5051091343739,29.954213469584094,Low
94,7,19,6.090011684183687,94,7,54.46978829519101,6799.63380619308,68.32096059848773,High
79,1,34,4.4530658489405575,93,6,45.7117435045359,3622.726820846233,53.267366421150015,Medium
15,2,26,1.448471307835698,41,7,14.231145133479119,551.4101681502389,7.2808030620131206,Low
31,5,98,6.413873869785161,61,10,0,0,12.4,Low
96,2,43,7.061840117959186,80,3,43.60260298031693,4783.221774911711,63.51509931666256,High
22,5,49,4.118212242681439,31,8,16.080853119712188,895.0128102488889,10.92267261180201,Low
2,7,76,4.157642495822914,76,8,21.475606436537944,1042.4398221179006,1.0577072772384555,Low
95,2,72,8.404661257862546,80,9,28.4431845787029,2361.686807388119,54.21261520986066,Medium
24,5,19,1.5388723023459998,96,8,38.39772014240454,1688.7970551284727,15.129271700506255,Low
72,1,9,2.878736917707965,56,9,29.031014924019548,1600.863528410675,41.341398447176445,Medium
95,7,19,3.461456807581474,28,5,19.07015140058875,1105.3624029880975,48.86998629833559,Medium
88,7,25,1.9927967311962527,24,4,12.069230250085893,524.815851844756,41.57255357204535,Medium
50,4,17,4.894168745702947,13,7,10.201811243522199,673.8785270178834,23.06054337305666,Low
91,5,60,4.326520717638694,46,3,21.09738681152324,1143.466297571185,47.91917319909169,Medium
9,4,78,5.575511008056518,18,6,5.16012238448457,258.91353133258974,3.8786466087621667,Low
75,4,30,1.3428549797437113,23,7,6.8073162276531995,258.41412117341184,33.06329230244394,Medium
86,3,89,8.000843273347641,19,9,0.8961500278018556,46.079594858616886,34.86241341434576,Medium
82,5,92,8.451492700733073,42,4,6.415094324309741,392.54712603169577,35.95622640756039,Medium
29,7,33,6.05022967637994,70,9,44.08873194844074,4154.054842666493,19.27143935902869,Low
51,3,83,6.657296790216619,12,4,2.1575478192628275,124.6157541135435,21.060209632694427,Low
8,3,75,7.958715291181855,64,10,22.00004193368477,1735.2955912511748,4.256002012816869,Low
65,1,38,5.049187395012617,64,6,34.49153953558921,2550.402723284056,39.451700418879796,Medium
93,5,90,8.544472074246615,95,2,16.973600821826796,1176.8895683077087,46.67126925857936,Medium
53,1,68,5.0701244036955,85,3,29.42586732856498,1817.5117321580067,30.557425810483664,Medium
28,7,2,5.8031720156848845,44,3,35.46353229686183,3755.00336623769,17.15787342587279,Low
46,2,3,6.614461660610454,17,1,16.091460713463107,1619.0817177704005,22.84124315691582,Low
77,3,2,5.904827447820944,16,3,14.059631219003812,1342.948816689588,37.29554962317976,Medium
28,2,33,2.3395417688958213,55,9,22.606718878233483,1034.0138840635414,14.997928771543226,Low
38,7,67,4.040190529851525,34,1,14.084967563231087,647.2667808441305,18.411372604416687,Low
14,4,11,1.6904825781665243,57,4,28.574152246668138,1205.8890929674074,8.000228788720124,Low
50,2,59,9.082503756173423,59,1,32.03874373160432,3513.8611825641474,29.611623119481294,Low
98,7,14,6.730281035382644,99,1,59.4480798579223,8457.481413830808,74.15547095645832,High
27,4,97,2.702335349950072,49,5,0.6774585584168435,24.591745670531417,10.909748286463529,Low
26,6,99,3.0815312714116905,39,10,0,0,10.4,Low
67,6,26,2.0451002906893585,23,4,12.325685731498707,496.0337515649215,31.75492566406248,Medium
20,5,82,3.573144976764531,29,6,4.44404274728389,175.8056534218126,8.533285129674066,Low
39,4,64,8.296457082102052,93,3,43.07944685761431,4183.864375233256,25.68059056468175,Low
62,2,95,1.640763195327105,69,5,0.7521441682242425,27.302833306540002,25.079797630579417,Low
96,4,33,1.4564574466130689,54,2,18.903572928595587,759.0176842278818,49.28845800687107,Medium
23,2,24,3.008272136976044,80,9,39.54403856709643,2377.445937196591,14.657077322259308,Low
97,6,86,5.825339638307005,58,10,10.450905780809336,534.994951456296,44.882427164431036,Medium
62,7,48,1.8160373766980327,51,8,17.317058897494626,685.6547233186267,31.241945909868,Medium
71,5,30,2.5165299251045514,97,2,45.569518141960124,2533.4562896936463,47.81261472847501,Medium
84,2,31,3.3698903460516405,75,1,41.83181294305183,2555.407319272336,54.68323372329812,Medium
91,7,26,9.40450462077116,63,7,44.39950758079181,6307.597977239236,60.64213113911233,High
5,3,19,1.3534631610841958,12,10,2.337489707345471,85.26885747538616,2.070124691220364,Low
40,3,29,1.4748815517313258,11,6,2.9444067080143213,106.88196350091982,16.706657609923436,Low
28,7,49,1.7425548489402878,85,3,27.202644154443387,1154.847881089186,15.770044217946491,Low
34,7,90,7.197834492344216,67,8,9.7292017092199,525.8911179708623,15.584757148680861,Low
43,7,97,1.898200590629787,82,1,2.157880019132666,78.9494536264753,17.756733044936226,Low
3,6,15,7.313618186999456,91,2,55.45369898053494,8509.05115671523,2.198166581649629,Low
61,3,10,2.4013760495733134,86,6,44.82523121918984,2639.0937699754045,40.80603462622348,Medium
70,2,12,8.539921185356846,19,2,16.2326754809394,1907.6521212987,34.817723701994545,Medium
25,7,60,7.042338971542482,14,6,7.919891134488709,542.5515635220585,11.187983670173306,Low
23,4,16,6.275191056183164,97,7,57.03081285024557,7477.112629034699,17.07025217333389,Low
99,1,38,6.4678109251110865,44,1,28.594513296531108,2413.0493945559488,56.58514089813948,Medium
51,1,70,4.610861013040332,64,5,19.273500260991817,1041.8374506676907,26.297691079863498,Low
92,5,51,1.5918336231898436,72,3,20.230362032861397,787.8495658504497,47.967159842139495,Medium
29,3,53,1.4107128061083025,73,9,16.556142973365695,636.4535913463907,14.480768877365632,Low
23,7,88,4.211319132612436,25,9,1.6648316613517697,67.10838200444563,9.429746769266545,Low
7,1,9,4.481093302295519,25,9,13.177463418966685,858.1128489556588,3.353453463596601,Low
81,3,36,5.552176040192757,62,4,39.61331083106545,3174.576056055938,51.65206906389781,Medium
48,1,74,9.123079059428354,85,5,29.9234776284804,2541.199211993922,27.817961557002356,Low
4,5,68,1.6448404829625747,54,6,10.928916741022887,422.66653243601235,1.8622940017845493,Low
3,3,100,8.240619679353042,48,4,0,0,1.2000000000000002,Low
20,1,65,9.95020830221486,99,4,41.4888495676105,5008.27864058042,12.97866194811326,Low
42,4,8,5.334052694452957,25,10,20.40168352763885,1598.7594000135175,21.94122424896499,Low
40,2,26,7.5699987899379195,74,8,46.74549692599338,5628.344736345752,27.21891926223841,Low
76,4,83,1.8126098333322702,47,8,4.484858730622501,164.50377417794817,32.44509558116386,Medium
54,1,53,2.9050686375676187,10,4,0.9110727594084238,33.60837221760941,21.895187574048332,Low
89,3,15,3.367017201010188,95,1,52.49061481549887,4091.0490056213503,63.629988311476396,High
37,6,4,2.457999636217806,10,2,6.391421806972467,348.5663332729328,16.21889564114789,Low
97,2,75,5.089098975086024,20,1,6.076783629248105,286.4821845802196,42.3366880722224,Medium
2,3,39,5.897166702547494,97,3,51.555128338154766,5218.130068003806,1.4186615400578573,Low
61,5,59,1.6446039283377674,22,7,5.103780720281443,187.872346613639,26.26798374362301,Low
56,5,34,9.572896585946841,17,1,12.312802880553804,1579.090165638593,26.53710176786608,Low
5,4,5,1.9070659484112806,92,3,46.13802693361,2488.8631173847666,3.3841408080082998,Low
1,2,68,9.475409336340968,98,6,40.830707276194765,4394.375473186626,0.6449842436571687,Low
42,3,48,1.7124902604838559,24,3,7.160041817607516,272.2675536609205,18.604330538037093,Low
75,6,74,5.983898911640853,62,5,21.90810845627852,1367.134821952564,39.85864880532533,Medium
69,7,66,6.850057518178477,19,10,7.624717744098321,501.2937296895789,30.756633146056707,Medium
8,7,86,5.191182094943512,70,5,13.164821465780017,692.9047694603944,3.831911430357441,Low
95,6,75,4.385002989872312,55,6,17.19993717041983,809.4845380938694,47.8039641871393,Medium
65,1,71,5.52201792943681,73,1,25.52451393623087,1537.3118002761462,35.95456043513004,Medium
70,7,87,8.04731684108701,27,4,4.969756180123932,303.5738607795264,30.087297595652053,Medium
50,1,31,8.69864160657726,99,10,52.132708726428675,7649.345104263899,35.639812617928605,Medium
42,1,19,5.918916271107123,71,10,42.87966782449989,4301.238443717145,27.605676291773975,Low
76,2,22,3.364649310596686,82,5,45.58265437059259,3026.461141359904,51.185690392990224,Medium
100,6,71,5.3429072450277815,29,7,11.288131507175517,592.6742652946444,46.77287890430531,Medium
50,4,56,2.235983300934594,75,9,24.54472098745355,1029.20897514224,27.363416296236064,Low
35,7,24,7.242075018527272,59,7,42.35231965712085,4847.462671921603,22.89398712799538,Low
71,1,12,8.898383707886673,82,7,51.95339321456884,8818.43755430286,50.532145509406334,Medium
48,1,78,3.4461877029059784,94,8,13.7304389092996,579.5938816934569,23.154366405878285,Low
42,5,91,1.683444346344821,34,6,1.2921134462333537,46.903718098270744,17.125612588450807,Low
79,4,60,7.842534803352961,90,1,43.36766498805446,4239.626949148648,52.156273204337815,Medium
78,6,56,8.393711165292585,82,8,43.016260363654396,4525.186188030826,51.33160985019026,Medium
78,4,47,4.404388463859227,70,10,33.98305929134428,2277.750302945258,47.10407174834913,Medium
98,5,27,4.06580205446796,22,2,14.83498955528731,875.6311039660625,47.92297385850894,Medium
65,7,94,2.8809695314531254,47,8,1.5358048561808557,55.74971627936506,26.598963893910533,Low
67,3,79,2.840779334518312,44,2,9.077755859621497,367.78040501065817,30.449257855567843,Medium
8,2,60,8.675611031307596,56,8,28.20258655830029,2573.05024512815,4.553724154798414,Low
60,6,19,6.54455397377872,97,2,56.65016452168333,7567.357495227994,44.394059227806,Medium
59,1,19,2.6174697318911075,97,8,43.10904340269092,2624.0903376196356,38.860601364552586,Medium
62,7,53,6.027699141209444,55,3,30.294293594503703,2266.4143181079494,36.06947721715538,Medium
19,7,60,7.202414891320925,27,1,15.564151408433162,1088.449370748137,9.374313260561381,Low
54,4,71,7.124981356629202,39,8,14.500120265167874,1019.7997100109313,26.298038965914394,Low
27,4,55,2.3735839061437094,32,4,11.386108258546875,468.435598839839,12.644549537884593,Low
75,2,59,6.41033740910861,89,7,39.47630494070657,3309.427517249283,47.76433722331795,Medium
19,4,46,4.392808272422386,91,5,42.27055945336871,3023.2541423932653,12.418843777684035,Low
89,7,61,8.686545264169377,40,5,21.467499250482646,1992.6525479788015,47.06364459975774,Medium
10,4,19,2.8470260328151373,53,5,30.54439609281965,1718.2166803609416,5.832663765569179,Low
40,3,61,9.931998248375995,79,5,39.66387025756618,4451.730208106386,25.519328861815886,Low
33,7,83,6.774897159489828,62,2,18.101546106519987,1116.5084608985067,16.784106129090958,Low
98,5,77,9.161515871771181,87,2,28.720281801332177,2666.073349488052,56.087525699183324,Medium
0,7,5,9.122347143641829,87,4,57.18849807611227,11245.732812956332,0,Low
15,1,36,9.499475715927664,32,5,20.15871924138809,2263.6968092407055,7.814284731724928,Low
36,6,23,1.474570501258821,31,6,13.054846608594579,513.6494903592205,17.21984686745643,Low
17,4,94,5.705881223945937,78,2,7.365535965079841,350.7917692857516,7.551284668438145,Low
50,1,11,7.443472297884671,83,10,52.29052084144289,7209.269377135534,35.68715625243287,Medium
36,7,33,9.294593400455293,20,2,15.500145201896872,1880.486158342086,17.748031363609726,Low
57,2,84,6.938932602494711,10,6,0.07604655822082153,2.760490063415821,22.826007922911522,Low
47,6,86,1.1191714972475473,52,3,3.1983074083570604,116.09855892336118,19.701922689156692,Low
74,4,39,1.1224849886715798,95,4,24.63900725716936,936.5849042663542,40.539719222183194,Medium
36,5,90,6.025391795181472,97,4,14.354094507963845,779.2463682508381,17.50048441372019,Low
6,2,18,9.72187241336617,29,1,25.891410463012505,3384.8945527085725,3.3320907766684504,Low
26,6,24,7.934848592763165,45,8,32.67316718896077,3953.959677025758,15.497014081477879,Low
31,2,43,8.15563565052135,99,5,51.676807224270796,6734.489842438672,22.011886143714367,Low
84,3,60,1.1420120460096137,83,7,13.610729988678942,499.65561523996246,40.45980791429419,Medium
80,7,76,6.468875176868868,12,4,3.7380729303290416,210.902871490013,33.79427500655794,Medium
31,2,78,9.892332955400132,66,1,22.422308424824518,2066.956530272216,16.57054936701736,Low
67,3,51,5.240504335933917,48,6,26.01451884569217,1673.8873992932956,37.257836575968255,Medium
31,1,65,1.5544014157271484,78,8,10.999039709495925,407.3847420609433,14.445821385966243,Low
85,2,84,4.213411673341299,61,1,13.24741905994512,589.6406029342377,40.75618372057201,Medium
27,1,72,7.517838070453995,56,4,18.10477398477645,1326.8779619694599,13.732973385533786,Low
9,2,41,1.9742312505666928,64,7,21.889235791076135,923.8003186779589,4.782018732718111,Low
70,6,44,5.821293184566006,86,2,45.34537979921182,4136.756913811461,47.04505951566897,Medium
78,6,91,3.7509072184208883,93,7,9.478893119672321,366.27119166933375,35.63612198000665,Medium
2,2,69,1.5513479714045053,65,7,10.286374952097997,378.49099806546144,0.923436499425176,Low
38,5,22,2.116386508966623,21,4,10.578113138804559,453.5441488065676,17.61180979564744,Low
8,5,11,5.441164675269652,80,5,50.4212665537838,5670.494150073575,5.6202207945816225,Low
22,2,47,4.535234422602097,49,6,24.644354042305096,1517.2331409703359,12.053054733584274,Low
73,4,64,3.7403863551019016,10,1,4.636758052139357,199.99518691675942,31.23090002683704,Medium
37,7,3,3.3145626094995597,23,6,16.917668230232785,1021.2284827716225,18.55572234711168,Low
49,2,89,9.46756347610156,70,7,12.310868328406405,864.5624814829825,23.219395288551485,Low
99,1,97,4.726490957280379,74,1,2.180061747597533,85.94992577551335,40.89495667807294,Medium
35,1,32,1.052529445200849,47,3,12.201017668093206,457.51215704578306,16.562213710299574,Low
72,1,14,5.211000193799673,43,10,25.266941670084883,1983.9169320710646,39.71531880147667,Medium
28,3,59,8.791844699150975,67,6,35.14990136483736,3412.487700943224,17.10518342929268,Low
30,4,40,5.111433561527988,84,3,46.1073314538208,3824.4664047534284,20.299319661687743,Low
1,6,45,1.433504108020514,14,4,3.978232581373752,144.89020565415203,0.42386939548824254,Low
47,5,74,3.30791953266898,14,4,2.9623564281139867,133.1958657847875,19.635384512728145,Low
16,1,44,3.417503293035158,79,2,35.257187663272184,2098.091154497478,9.78469001567413,Low
51,7,37,2.44079303357669,65,3,29.909207133098665,1480.886020358348,29.552217382728195,Low
77,7,58,1.2457706575694163,72,1,14.644961437138207,544.65413268777,37.565972183957854,Medium
100,1,43,1.9138662222337248,11,8,0,0,40,Medium
87,6,31,2.345158912294181,36,8,17.34305912510087,776.7658574073296,43.85307686330266,Medium
89,4,6,7.437117827741088,13,8,10.485428883629519,1121.0057130088699,41.19921902385816,Medium
31,2,53,9.775058452270496,63,4,35.76693451642828,4230.749796018125,19.05264982005566,Low
71,2,56,4.317370162589864,10,2,4.883368143880497,238.1566184413761,30.480314829293093,Medium
22,6,33,5.446417200425491,11,9,6.904531282642668,499.4991916686619,9.711398129308833,Low
46,2,37,2.208702613409173,33,1,16.247778182170922,661.274054636442,22.884386778279175,Low
68,7,100,1.6890853760457514,30,4,0,0,27.200000000000003,Low
95,2,36,4.371782223498763,76,10,40.74226907025606,2892.3531696944424,61.22309337004596,High
62,4,31,4.266839606651029,21,4,13.542441545983552,849.9960879474959,29.83778825510588,Low
75,5,19,5.049767563766128,78,6,47.52955008849637,4686.124769416471,51.38829753982337,Medium
38,1,75,2.4008607593721627,28,4,2.161707613398849,80.07851363761093,15.692869335854938,Low
1,6,10,8.941403712190688,27,7,22.859621495711554,3180.5124507363485,0.5371577289742693,Low
25,6,89,5.924934488384853,58,4,9.950108954494972,509.3989882380843,11.492516343174247,Low
53,4,19,5.7867059938582,83,4,51.48882273981224,5994.010420858528,37.5734456312603,Medium
34,4,75,7.85504900989258,66,5,25.14105208615539,1823.0272513007058,18.728774625575703,Low
1,5,57,5.119041295519848,77,9,35.16814512778043,2297.4090381826086,0.6110088707666825,Low
20,5,37,8.17079032860185,44,9,28.249801432785926,3063.160792354037,11.389976171934311,Low
86,1,68,9.998974057664915,97,2,38.66032379834989,4445.596648385916,54.348727079948546,Medium
41,4,69,1.8734024573556813,33,10,5.363948550452938,199.460316823925,17.719531343411425,Low
98,3,53,2.199268543904371,35,9,10.703953496125212,413.92172342277536,45.49392465572163,Medium
26,6,97,4.5845794480833595,66,3,2.8868191028238517,114.24689858754472,10.850343780040522,Low
68,2,70,8.994045918952974,48,1,22.938998434019734,2096.435381543996,36.559111361080056,Medium
57,3,91,7.550085570949419,61,3,8.210060713914299,507.1606770818509,25.60784076415869,Low
34,6,71,7.6917379432751485,82,4,33.82691756249428,2785.328612315718,20.500691182748835,Low
66,7,80,5.308758494489607,100,8,24.606019704993106,1403.354259129645,36.14398380317727,Medium
49,5,92,8.781742991004464,98,2,15.004823336994487,1077.7587698046632,24.01141806107638,Low
53,7,80,6.068304637012923,64,3,18.835955071538695,1079.2699925178574,27.18983371274931,Low
98,7,34,6.3116168845135325,22,3,15.696779896909895,1329.4666109495106,48.42970657938302,Medium
20,1,4,9.08831458551368,100,1,59.903031994018804,12752.04167412518,15.188363839282257,Low
47,5,84,4.3870300181816315,81,4,17.089096847222912,796.8959129071378,23.61912531091686,Low
50,6,12,9.378680128466415,34,7,26.594278378586388,3970.2483772957034,27.978283513575917,Low
41,7,64,1.0792768191810556,68,7,9.862583803710528,358.1139992138459,18.82619561571279,Low
51,1,21,3.3518128323505905,61,2,36.13997993677852,2223.7313262118223,31.45883386065423,Medium
66,1,24,6.765249106516521,42,5,29.189697733581163,2748.07557746381,37.95912030249814,Medium
70,7,40,5.633530102031199,76,2,42.580939083392096,3833.142704142465,45.88399441502468,Medium
73,7,45,7.81257065205967,27,5,17.221638470416046,1690.6461574970845,36.74307765004223,Medium
15,2,99,7.200909188717112,35,4,0,0,6,Low
0,3,81,7.157592552526866,71,10,17.972694532763445,1194.5872333006043,0,Low
18,1,56,7.721329240934181,38,6,17.20950915330516,1413.5648785795051,9.058626988556957,Low
98,3,30,9.388345509766557,65,1,44.68142504420503,6466.386038213675,65.47267792599256,High
57,5,19,7.404866841310211,76,3,50.0791040547248,6757.191185791395,39.927053586715886,Medium
79,7,55,3.3211832160160304,57,1,25.82431591458853,1323.3188021449878,43.840725743514966,Medium
57,6,49,2.9961489872127687,55,3,25.7508954070315,1225.1669145728051,31.60680622920477,Medium
86,7,3,8.920425463459393,94,4,58.770464522946156,12142.125561348797,64.72555969384021,High
25,7,61,7.97156442408427,79,3,40.28059277456716,3602.7530373872037,16.042088916185072,Low
30,4,27,1.3874269872230873,62,5,22.89353085231436,890.4040377039183,16.120835553416583,Low
3,1,1,1.7858366857216486,79,3,39.6074003083679,1920.909902365532,1.9129332055506223,Low
96,4,12,8.43777596669924,82,7,53.79040850276785,9100.820848461815,69.38327529759428,High
3,5,69,2.6433473366794664,28,7,7.0375511226064535,277.77190414409824,1.3266759202069163,Low
78,2,15,8.919324234950512,31,8,23.290946273148908,3035.305638377032,42.100162855833695,Medium
35,1,1,5.991433297293165,98,5,61.92560215536437,8150.735617491271,27.004376452626516,Low
28,2,44,9.891035946587206,68,5,40.99899906535964,5381.849103353939,18.08783184298042,Low
89,1,71,4.17036183673105,91,7,21.954623763289,1134.3163388303308,47.323769089596325,Medium
89,3,67,3.4197604931816565,40,10,9.817181564897258,449.9819047305951,40.84237495565514,Medium
97,1,39,3.9203463466400215,49,5,25.11124890079549,1333.9857774051927,53.41474686026298,Medium
19,6,79,3.9375552179343285,90,5,22.044227260169222,1004.73193897697,10.113041907659293,Low
5,1,27,8.943102128167137,77,6,46.81403403166991,7013.664587977729,3.4044210209500974,Low
22,3,91,2.6517223711301874,60,9,2.3224953899632492,84.94378047525957,9.10656939147515,Low
90,1,78,6.147402465957565,87,9,18.227007222102564,1040.0800435964854,45.842583899935384,Medium
47,6,24,6.976631838106921,31,10,22.485181020097528,2315.253331719405,25.140821047667504,Low
74,4,74,5.32363690382216,95,5,31.177897073907857,1813.6640179256187,43.44298630081509,Medium
79,1,33,2.478882787906494,17,7,2.9673978577979527,120.13539384055251,33.00654658459623,Medium
23,2,80,1.186877754730344,99,3,8.893692275190686,323.0608781514099,10.427329533976316,Low
87,3,54,1.3682918553069667,91,9,19.948706597698948,745.5421939280764,45.21322484399886,Medium
35,7,83,4.37286482362339,58,5,12.708468064170747,569.3087611549345,16.668778293475857,Low
99,2,48,2.5407905051241637,24,9,6.234082399414322,252.8008955078699,43.30304494525211,Medium
95,7,14,3.842521945732528,87,4,54.90638280254196,4264.367894183994,69.29663819744891,High
29,5,45,8.627657488141677,79,9,45.23929844540675,5319.301114278296,19.471637929500776,Low
87,6,75,5.122294936071303,50,10,15.591229292251692,806.0867429471087,42.93862169055539,Medium
84,4,98,8.18044322154551,12,8,0.09182736455463728,4.849503454587945,33.64628099173554,Medium
41,6,79,7.7771124148888715,10,10,2.0045736193320134,108.97145314187361,16.893125110355676,Low
62,5,63,8.179334949861026,44,4,23.033657294704735,1845.5217399241951,33.36852051363016,Medium
72,6,88,4.220020401838457,79,8,11.492563432545598,507.9871006048658,33.764787402859696,Medium
8,6,35,3.004521702789196,79,4,39.45145018103453,2345.564388155006,5.093669608689657,Low
82,4,93,1.7854774796935433,16,5,0.2525365832197205,9.167077970875853,32.924247998944104,Medium
84,5,30,6.811541977642936,77,6,48.278477530316366,5447.613896003726,57.932352675279446,Medium
2,3,20,7.888741367955134,42,6,31.86784189702882,3849.4720955224975,1.182414102764346,Low
81,1,5,4.2202074509468686,12,2,8.932778503412056,510.0989364606739,36.74133035265826,Medium
90,3,32,6.967031098687123,24,7,18.3481679626483,1557.8534675937772,45.908010699830086,Medium
30,4,15,5.4317185232560705,96,10,55.08894803959927,6450.125832231614,21.91601064712787,Low
1,5,10,2.2877797568907794,77,6,39.9585484321463,2223.316831913021,0.6397512905928778,Low
88,4,53,5.884201880327714,96,4,46.78868371507209,3878.5100119268877,59.90442500155807,Medium
23,6,50,8.474828821703486,81,9,43.52906729870345,4855.519266424112,15.207011287221077,Low
83,1,47,3.1077787389782667,27,4,9.013151296960714,419.60902686407167,37.688549345886436,Medium
32,3,18,7.671562207751785,12,3,9.889699370508634,972.7322985405333,14.698822279137659,Low
97,3,84,2.6922470501855376,43,4,6.391627221992051,239.78137217891734,42.519927043199374,Medium
92,6,23,3.0360417977222562,67,6,38.01052418111168,2276.886451790089,57.78180934797365,Medium
82,5,83,4.990207750589567,13,9,0.5618618812749371,24.91801033298858,33.07643604558727,Medium
3,3,94,9.078579731575353,15,4,0.27548209366391185,16.58863145047372,1.2049586776859507,Low
24,3,91,8.517762046156395,40,4,5.625146959928974,335.5067083998027,10.410021162229773,Low
19,6,30,2.0708582268999813,25,7,11.387756491027414,511.7418424232597,8.898204239977126,Low
78,6,10,2.1754163101503767,61,8,31.589457544350964,1607.424493308413,45.983866130756255,Medium
27,2,100,4.378545299533147,86,2,0,0,10.8,Low
33,4,21,8.514303729735268,38,9,27.2871319174974,3629.037327087756,18.602852119664487,Low
94,3,35,1.573419752773853,50,7,17.27234630511323,666.2705927612182,47.34160331608386,Medium
39,2,97,7.063623507670036,71,10,0,0,15.600000000000001,Low
28,7,91,8.48442944610846,15,9,2.0514007926384847,119.96050567103705,11.544635333163267,Low
92,5,44,6.653359392685085,14,2,8.956336130497935,696.7520815388998,41.743897544034866,Medium
11,2,67,5.4611136085304945,27,7,7.830088451461344,402.199803910876,4.916785837796449,Low
65,2,45,2.2509489399934415,99,7,34.774865594500554,1646.6350366741199,39.562197581855216,Medium
44,1,33,6.159881585080555,22,9,8.728739981014924,526.4072814042826,19.90438735498794,Low
72,7,14,4.197818407068018,14,6,10.277100668674445,680.8236695940739,33.23970748886736,Medium
22,5,19,1.753213129399307,43,2,20.91325791702997,870.6380398658922,11.560550045047957,Low
20,6,68,9.65928714294468,95,7,39.89044368511971,4214.890182141652,12.786853242214367,Low
74,4,41,3.4622961375135075,47,4,24.912684150038636,1352.4366606283038,40.661231762617156,Medium
8,2,5,2.6587863518927906,92,6,51.55804090947622,3235.389713487135,5.674785963654859,Low
33,5,23,7.909092582018509,42,3,30.265123884757276,3784.1316502241266,19.192494529181943,Low
1,3,25,2.503260532969873,45,8,23.44891134983362,1151.5655996384337,0.5406934680990018,Low
23,5,20,6.026654341494833,92,3,53.66347296097701,6602.250233513863,16.605559268614826,Low
13,7,55,1.4761993681381933,89,6,22.237167853265863,858.4416712327408,6.934499092554738,Low
37,6,78,4.324762921185714,19,9,2.773899531206876,120.03284610987888,15.415805695927927,Low
6,2,39,7.845525560313562,45,4,29.39063544375233,2939.1900043272144,3.458062875975084,Low
62,5,36,7.369241260440893,16,6,11.858887355295455,1026.8852180549577,29.21150609616991,Low
34,1,87,3.0039141495394768,92,1,11.920142571057411,478.4205373069802,16.031709084495713,Low
39,6,90,4.470177746433855,40,1,6.432167802840817,275.2342725647029,17.105127265864752,Low
84,4,15,7.707843270545683,80,1,51.965100715854796,7843.627096164657,59.79041076079082,Medium
84,6,22,9.631421655681102,74,5,48.179694292129774,8428.015390129334,57.88256592323341,Medium
26,1,89,1.2596076289093883,84,10,0.14024660807636502,5.09095187317205,10.421878470859914,Low
19,1,12,9.61621439314899,77,6,48.570184374653394,9256.857656901248,13.137001018710487,Low
44,2,7,6.525179209109766,98,6,59.06604303649687,8505.50872386152,33.193435361635174,Medium
82,4,91,4.387138198130931,21,2,2.003863344721013,81.95824956474765,33.78590076560274,Medium
38,7,38,7.381592081053215,39,4,26.988909486689387,2715.257485532069,21.35347136296518,Low
4,1,5,5.560270355275016,11,9,3.619330094977725,180.07874235552507,1.6868639222794655,Low
99,1,16,5.017429923209379,78,5,46.86601498270651,4403.9135423318285,67.43841289972767,High
17,1,47,5.552341714032889,94,8,41.668801618219554,3464.9863995302026,11.050217765058395,Low
71,2,97,8.424357372853617,49,5,0,0,28.400000000000002,Low
4,5,75,1.171689637817373,83,8,8.123059343100376,295.1372665817688,1.7949534242344092,Low
6,4,77,1.95131535273316,89,2,15.406596239549108,587.9184800853008,2.9546374646237683,Low
20,6,51,6.762758618086512,60,3,34.08735301009076,2909.559267016479,12.090482361210892,Low
93,6,20,2.397245042659722,72,7,37.48819627741267,2035.2583038037506,58.118413522796274,Medium
43,4,42,2.93902406536457,85,8,37.279659909848455,2132.992823615434,26.818152256740902,Low
30,2,60,2.6899413406154817,21,10,2.3844050799683463,89.05973401537979,12.429192914394303,Low
56,6,9,2.1067819505554217,85,6,42.37292223876383,2390.760407568377,36.63730187222465,Medium
95,5,48,4.540811297027107,65,6,35.65913357789836,2283.425564635191,58.325706139402065,Medium
88,5,35,8.46890076473635,13,10,9.258703220595892,911.1477706482141,40.08859530047464,Medium
16,2,87,1.7510021036609005,32,1,2.8389457990996614,103.05373250731768,6.672538796713567,Low
59,7,28,5.182382430125352,88,5,54.205768204677355,4862.211578638102,42.78884194445578,Medium
40,3,24,8.873889042778869,68,8,46.78829190720236,6575.810942278213,27.229190057728566,Low
60,1,79,5.288097967092152,97,8,18.68304856187664,983.2786030392932,30.72589748227559,Medium
49,7,85,4.559289798589672,94,2,21.52251598908342,1024.3828152506812,25.927619700790526,Low
80,6,4,2.2669111646806446,51,2,31.640696130283,1658.752048388451,47.18753414253584,Medium
43,6,50,8.192124752362194,32,2,17.724415717693876,1910.2252160444343,21.77289925516502,Low
1,7,40,6.351544627065427,69,9,38.99742758726776,3853.999028895301,0.6339845655236065,Low
52,1,61,9.389019999331339,87,1,43.529683470736195,4777.922012626408,34.3812612428697,Medium
98,4,90,5.458879838647224,90,1,14.386309818442577,711.5058495220936,47.659150173244235,Medium
78,7,38,2.295980677342436,71,1,29.37364065454492,1434.2449765329043,44.946863826327025,Medium
20,3,47,7.366824938855186,62,10,35.45285555434685,3512.9565699566165,12.254342666521621,Low
4,7,10,9.461023721939613,29,7,24.55569495894572,3466.692525262837,2.1893366790146973,Low
2,7,69,9.800485790810491,13,4,6.529862122661002,582.7622786756901,0.878358345471932,Low
26,1,76,3.1628869551799665,87,7,13.939056484307855,578.7664099568715,12.574492811552027,Low
42,4,2,8.854337187065479,56,2,42.668784165281075,7252.899360282348,27.55253360965083,Low
72,5,97,2.2850868947013363,11,5,0,0,28.8,Low
13,5,26,2.332374913899232,22,5,12.156650611014328,506.2948118845747,6.148218747659118,Low
20,6,14,2.1539718652751234,97,7,46.55031671613989,2614.070996253745,13.586038005936786,Low
28,1,59,3.7076763360734315,56,2,23.41637392465068,1119.8198648180971,15.133950819341315,Low
3,2,81,4.5897953210921685,30,4,4.530769445261678,211.66477976231172,1.2815538500147103,Low
63,2,37,7.114193146137527,90,9,50.153009962086244,5684.604246786695,44.1578377656686,Medium
68,1,49,5.843941350498945,93,6,39.581695604971515,3530.9297746757666,43.34933180682838,Medium
92,4,61,5.681701575453872,67,2,30.152017028067323,2151.9141753358995,53.44391339949317,Medium
26,3,11,3.905298253007279,70,2,43.65422630952331,3591.8721365494634,17.210059304285636,Low
43,7,67,8.224359506159741,13,9,5.249405921879252,321.583922090134,18.554346727844845,Low
18,7,84,3.445156212792328,75,7,14.024365430859877,577.0299536319513,8.714631466532866,Low
6,4,73,8.349747870064244,78,6,28.65261319867392,2395.4808598719387,3.431494075152261,Low
98,7,36,5.825105715221497,83,7,45.76942638023954,4500.898387914367,66.11242271158085,High
12,3,5,9.577958679620346,56,10,41.88790466802921,7385.125864592578,7.815929136098103,Low
68,7,18,8.24317950172835,41,5,29.19117202230357,4075.7107033280276,39.109998185099855,Medium
16,5,89,7.62321250231095,96,5,17.267659815721885,1073.787984354028,8.057695342309302,Low
35,6,98,2.6592607126209513,92,8,0.6857654818924774,26.048221315578484,14.14401075119742,Low
80,7,34,7.761570309212405,83,3,51.631916702392125,6310.300799026382,56.78332001714822,Medium
21,4,47,2.318435316634272,36,1,15.252326793435445,668.1979607576343,10.321793175972866,Low
22,3,88,7.071910536140812,55,4,10.430634676046322,619.1501077473246,10.176843777238116,Low
7,1,57,6.782182752084001,18,5,5.742344924014785,385.6338440540152,3.0411784868086214,Low
45,6,11,7.283615659893493,85,7,57.241621422356864,8033.435969257287,33.455237784036356,Medium
97,4,25,9.737822288639292,92,6,58.391665415721484,10020.456811244047,72.78394927194991,High
64,1,54,1.1294280018047802,29,3,4.310555687512405,157.59629411691307,27.255253384004764,Low
68,1,92,7.410604241307112,41,3,2.657939104184453,133.51834574087906,28.28443915450726,Low
65,5,46,9.06864647513235,70,6,39.08239513462705,4994.331939664085,41.24213410250455,Medium
97,4,90,7.724280406575019,40,8,5.2304733533603365,285.58726414096424,41.84413549165572,Medium
52,1,46,9.701246934013499,49,10,27.9070808599616,2823.421601987569,29.50700922830802,Low
15,5,57,6.990707184964197,32,2,19.129499197391798,1512.4617120442301,7.721654927765262,Low
79,7,44,3.9571221681911446,65,6,32.62822559297376,2023.6613116024364,47.065778931069566,Medium
82,3,10,2.995635906924521,92,5,51.10629098281258,3522.7944019152133,57.94429516354379,Medium
94,4,37,7.378835247759379,83,8,49.29483270942993,5568.488982662243,65.40228564811848,High
63,4,90,4.351209886383445,96,7,12.31528800732386,535.4890630001594,29.85517886676842,Low
27,3,91,3.844628013437752,90,7,5.622288561138309,230.26013231617932,11.710810746904407,Low
90,5,7,3.2101126582809147,29,1,21.119624215702725,1255.9002595624515,47.404597076479476,Medium
77,4,82,3.302081516638708,18,1,3.6341191921095928,143.79132398557016,32.47896306675463,Medium
40,1,47,9.701165600752995,55,10,28.795262076091948,3154.0192811967113,22.910862898262067,Low
62,6,23,1.0476094408542496,48,5,15.114452334655493,571.934134712586,30.422576268491845,Medium
62,4,15,6.836713526971562,60,3,43.18552364614579,5123.398722862237,40.86501479636623,Medium
75,1,19,9.34650345321517,62,5,44.48046803748008,6284.930577251662,50.01621061686603,Medium
20,3,97,7.050493788181095,19,4,0.13263674563447486,5.490224304123901,8.015916409476137,Low
83,1,89,5.013841057460034,75,6,4.444772217177853,189.05242496520398,35.41349656415457,Medium
74,1,74,7.292240607414688,90,5,29.975909268371154,2208.850285583873,42.909303715156796,Medium
100,3,13,4.97822488970265,37,6,28.066894431831624,2223.6608190872776,56.840136659098974,Medium
20,2,97,7.6643790156729885,45,3,0.5920330317402135,24.19831818906524,8.071043963808826,Low
12,3,38,7.865356012029666,80,1,47.09017240523203,5761.693814603744,8.190492413176706,Low
64,6,64,3.5980164337162006,66,9,23.998646822349716,1176.303392446642,34.815480379782294,Medium
66,7,69,3.4190802078844853,92,6,30.07559078710142,1409.6452160589527,38.309933951692166,Medium
16,4,81,9.535530682869727,13,1,4.534535594512309,344.55465781985964,6.835315417073182,Low
61,6,99,5.623112597917846,17,4,0,0,24.400000000000002,Low
29,7,24,7.659891828895676,41,2,31.360347979140492,3544.61194383032,17.056700548370447,Low
56,2,89,7.147877224897115,32,10,1.0924724174906557,46.99399206210153,22.767070732276864,Low
83,1,11,7.270434074770106,25,6,18.32774929014886,1876.9779731223718,42.32721914649413,Medium
81,6,6,2.330226646623673,28,5,17.521757583481637,869.2115004894998,40.915574185572076,Medium
91,2,16,4.234586768791171,70,9,42.27648163134582,3385.1500321579338,59.48295897071482,Medium
67,5,6,6.262664202904707,69,4,51.72663512655687,6261.402356050582,47.594107320875864,Medium
73,5,100,4.713762247379266,41,10,0,0,29.200000000000003,Low
31,4,26,9.949082116338012,39,8,31.41838242014358,3982.262167797215,18.243819130146704,Low
67,6,0,4.471129254302483,76,9,49.73932843575109,4980.092827391232,46.79521003117193,Medium
60,3,85,5.918600117328957,59,4,12.038546800226932,700.2549916539524,28.333876848081694,Low
12,4,38,2.7096956922008153,77,8,36.01988249431433,1863.6213451014737,7.393431539590632,Low
39,5,92,6.714338755671909,22,3,3.287382037375948,199.80762100750013,16.369247396745973,Low
50,2,52,7.563734948325241,77,8,38.7546202403535,3797.2825501945185,31.62638607210605,Medium
19,2,13,8.865920804789642,65,4,45.59872728383916,7146.732489902992,12.798254910357665,Low
65,4,81,6.125665767469055,86,4,22.584854490016706,1363.0628070236476,34.80809325110651,Medium
43,5,76,4.463068702557031,100,5,30.88723519629466,1624.7326432741868,25.16890668064402,Low
2,2,37,4.1376483186233095,71,4,38.429833045928646,2640.766940136473,1.2611579965511437,Low
43,7,6,5.10684202463114,80,7,50.368796759447235,5726.095347823157,30.195149563937385,Medium
34,3,66,5.228153000984757,95,8,36.755319549989174,2398.679981919047,21.098085188197793,Low
41,2,38,7.9458492898109485,24,6,14.31546737497487,1450.6762586392758,19.92160497424382,Low
30,6,3,2.0048023173314458,44,8,26.37931737593442,1216.7754107535864,16.748277127668196,Low
25,4,74,9.22935865625431,14,5,4.829293640013469,330.788743582127,10.72439404600202,Low
61,6,67,8.633464596590763,25,5,13.35512977351342,1056.6717714340273,29.287977497105913,Low
66,6,34,2.4600367025376695,29,10,13.99051889159934,630.0777587756863,31.94024548107334,Medium
46,7,87,9.61431021797323,19,10,3.6558314788713537,280.25755206929733,19.409009488168497,Low
53,3,22,9.395308325069637,88,4,56.88941680160345,9429.04252084709,39.2908345429099,Medium
13,7,67,8.561908278753723,41,5,20.2815261388266,1742.5486127445545,6.781959038828475,Low
68,4,6,5.119735440501051,64,4,44.43472375879065,4484.811228784048,45.329367293586586,Medium
66,6,29,8.10107145267563,56,4,37.475162911846766,4861.872450101821,41.24016451309132,Medium
81,3,46,1.501582688644059,42,5,12.19546163207538,462.906627598226,38.32699435318863,Medium
30,6,90,7.989780164588777,51,7,8.65985349582236,507.75733968876267,13.558773629248025,Low
21,7,53,6.255053238749008,19,10,10.819066285203188,725.6228995533572,9.763202351935602,Low
10,7,81,3.0673021341206574,11,2,1.8993239987620925,70.16655041660198,4.1139594399257255,Low
73,3,91,1.3196965841632435,100,3,4.146306201517996,150.51091511510333,31.016082116264887,Medium
9,3,76,9.861346305093232,49,7,16.75760492750933,1449.86502114422,4.504910666085504,Low
90,7,70,3.753374518582881,88,2,30.152986413502095,1513.6293143164778,52.28261266329113,Medium
83,4,0,9.572908682202199,38,4,32.206876151218545,5331.6704885071795,49.239024323306836,Medium
80,4,80,5.384034910170242,86,3,22.29179750478771,1268.0677961442293,42.7000628022981,Medium
26,2,62,3.942550754238757,16,2,6.602315574279468,295.1867047339631,11.429961229587597,Low
7,7,62,1.175519429795648,96,3,17.095461266992892,629.140079374151,3.518009373213702,Low
64,1,29,3.8835481868653394,41,8,18.9434793985507,1043.3309388447383,32.87429608904347,Medium
58,3,41,7.339780381960708,12,1,9.448528455355298,858.3574250890335,26.488087902463647,Low
44,6,33,5.496327965310819,46,8,29.82808957151471,2420.298673101064,25.474615646879883,Low
43,6,84,8.880711804481198,48,3,12.320516688893782,944.9761679073824,20.378693305734593,Low
84,2,99,1.806307249578458,58,8,0,0,33.6,Medium
13,6,12,1.8967616415041482,97,7,46.08379011071884,2276.5109193180047,8.79453562863607,Low
34,2,74,7.7420356251733455,66,6,23.70285763199396,1818.1283609492211,18.43538295692677,Low
18,2,0,3.145302023617831,14,3,10.20571774396355,545.0331803855549,8.302217516348064,Low
99,1,93,6.493573099808223,60,5,1.0664444830560726,50.98522769585129,40.233468022935305,Medium
62,4,74,7.5795804121036126,18,3,6.728506271834961,486.51298561823677,27.303004333122605,Low
19,2,14,3.5146907334770328,45,4,27.877829412392114,1872.8701456933466,10.778072553012702,Low
34,3,49,2.175725934664845,77,2,28.48145562516735,1252.719486921559,19.41021694753414,Low
55,5,49,9.083084383323646,58,10,34.505292150112474,3756.103098106661,33.38674640953712,Medium
13,4,24,8.154521836939894,97,9,55.855129360855464,8920.52052911153,9.556700090146727,Low
70,7,94,4.925916951560291,64,8,4.530698796647704,197.34365500824276,29.902893494592035,Low
30,6,9,3.381872864607635,12,5,8.676943620291702,486.8056320664906,13.561849851652507,Low
65,4,82,8.258073798172928,32,1,9.487944601638851,662.4242475361746,29.70029839463915,Low
92,3,13,8.245252397227475,83,8,53.54638008358504,8669.197633908938,66.35760180613894,High
11,7,69,9.121168838945092,51,8,22.175404794347326,2025.196614371129,5.863576716426923,Low
12,5,55,6.847732898739492,28,9,15.263963955926734,1131.8501710447138,5.899005404826726,Low
40,7,47,2.574923653131533,63,7,26.227266718528814,1250.8377439851886,22.294544012446917,Low
86,5,82,1.5083231138176905,35,10,2.242295518988357,81.58534327770337,35.55702448779799,Medium
72,6,26,7.616778230144085,78,10,50.64321777853009,6383.05437173406,50.67787008032499,Medium
83,7,49,4.10435674281186,20,10,10.952192651992426,550.6791330081427,38.65419194069223,Medium
68,7,34,2.1676717999991935,96,5,39.81066171778886,2011.5387331829936,43.442749980857855,Medium
51,6,11,6.312266440356125,39,6,29.554345628982265,3027.068521794787,29.443629762468575,Low
88,6,92,6.880241188824847,41,8,4.217034872556006,235.03679441435338,37.426594412709576,Medium
50,7,96,9.938662269332697,85,10,4.959305967072026,365.5852280544177,21.48779179012161,Low
4,5,47,7.741812373697977,75,4,41.165165406042455,4479.010168779916,2.5879639697450187,Low
27,2,67,7.263316918648342,83,5,34.263886097856386,2788.1950850490425,16.350749547852736,Low
9,3,78,8.32178345620284,95,6,29.404061838939423,2540.9050819044655,5.187819339302729,Low
95,5,16,3.5165376221943774,49,7,29.96469823130101,2039.4287497042226,55.07987799184158,Medium
26,1,27,3.360057001436377,43,8,20.65763240086416,1070.082978824562,13.62259065453481,Low
60,4,31,3.688916330263372,92,7,46.89739212946924,3302.769345572577,40.883061166608925,Medium
48,2,18,5.513561648715367,77,10,46.83766494174552,4817.428970352949,32.68924750322271,Medium
100,7,31,4.850217905320681,45,6,30.136843425925772,2140.200885525809,58.082106055555464,Medium
100,7,77,8.397176627807703,47,3,15.621307831033764,1193.9974409700073,49.37278469862026,Medium
64,6,26,9.666908100564298,60,6,41.56144144782432,6224.4040975994485,41.559593515964536,Medium
34,2,90,2.260853326696683,85,3,5.894401792123444,219.97044094450203,14.802457965593184,Low
0,2,13,9.8711253540044,44,10,32.684921295076876,5211.111205925405,0,Low
16,4,94,8.552154589303687,15,6,0,0,6.4,Low
83,3,87,8.237439545487591,40,7,7.258265857928461,456.4905081011094,36.81461639724838,Medium
20,4,64,6.562522398592295,38,9,18.372092367236252,1224.6721457196336,10.20465108406835,Low
2,1,30,3.680401480537851,71,10,31.30259390442586,1886.0638387548324,1.1756311268531103,Low
70,1,34,5.990057769781508,83,10,39.42530077228442,3962.989827907042,44.55862632435945,Medium
61,6,81,3.9532000641527807,47,3,11.212463379062445,468.46737591173724,28.503761596736858,Low
48,1,9,1.3213711090154465,71,8,23.15556388291512,928.3109479418065,25.868802398279556,Low
33,5,29,2.3389766315155724,95,1,43.99112026554952,2352.980975789992,21.910241812578807,Low
17,1,44,9.419816206981288,48,5,29.43029598205533,3355.7906832859176,9.801890190169644,Low
89,4,71,7.292459002320629,79,1,30.16293946801,2390.570008826133,51.70700967591734,Medium
39,3,84,7.736544091688128,56,9,12.226499226216182,809.0330690139215,18.461000818934586,Low
52,1,57,7.344422312548692,48,4,24.750883145662144,1980.028529453579,28.52227554144659,Low
75,4,33,6.026522842590619,32,5,22.476486124933523,1911.168266441323,40.11441875622008,Medium
70,6,81,8.012298700619102,78,8,23.958992242779377,1649.853486821214,38.06277674196734,Medium
17,5,83,6.617767509655245,19,2,4.649330205089931,253.11628622827297,7.274231680919174,Low
68,6,32,6.642108269691446,62,8,36.0521815835849,4077.344068649455,41.909290086102644,Medium
0,6,86,4.953256779548841,44,1,9.855073963032364,482.30478436951597,0,Low
2,3,29,6.182789832396078,69,10,41.91913685314941,4177.8986596214945,1.303029642237793,Low
28,1,14,3.3691604393799395,99,8,49.59290304173178,3701.5633393771964,19.531607711010942,Low
61,5,68,8.76548463119617,54,1,25.217561269640193,2317.8094560977133,33.62962742468831,Medium
5,1,29,5.936964961330206,20,1,15.178309412179928,1258.1579355372605,2.4553492823653977,Low
94,5,55,9.210789115330588,82,8,42.95341947945579,4894.826493227688,61.825728586413064,High
20,6,5,5.887474789726188,28,9,22.319593597153148,2237.6794884015017,10.678351231658379,Low
79,4,16,4.2035359159792804,26,9,19.479441508517674,1279.9550008240963,40.83325527503738,Medium
17,2,32,1.8981358590503654,51,6,20.376784819227034,855.6282684148943,8.878432051561157,Low
99,7,52,5.21296376612817,66,7,33.45820980186019,2375.393125740331,59.47417662230495,Medium
88,5,7,7.575856063319554,91,8,58.20886746153399,9303.237841672306,65.93428201968995,High
20,7,71,1.7102410228280809,54,6,10.079872839009784,375.36991151153404,9.209584740681175,Low
13,6,3,3.927922052980531,51,8,35.33119899081228,2888.3363558818855,7.955833521283358,Low
50,5,21,7.692966686510722,51,10,35.74530902409209,4538.361249209955,30.723592707227624,Medium
71,7,68,1.3437762156328512,53,2,8.7154971346053,319.5309378009601,32.11280177934186,Medium
80,2,67,6.6441983977010795,53,10,19.622389153903047,1322.610488817484,41.41874679387347,Medium
29,1,30,1.767454205086004,20,1,8.321469332466531,333.25569551672703,13.047935663849177,Low
15,7,34,4.075150142735181,13,4,8.70697700226957,482.2154454203278,6.783627930204261,Low
63,1,55,5.4048671489081155,27,10,4.2241255492432686,201.34535233110898,26.796719457613957,Low
79,5,80,7.102551356440471,69,7,20.112447938130458,1360.3659254446795,41.13330032267384,Medium
35,6,98,1.3099713929498429,45,4,0,0,14,Low
64,7,13,6.096840341907262,60,9,43.20592940886485,4661.952527922787,42.1910768930041,Medium
79,2,95,4.028672144109507,74,9,0.15515966777466164,6.116565084075193,31.67354568252519,Medium
55,6,43,4.921881312866322,10,9,4.968095096341126,289.4615020474862,23.63947138179257,Low
77,7,71,8.463277832535326,23,2,11.53508333235058,963.3453937375509,36.12920849954597,Medium
20,6,1,4.190296266722327,92,5,58.86262273102239,5739.859170317165,15.063514727722687,Low
38,7,48,5.803240598723583,70,3,38.45219119091484,3104.4029780428527,23.967099591528587,Low
30,1,76,4.610579554893627,32,9,1.1781848995050601,46.6863009779454,12.21207328191091,Low
47,1,22,7.660312767045966,25,4,18.883546800627858,1805.397635185666,24.125160197777056,Low
41,1,94,9.29648289267655,68,3,6.434412068798842,409.1832991426849,17.982865368924518,Low
28,1,56,5.992575890846995,100,1,44.732453291614966,3852.5418500251913,18.715052152991316,Low
12,1,48,4.967427909451633,61,6,28.96733247421885,1846.9729512152414,6.885647938143757,Low
32,4,49,7.355481460430325,43,7,25.27914992236874,2203.033750007988,17.6535967850948,Low
52,4,95,7.837754035362318,74,10,4.919031407014603,285.12598375656376,22.334737798988556,Low
56,3,13,7.16184733469645,99,8,57.963451671524666,9108.900256585353,41.87571976163229,Medium
64,1,27,7.927974504893554,67,6,42.054981609000414,5251.1612229541615,41.74911293785616,Medium
11,4,68,2.457375205397517,48,5,11.881852078200831,469.9334930802151,5.184202237161255,Low
30,3,18,3.9406360284001094,42,3,29.54235099588638,1966.8221694410756,17.31762317925955,Low
66,3,99,1.7997315138039665,35,2,0,0,26.400000000000002,Low
92,6,49,7.419538098701894,61,1,36.403135022293625,3432.6535504010976,56.894530532306085,Medium
20,3,84,4.628437653768785,21,1,4.682531275943937,210.1844830299089,8.561903753113272,Low
9,6,44,3.8899763431535654,73,6,35.52656315922318,2234.855051793073,5.518434410598052,Low
8,4,14,5.466596323458397,60,5,42.28929673978939,4240.897257003201,5.229886243509891,Low
51,1,84,7.354175212714016,83,9,13.545988806988106,774.013947466688,24.545072574938363,Low
2,1,26,3.4241043856192004,76,7,37.80722939828338,2341.5223751370154,1.2536867527794007,Low
65,4,63,2.4417577699308746,100,3,29.040148604208238,1365.5479644057664,37.32565795564121,Medium
1,3,95,1.831339388782431,56,5,0.6659878875949982,24.175360319698434,0.40399592732557,Low
53,1,81,9.589981350210518,70,10,14.769724851198625,1101.566657761152,25.896772502681166,Low
89,1,22,6.355602590959002,71,10,43.771770926463255,4313.490188340344,58.97412567473138,Medium
56,7,24,5.720099169659447,77,8,48.359948262507345,4939.310660498152,38.648942616202476,Medium
25,6,1,7.926835606779404,45,10,35.39495429396612,5093.513682616172,15.309243144094918,Low
51,4,92,2.3273864176268786,38,5,1.640288173619811,59.703484352210374,20.901928181127666,Low
48,1,36,2.136957121639697,96,7,33.24867417085709,1562.2203077587521,28.775618161206843,Low
74,6,38,7.228079614992302,93,1,48.934416454990604,6249.162851480489,51.32688090601583,Medium
97,5,39,6.681617159613309,53,1,33.28331343473289,3091.1233498637985,58.170888419014545,Medium
95,5,69,7.797171234997556,58,8,26.1280553984271,2084.88221353899,52.892991577103444,Medium
94,5,98,1.1329118596821468,92,1,0.6360638259997637,23.089116883791426,37.958739997863866,Medium
8,1,57,4.269761551841134,100,3,39.77006834724278,2561.9213651979644,5.108963280667654,Low
16,6,85,2.0235791971314145,75,1,9.491724224378412,352.2620837799383,7.311205525540328,Low
64,7,39,3.7007883842427316,38,7,23.03764562605952,1281.958023434231,34.446455920406855,Medium
31,5,67,2.264897369626416,50,8,12.260757120643015,471.86776544982206,14.680500824439601,Low
23,2,97,1.588201024349152,11,5,0,0,9.200000000000001,Low
7,7,6,3.2985336036198607,80,8,50.4785151803018,3575.0433403959887,4.920097637572676,Low
91,7,19,1.5314654993512038,38,6,16.926166598621926,668.9406693730684,45.64168696284757,Medium
16,2,71,8.447050219696791,45,1,20.352675563609022,1566.3298349913339,8.353856854106466,Low
63,3,85,7.636808071821067,26,1,6.115931110426638,370.06959791297913,27.511821959741273,Low
88,2,81,6.375291024287695,74,2,21.944330383161127,1340.7229403420954,46.78660644230908,Medium
62,2,10,5.97129526636251,81,8,52.1761468641456,5990.660019046798,44.20952663346216,Medium
35,2,30,8.28885951932834,23,8,15.951413775590352,1523.0476278495757,17.349796892873975,Low
77,3,74,4.233161910152676,64,9,17.455523965505403,851.8047423889936,38.8644520720635,Medium
70,3,0,8.854253718765868,31,10,25.012075767513238,3780.446287197251,38.50507182235556,Medium
27,2,51,1.473962541770066,93,6,23.21308606443885,930.9875841759259,14.560519942439093,Low
65,2,27,7.88451209227257,91,10,54.041067169474225,7381.185402574816,47.07601619609495,Medium
62,3,78,2.9757794451648363,50,7,10.425995475359986,429.52454880187696,28.678470316833916,Low
95,2,47,9.915720429075389,42,7,25.02203544665345,2850.0411072217007,52.26256020459247,Medium
71,1,3,8.219213142916,30,6,22.96644043051773,2977.451947406219,38.183703623400554,Medium
41,1,79,9.613671488302419,21,9,0,0,16.400000000000002,Low
12,6,69,4.197113622197469,44,7,15.510565950680203,794.5503523779663,5.916760748448975,Low
17,6,5,7.896529561979968,99,10,63.69004904883277,10817.845662100071,13.296385002980943,Low
81,6,97,1.0773052728765002,43,8,0,0,32.4,Medium
99,7,98,7.086757158555901,12,6,0,0,39.6,Medium
51,2,78,8.944905682803212,36,3,13.311780492953316,1054.269227851836,24.473404830843716,Low
63,6,28,3.6466437850953737,73,7,40.076990963313705,2750.9673592464924,40.34910258413258,Medium
69,5,28,9.62178020152827,53,3,35.206244252351446,5445.789589917202,42.1753851204735,Medium
3,6,86,9.243302820078366,96,8,21.77394625487583,1637.6990118569324,1.5919310325877651,Low
51,2,23,1.2324909767147814,34,4,10.699469747566022,400.88706594807445,23.674037742755203,Low
7,2,56,8.75100229111391,96,8,43.73568806273253,4907.651752764072,4.636898898634767,Low
60,3,34,8.646514710485008,16,10,10.573184805091701,943.5240306549547,27.806346529833014,Low
49,6,36,7.520674224242661,92,8,52.391246038042155,6573.392484382017,35.003026335184394,Medium
48,6,9,3.455512395427436,57,10,36.13021569052957,2554.0221891667934,29.605502118872515,Low
18,5,70,1.7302219662920109,62,2,12.926604181642507,492.7966309191433,8.59607325161739,Low
3,1,11,4.094952331245153,65,7,37.76654243255673,2996.458417503281,1.8797977637860213,Low
39,4,72,2.604140783069437,61,10,13.989066683043664,570.9650225303611,18.87344160383222,Low
74,7,46,7.938466746227666,98,10,53.21282303913487,6299.599294640003,53.226493429375886,Medium
67,5,84,9.877200410057338,17,1,4.633583159756062,353.5741826358103,28.66270043022194,Low
90,5,21,3.9533204994964093,99,10,56.12752282575641,4444.952822420819,66.30886232590846,High
2,7,6,8.948982488742377,30,1,25.322770952536032,3715.2808199827896,1.1038732514304324,Low
36,5,21,7.924373122754597,79,2,51.11276611499803,7272.3366528512815,25.440357480839573,Low
66,5,47,7.968028269628756,40,2,24.842347861832387,2428.5634934538957,36.23756975328563,Medium
60,3,60,3.6516424324065344,40,6,15.030303587434961,728.1903010594367,29.410909291476585,Low
94,7,63,9.81023443524005,47,4,23.653386894529174,2420.4151577599982,50.94051020851445,Medium
82,1,28,7.340683215240141,24,10,12.248758807901455,988.6596103415867,38.82638933348752,Medium
45,5,29,7.911169456424332,26,1,21.60757825001494,2203.8009352930567,23.83404612750403,Low
81,5,5,5.168037188961605,28,9,23.247550068965808,1907.4376243434303,43.698309333517386,Medium
25,3,46,8.225214984376484,30,7,19.47583445450557,1745.1723359154864,12.921375168175835,Low
64,4,87,1.860410172893183,75,4,5.668587218569003,211.78497363522706,27.776737491930497,Low
66,4,47,8.694907125437274,53,2,33.88235144099134,3637.8014686339584,39.817411170632575,Medium
100,3,37,8.795529393757889,47,1,31.910435481235034,3805.5595804407267,59.146261288741016,Medium
83,1,50,7.3325379939031565,12,9,0.30034578580068033,14.954823812848973,33.34957220132874,Medium
26,7,1,5.5614845383910545,15,2,14.08417702857021,1189.4089331838957,12.597131616456952,Low
78,5,33,9.884238574416203,37,7,26.440489473535973,3653.557521544423,43.57414907361484,Medium
49,5,19,5.816292525739306,19,9,14.319900058157373,1165.6857922856318,23.81005061709827,Low
39,7,15,2.6585903437168574,48,7,28.01387640745302,1623.0609892569287,22.155247079344008,Low
54,4,63,8.34322648549388,86,9,37.2906092864954,3687.982362243444,33.68215740882451,Medium
3,2,77,3.88548946769549,86,5,21.418335133244295,964.0348928327293,1.5855300323983974,Low
10,6,87,9.970383832110501,70,2,15.02556560085596,1123.8519661637843,4.901533936051358,Low
93,1,31,6.414549639600493,18,2,13.581698038412538,1039.4826673325956,44.778587505434196,Medium
44,6,87,8.992272590732744,87,3,18.1737473713475,1404.890783194701,22.39786930603574,Low
79,2,47,1.9080834761587366,24,10,4.4999264843023346,171.13659204902976,33.732965153559306,Medium
33,3,67,3.771671556395237,96,3,34.00667556119586,1837.1449906645978,19.933321761116783,Low
50,7,20,9.448136869011327,45,9,31.174323255043618,4986.237327156595,29.352296976513085,Low
79,6,86,1.0916128206862312,74,4,4.830650456788833,175.3526115814347,33.88972831651791,Medium
55,1,44,5.783393958366507,24,3,13.175941825288914,881.6284418537471,26.34806080234534,Low
66,6,25,7.767639850612011,50,4,36.19694702406458,4233.000432064179,40.733991021529576,Medium
31,1,52,6.451987175293558,57,9,28.085561599092518,2031.631480473109,17.62391445743121,Low
43,3,13,4.63785236037938,74,3,47.55599941299336,4216.198424056655,29.469447848552285,Low
77,4,12,8.070169040383636,35,5,25.83408926405197,3589.443249561233,42.73534923999201,Medium
25,6,27,4.524039050173497,100,4,54.63594381560694,4891.93346184189,18.19539157234104,Low
10,2,21,5.0547049780667015,23,9,15.116030263829384,1001.8458813869684,4.906961815829763,Low
93,1,39,8.932237102240318,31,6,19.46400071923418,2115.4477924558623,48.06091240133267,Medium
2,2,97,7.447715699079775,80,4,1.8521990221188729,85.58665917399826,0.8222263882654265,Low
34,3,60,1.253460730371533,16,3,2.36266086836968,85.76458952181939,14.081982817147416,Low
24,5,3,1.6801361484175703,24,6,12.638629657731713,528.9320125279373,11.419962670713367,Low
36,3,5,3.0622432417284196,70,8,43.09708714745941,2932.9227873808936,23.70897082385123,Low
10,7,35,4.305235575943586,92,6,49.53584044779143,3592.407786207982,6.972150426867486,Low
61,2,87,2.2474192476776853,92,1,10.07238439339311,372.9100106544315,28.08649268798188,Low
58,1,39,8.52637376239387,81,3,48.766976836046574,5924.470030272502,40.17090793894421,Medium
49,3,35,1.8861400957469763,50,7,18.89573532565983,777.1858891158123,25.15534618574399,Low
53,3,40,7.47648099364582,95,4,52.09673177146597,6444.464393247386,37.766760703326185,Medium
9,3,79,2.589418238065011,46,4,7.922683845855897,308.3482652344898,4.027824927676218,Low
30,1,70,3.735496809297943,24,3,5.717065267351927,235.25165180335506,13.029071748123346,Low
48,3,77,3.409115307466265,56,2,14.440525543591676,646.6352642056694,23.358871356554406,Low
57,2,17,1.593289123652989,10,1,4.523690870745921,170.60813575218165,24.347102277795106,Low
58,7,75,3.8853485299854373,25,5,8.504027433770835,373.1517683126985,26.159401546952253,Low
8,5,25,1.6086454925788174,24,4,9.881544862231568,385.49676043563477,3.6743141533871153,Low
6,3,80,7.564076385436238,23,8,4.926414129450522,285.6273434355262,2.577350908660219,Low
12,5,71,2.222951146075431,15,6,2.904289742107561,108.43029584679273,5.009108861431745,Low
32,4,55,7.023270588541427,95,10,45.02466405904583,4037.8045009752027,21.4447354993368,Low
15,6,46,8.636663034445787,77,6,43.56325915831597,5152.4948374268815,9.920693324248438,Low
86,1,55,2.795192268796192,76,2,28.928658040792193,1347.1855293205494,49.32718754904877,Medium
51,3,69,3.876729840987764,40,4,14.384483916340164,655.4559660882568,24.801652078400092,Low
54,3,11,3.435755288846509,77,10,42.23383455062104,3240.895397864638,35.28376239440122,Medium
13,1,48,1.7066856660430751,63,9,11.707594410288205,461.75211015690405,6.11319236400248,Low
72,6,94,4.898052000222726,26,10,0.6363129339727482,25.47447904198272,29.07488718747623,Low
50,4,73,8.058128740980894,89,2,34.16282128083887,2976.0921476886374,30.24884638425166,Medium
29,4,38,7.615515417412927,92,3,52.821504394137584,6448.420053108137,20.79094176457994,Low
56,6,45,6.1554024277567505,77,6,42.27917272452536,3898.061819501621,36.605802035440526,Medium
96,3,29,2.903580133043518,58,6,30.39835664139922,1663.231740397681,55.90945342544596,Medium
71,1,82,8.325713255700224,58,6,12.386807813754208,814.4436286407091,33.676780128659296,Medium
36,6,85,4.9200372581099225,78,10,14.378536392340877,700.2312314090195,17.50576386074563,Low
50,7,0,6.490407526685901,70,1,50.591356508441606,6857.073037817852,35.17740695253248,Medium
98,2,35,7.956158197805272,19,2,13.287481027797233,1355.2259956975756,47.01303884434478,Medium
21,5,66,3.9189546029796745,71,7,26.14206876272612,1345.7760761522663,11.693900664103491,Low
8,7,70,8.944636264099623,96,3,39.722338857673336,3963.689953858548,5.106672265168321,Low
35,5,56,8.214492323539018,10,7,5.669907779371913,435.36766895354737,15.190680633668102,Low
87,6,44,8.699236117231495,89,3,48.22682596669416,6290.942751637101,59.97440315461435,Medium
18,4,6,3.4022103062934215,66,7,44.73448206000979,3028.2829163215115,12.031324062481056,Low
100,3,28,4.3461138373082155,26,3,17.190087996111718,1107.6807427256317,50.31405279766703,Medium
49,6,16,4.079667865870087,12,3,8.610757044297152,575.8718459267158,22.131562571023366,Low
90,5,11,2.225707858546028,36,7,18.89613844166766,951.3291442286746,46.20391475850054,Medium
26,6,93,8.7157937971043,68,5,9.05308209833975,548.7316719799189,11.812280807341,Low
46,6,98,5.392418094015867,44,3,1.5158511075815686,62.146215659085875,18.818374905692515,Low
72,3,12,2.712789501119314,26,9,14.475806331463717,733.8775542828224,35.053548335192325,Medium
97,2,40,6.74878979876359,78,2,42.32032583247291,4607.289259929049,63.430429634499234,High
42,3,35,8.307125545217234,28,1,21.270443409847058,2247.641456625249,22.16015173928146,Low
83,6,95,2.0207310741675704,69,10,1.3747616289378155,50.114950197867294,33.884631291211036,Medium
11,7,27,9.146272885968363,92,7,56.47745503317759,9057.546365612066,8.12751203218972,Low
32,4,89,6.35472464303821,99,5,16.98329541795949,889.7063051632196,16.060792720248223,Low
60,5,51,5.0413226937927,35,8,19.0448620827256,1168.8836282720335,30.856150349781217,Medium
48,5,30,9.17494599267592,74,1,45.14317481962342,7085.268329982427,32.20123434805154,Medium
32,3,40,3.723311576568363,47,8,25.64283712261656,1332.922734380049,17.72342472754238,Low
24,2,89,2.0009446872086416,71,4,4.807960383141263,175.12899502109394,10.292346295172344,Low
99,6,41,2.297053345691587,10,1,5.261185289390456,212.8353572714418,42.725144061897936,Medium
44,1,66,6.69758061829909,13,7,0.08232119985881081,2.9882595548748325,17.62173279676273,Low
93,7,65,2.5861321559630266,52,2,16.980802922660786,699.4511502541762,46.67528803084472,Medium
82,3,29,1.8717825313307617,77,10,30.757228917061486,1337.4977295312328,47.93255662719425,Medium
55,2,100,2.9094436779267263,22,2,0,0,22,Low
73,5,93,4.660153475510863,39,9,1.8557987933514661,80.75543762045444,30.012839871487945,Medium
100,5,42,1.186433050043534,30,7,7.383067534716044,272.4527913494668,44.42984052082963,Medium
65,4,84,7.098830164362919,62,1,14.971308393876479,1005.3225875566918,31.838810273611827,Medium
30,1,81,3.553920715411084,77,1,16.91472076418099,720.0729474622557,15.044649737552579,Low
16,1,36,9.833931891253684,62,9,36.35533842471576,4985.503169635349,9.890112488772713,Low
70,7,44,7.960137702349773,21,1,14.923291321094412,1435.4247652258136,34.267782354859655,Medium
13,3,81,8.30652512399156,81,9,20.895605365611434,1585.2795474488323,6.829857218517692,Low
15,5,46,3.3074573288232667,84,2,41.34527935292301,2254.5393025123294,9.72107514176307,Low
4,6,82,2.8939414652215585,75,3,14.862093959412501,599.0054188318968,1.9566902550259,Low
15,7,61,7.373603683320554,81,9,38.10832304284929,3395.4469798033456,9.429749073856437,Low
39,1,43,1.3948217940181737,22,8,1.9716068840153047,71.58965179564699,16.061356010859583,Low
97,1,50,7.298114573186181,69,4,35.56464890452356,3256.455479152217,59.498625662432715,Medium
20,4,21,1.5139662827997094,90,4,36.597093931227406,1598.4076400096344,12.391651271747289,Low
21,5,16,4.203388000778487,64,3,44.18294038368666,3391.064957848224,13.967050488344519,Low
39,5,39,1.3209045485901385,21,2,7.0251921344981065,259.7666975135293,17.24389495947256,Low
27,3,90,8.04101788422005,41,9,4.631351382974169,252.27601247378237,11.550278924041816,Low
5,6,22,9.183355495906886,40,1,30.44434526933494,4230.45862732443,2.913330358080048,Low
65,1,48,2.1460250440450084,86,2,29.3527906921401,1344.4419770798538,37.44758836993464,Medium
80,4,9,1.4613809231197648,100,2,43.97558807479964,1984.8684259531517,53.108282275903825,Medium
77,6,100,1.8592102325473436,96,2,0,0,30.8,Medium
75,6,26,9.435660202434686,25,4,19.86862650707944,2523.271342935164,38.940881928185746,Medium
68,6,19,8.503657527047814,52,4,37.9238340788851,5275.126361717177,42.67292430418512,Medium
12,5,68,6.50746538572914,29,5,12.627081218102958,835.3187160394907,5.709149847703413,Low
52,2,21,1.310824108421309,71,3,26.236944948460504,1054.2647954522072,28.985926823919677,Low
86,3,44,1.6840347359506054,99,2,31.343749576495664,1323.674023455371,50.57337478147176,Medium
46,5,96,9.865436717672583,70,6,4.896994824430427,285.7765909696832,19.7515705715428,Low
21,4,37,6.109704605733488,48,7,31.420792697891162,2590.7820728558795,12.359019879934287,Low
97,2,2,7.755250160845919,17,9,13.297693530352914,1412.752645205493,46.539257634665404,Medium
54,5,15,3.0703826937235643,15,4,10.179545516608561,536.9779751715527,24.898172747381174,Low
51,2,95,1.7851133417361813,23,6,0,0,20.400000000000002,Low
20,3,88,1.2852295999331345,51,9,1.4651895838027047,53.18638189203818,8.175822750056325,Low
77,1,13,2.5694572472893444,13,6,3.8607097170280933,155.78226686770083,32.58364788926698,Medium
37,7,8,5.557790342180832,32,7,25.574805168414553,2386.3637347307454,20.47760674738803,Low
81,2,9,7.691879580584227,81,9,51.01735160615545,7995.889397914268,57.19443288059155,Medium
63,3,29,7.961963798481481,50,1,36.407625801957295,4073.292769074102,38.96208255313986,Medium
68,5,95,5.078151685072262,26,7,0.06932867253463856,2.51663081300738,27.228286098394136,Low
45,4,99,6.115134510678439,47,8,0,0,18,Low
86,6,51,7.647682439633464,100,3,51.72227882966054,5609.576374356822,61.088695876104836,High
62,3,61,2.025700719333533,22,6,4.893932918833046,181.1893988059447,26.620543045805892,Low
59,2,74,7.02310482777539,95,2,34.20909546620767,2553.5433586161757,35.71001979503752,Medium
34,4,80,4.070161504903317,37,7,8.306015953038985,356.4257753171429,15.294427254419954,Low
68,7,49,2.8910808940327635,97,6,39.5304524323053,2072.871825358206,43.32842459238057,Medium
61,6,65,9.61330301650984,73,6,37.003533105884394,3772.117039698681,37.94329311675369,Medium
12,4,22,5.398527754263401,88,8,53.31769160609981,5410.917750307689,8.638873795639187,Low
99,5,49,8.788733888119896,56,5,33.510186256422365,3545.0162556976247,59.505050636314884,Medium
9,3,45,4.4500535633260485,79,6,39.73733347740604,2748.1976758385763,5.745816007779926,Low
92,6,56,1.5357624647000216,55,9,13.669938126516353,514.92915169702,44.34580584583703,Medium
75,2,18,1.918817201924423,92,9,40.07451091909502,1908.4571867785805,48.03352991359276,Medium
40,1,33,2.477030992401692,19,9,2.369526266872324,88.74389633599455,16.568686304049358,Low
78,1,27,8.301002064612076,71,6,45.185932346040644,5917.408233950519,52.347016337947025,Medium
38,1,23,1.607698966656052,65,1,26.65857915794881,1139.9167293478463,21.27815604801233,Low
15,2,5,6.511811550101273,55,9,38.02201435268559,4638.115915165319,9.421981291741703,Low
14,7,19,1.9988897051081782,72,10,35.26688533212053,1651.4575461320233,8.562418367898125,Low
71,5,47,3.908643203348248,28,4,14.74677088067714,780.4803405778921,34.682124395168465,Medium
52,5,11,3.4962112271857864,31,2,23.100318883565233,1415.5667690462672,28.007299491672356,Low
67,3,46,2.9249717026406437,42,1,20.35887481310009,968.3959139940989,34.98426767486624,Medium
89,2,77,8.82162793609636,96,4,31.76711066724932,2692.8035283239456,52.56363709631114,Medium
54,1,22,6.607711929086403,31,9,18.09667316081432,1550.0192642604911,27.463322104103842,Low
70,4,39,2.4539916680805565,43,8,19.58533164599646,882.1474487218832,36.225839291318515,Medium
58,7,41,1.1081794500298119,52,10,12.170583657898511,461.40544104907343,27.435363112948686,Low
90,7,42,2.9341823450214646,91,7,39.6306728163501,2237.084690578432,57.40056332082905,Medium
90,2,51,7.1293326041709815,25,4,13.614797596112652,1051.1538424797889,43.35199070190083,Medium
23,4,77,7.882855488828715,53,4,16.991179494146444,1174.3299188687745,11.54478277019221,Low
65,1,5,8.448799580506218,70,2,49.65583238749236,8160.350915408268,45.36577463112202,Medium
65,1,56,3.9718460034736127,89,9,29.469460464722673,1653.2452546769928,37.49308958124185,Medium
8,7,43,2.042383257470028,23,8,9.248958329740697,354.83189021764593,3.6439499998275537,Low
15,4,60,4.948677752181631,31,6,13.829635190722232,767.33044092718,7.244667167165001,Low
4,5,79,8.946967559380667,55,5,17.72951151895206,1541.8222479433036,2.0255082764548495,Low
71,7,40,3.7148132468079202,13,8,7.4006470137278315,356.95348972297046,31.55267562784806,Medium
43,2,55,5.8620352311574715,71,8,32.9267268081552,2436.1241742380266,25.69509551650404,Low
99,3,35,8.558780661647301,65,1,44.45661944516852,5456.442468447703,66.00723195043011,High
45,6,50,2.32045840673576,31,9,10.796566550586833,459.2611929077359,20.915072968658446,Low
27,7,63,9.331068044454044,41,3,21.72683180630346,2086.55510624511,14.31974675262116,Low
26,5,87,6.421861922241742,51,3,11.181827780019349,588.8120495191567,12.144365133683019,Low
50,3,0,8.949118898386022,64,4,45.18515812660733,8433.59781101015,33.5555474379822,Medium
31,4,80,1.8490780355637872,47,8,5.83390404700048,212.44005340624213,13.48510615274209,Low
41,1,70,2.817369823746159,80,2,21.64015908578326,953.0448671374094,21.723479135102686,Low
58,2,59,9.066369790962298,32,10,15.174953544934938,1231.9148966173545,28.48088383363736,Low
77,6,87,2.9478438063945895,31,1,4.684014158838892,185.52650091410482,32.96401454138357,Medium
67,5,60,6.903030248454532,52,8,24.85184407415413,1979.3545031242506,36.790441317809965,Medium
85,3,7,4.0610054293195645,14,9,9.456212616694458,571.345808255384,38.82266843451417,Medium
55,6,49,8.632736264972197,60,1,34.85291374981273,3892.736386269505,33.5014615374382,Medium
64,1,36,6.678078593520691,63,9,33.66532944346995,2982.440220041607,38.52748650629246,Medium
69,1,0,4.243602852266452,92,5,53.92331082619615,5355.657146112425,49.924250682045205,Medium
82,1,45,1.2310169341771662,27,4,4.219409132343446,153.43274768634166,34.87594929311298,Medium
99,6,27,8.994263820598222,47,3,33.15458439830528,4469.286022124096,59.29382313259334,Medium
8,2,4,3.1133239461575397,66,10,40.286608549170445,2644.2908272011414,5.133757210360182,Low
64,1,58,7.927409087052226,30,7,11.987117863556636,811.1072821325773,30.20305325960575,Medium
5,6,23,9.169131817066052,94,8,57.10064492254992,9776.790019314958,3.7130193476764974,Low
60,4,93,7.078961315714218,22,10,0,0,24,Low
42,1,12,9.144874249189613,43,1,34.92994988548947,5048.276923388397,25.602347371143345,Low
10,2,29,8.685575465330986,24,8,16.352306647026907,1860.2163074544255,4.9811383988216145,Low
6,2,3,1.723592383830699,28,4,14.548589401363191,608.665855326167,2.923749218449075,Low
32,5,10,3.528331225421746,43,9,28.30744465982155,1955.8662690064273,18.235029374685737,Low
3,7,42,4.696853725889019,99,10,50.667152948105134,4027.6696676959577,2.1120087530658926,Low
43,7,72,3.6351530402029257,56,10,16.174459145408708,751.6538211224508,21.373010459515445,Low
67,6,39,3.087458928250957,51,2,26.31821119355634,1355.1160615917627,37.37992089980965,Medium
24,5,57,1.21684192931798,51,3,9.777582401744514,358.44469632178834,11.00797186585121,Low
42,7,83,2.6808057570566355,29,5,5.036195994147637,189.55916539726658,18.069121390525204,Low
0,6,34,7.695549982514099,51,2,33.93852759108662,3885.309464022505,0,Low
11,6,28,2.4971085190209594,60,4,31.686082144913318,1568.255241407028,6.491281421564279,Low
75,5,23,9.360991447807283,11,7,9.049513664972217,1037.6627296158788,34.0722811492375,Medium
11,2,12,4.153888215530834,77,1,48.14290598911591,4174.143359298166,7.577431795281651,Low
45,3,84,7.976897952333994,15,4,3.2373830747425543,175.14390098566747,18.87409343018049,Low
39,5,69,8.504169298888002,90,3,36.10797124444437,3468.7222115914637,24.049265271199985,Low
45,5,98,5.501736256412146,94,7,1.9914064935276028,88.27660822744117,18.53767975325245,Low
4,2,24,7.626077004384136,55,5,38.11049039686827,4583.840486994474,2.5146517695248383,Low
3,3,3,6.103468927010978,64,1,46.57210344079667,5662.340310049342,2.03829786193434,Low
32,4,25,7.807256075319697,73,5,46.85056418012117,6128.666273735508,21.795308322583267,Low
66,1,57,2.5808833587990527,44,1,15.819137534911361,685.017990544576,32.6643784638249,Medium
6,7,26,7.032017814199506,22,2,17.299715029857992,1769.422033150117,3.022789741074888,Low
4,2,31,7.771171208169223,28,5,20.973558622390083,1984.8303817900328,2.103365406937362,Low
33,7,10,1.967865550404341,10,6,5.346895886150175,224.93332325898714,14.258685385457735,Low
51,6,71,6.46109766461658,75,9,28.22713258887025,1940.5699706460064,29.0375025721943,Low
85,6,35,1.5102223995789787,30,8,10.558064482412458,399.93096372527083,39.384612886030354,Medium
28,1,34,5.376388795013482,57,5,31.79248312360593,2527.779419199711,16.541137164765797,Low
39,3,40,1.8066020158131058,49,10,15.835480594989523,632.8717983348588,19.30550245922755,Low
11,3,29,7.470651939188241,33,1,25.026475766117386,2556.5518069783675,6.051747400563748,Low
79,3,48,2.535018735909575,64,10,22.83580112169488,1093.4685377563535,42.42416973168338,Medium
56,1,65,4.440359559582815,83,1,33.28310124038063,1935.9430660314306,33.583122016767895,Medium
22,5,17,4.050347503939412,29,1,22.0418095765227,1443.5308187041844,11.709518864100996,Low
39,5,8,2.022507496242403,69,5,37.92651060494951,1905.4088206120812,24.474803481558187,Low
99,6,86,2.0551390542812737,27,6,2.2220462184319136,81.12891505042849,40.91989545374856,Medium
78,7,65,8.927444522382654,36,5,17.44603556369934,1486.7317645024252,39.36474464381129,Medium
75,4,84,1.8448658677511063,16,8,0.28734189571662627,10.430510814513534,30.129303853072482,Medium
43,1,30,7.889747169297144,47,3,31.21115149148538,3571.2843905889063,25.25247708480323,Low
46,6,43,3.038788683236322,36,2,18.729218646016314,905.362689477353,23.569264346300507,Low
61,4,78,8.036632662980548,69,5,23.444399882553455,1786.89334774231,32.98065035701457,Medium
36,2,79,5.024902225703644,82,7,18.97948641467466,1013.8854660513729,18.499569065569727,Low
46,2,65,3.7616804023467316,64,6,21.8769326991099,1106.7791409112053,24.438033424954334,Low
73,4,77,3.4231584966169413,20,1,5.044218654644007,216.35912836471766,31.40936777073408,Medium
1,2,60,7.6092079147951335,88,6,38.41608579961208,3581.3600521643843,0.6304965147976724,Low
9,1,94,7.965510766150047,30,2,0.31934747140312253,13.891511508992107,3.6172447634557687,Low
32,2,7,7.63113178550214,58,6,43.18043452128526,5867.933654232017,21.09064342808677,Low
53,1,4,7.2879983370617545,97,10,59.7910820562494,9293.148036237486,40.213564093887314,Medium
93,2,13,5.646174467082046,75,2,49.473060342124676,5418.5911698495765,64.80596767090557,High
19,3,8,1.6459756917074397,84,3,39.571199234249164,1827.9315247912543,12.111116712704405,Low
19,2,95,1.8060317491448385,93,6,0.9142821726876663,33.188442868562284,7.704228167686394,Low
50,4,96,7.135359417223921,83,3,4.788963784250137,253.69886534535436,21.436689135275042,Low
5,1,26,5.879170930759679,54,3,35.56711992481602,3261.3830014480377,3.067013597744481,Low
13,5,67,5.760720057014232,61,7,24.361421023408806,1622.8871448713546,7.100190839825887,Low
8,2,67,7.215803290566901,10,7,1.4786408571717917,79.97823885189955,3.270974761144246,Low
10,5,38,7.7407121016606455,85,7,49.91567648032282,6049.177639928523,6.99494058881937,Low
3,3,85,6.739430842576267,72,4,16.011110139524117,944.3976853278763,1.4881999825114343,Low
15,6,96,6.974706678959582,81,7,5.0765570539015865,271.26661684959043,6.456890134851143,Low
39,2,95,3.124793859526125,59,2,2.5195147104018507,95.42934189438128,16.189566442234035,Low
22,4,70,2.3817553939807876,53,1,13.840497076231822,550.4932895978636,10.6269456140626,Low
47,4,93,1.4193898704619574,70,8,1.5316406550058252,55.59855577671147,19.231922664711643,Low
51,7,63,6.093127609491259,75,8,32.19609782491397,2411.9287083892464,30.25200593442368,Medium
31,4,26,3.584593302241267,94,5,50.74909132746881,3663.7894752452435,21.839330986909196,Low
70,6,99,9.801225583757619,88,1,2.186608113481639,132.73822742837368,28.91837540766229,Low
95,5,33,7.660626871034011,91,10,52.73296724941481,6641.826572711939,68.05779133216645,High
57,1,42,7.805729729453478,38,7,21.16368086034448,1890.4176969024186,30.037978854237814,Medium
49,4,71,1.3406909760834018,43,4,6.093938802366479,223.0568644896883,21.391618007895747,Low
98,6,53,1.700050819314721,11,1,3.43641944198539,134.22197446885767,41.220614631887415,Medium
52,5,84,7.004399748638349,32,5,8.951213870445715,523.8966867694443,23.592778727579063,Low
58,1,5,3.3419242782545515,30,9,15.673810405412537,817.2920335856735,28.654486021083564,Low
4,5,31,2.486810047765358,36,5,18.262239636655952,821.38447605983,2.0382937512797428,Low
50,1,7,3.9313512647804956,29,10,15.094370493539538,852.3315355161396,24.52831114806186,Low
37,1,10,9.998779658044025,17,9,12.20028294085287,1410.1453150241384,17.50846281286934,Low
34,3,6,9.805737880990746,88,6,57.60993540157341,12001.856743603657,25.352426821920975,Low
98,4,30,5.348676112187201,55,3,35.78471945038822,3083.470585884881,60.24141503682828,High
72,2,61,4.62457827565507,39,6,15.229315684504442,790.151031303964,35.37906437570592,Medium
11,4,31,1.1126442075622371,21,6,5.961077999636884,216.78377028766675,4.793431147976035,Low
61,2,89,3.551013208482739,20,8,0,0,24.400000000000002,Low
30,2,60,6.068507138376273,56,9,24.416620463311364,1653.5062643391161,16.394991683396047,Low
60,4,42,2.023466925345763,88,6,33.08916319747002,1480.4381086147532,35.91209875108921,Medium
93,3,7,4.626934034578021,59,2,39.39403935096351,3761.0458060059946,59.18187395783764,Medium
67,2,30,7.040680922874995,79,10,46.9594764966914,5470.546007573746,45.67770955166994,Medium
58,5,25,5.1810549039503835,71,1,43.03160571312307,4168.378934849428,38.17499878816683,Medium
94,4,45,6.322045040365607,11,2,7.2561805900996665,526.6023185059881,41.69248585281621,Medium
27,6,19,3.3073363298892584,59,7,35.57908759695101,2212.6874486818347,16.563812190706063,Low
26,7,42,2.725970430411955,94,5,40.485066099771345,2152.4246052026347,16.71567031156433,Low
37,5,0,4.3061192388787966,90,6,58.59608130394137,5805.424452520922,27.808330049474982,Low
39,1,17,8.767396249811167,42,5,32.99033508489815,4264.173218114309,23.31973840986617,Low
4,2,67,9.09743345056008,91,2,36.969636825810305,3888.135104393865,2.4872712838194473,Low
68,4,9,2.5386207432800125,32,1,21.453521869573525,1098.614428663986,35.953036922786,Medium
25,3,34,9.01013349706464,35,2,25.7611912201853,3141.4654815588688,13.864178683027795,Low
95,1,69,1.6289025708695866,46,10,1.9378723087281782,70.3447648068329,39.10458721597506,Medium
2,4,39,5.641816533305487,70,7,39.74462978106763,3552.022635679073,1.2769355573728116,Low
85,5,81,3.7763056838545928,58,8,12.166704104593757,522.5324494429955,40.20501909334281,Medium
44,3,41,8.442589038579877,11,7,6.921660380676368,609.0851865087805,19.427318340498562,Low
62,5,52,9.322761765722701,28,3,17.007502042121807,1841.3676119740662,31.126790759669312,Medium
57,6,65,7.46171292704315,86,4,38.6672582879108,3399.5077168353178,36.02420233446549,Medium
7,4,62,6.548167734325638,22,6,10.299234107173547,702.5353596151151,3.232567832501289,Low
79,3,26,6.270013411104751,49,8,31.71352638539444,3236.246325269922,46.63221150667697,Medium
63,3,87,8.463870772475362,10,4,1.0597147608510138,61.53746928352906,25.600572179601684,Low
3,1,36,4.3721004934204375,17,1,10.727017511998383,636.6586416914637,1.3930863152159711,Low
11,1,77,4.606553970238455,67,3,19.86161502875995,979.978081417612,5.7108665918981565,Low
65,3,95,3.1411184489663095,94,10,1.4820050756944605,55.02134465742853,26.57798197952084,Low
51,1,16,5.460718575407778,13,2,9.70455157668112,688.6853108942207,23.369592782464423,Low
96,5,9,9.605678791045875,13,2,11.346058350160497,1657.5943974795284,44.93532960969245,Medium
46,2,18,4.204668012371917,16,7,9.763394567107262,529.9766448196984,21.094696900521605,Low
70,5,99,6.243051290788596,53,10,0,0,28,Low
42,5,98,8.7505871428978,70,3,1.8983229531589234,107.33484965052502,17.278377384196048,Low
32,5,52,5.231069057045686,81,3,40.655692727758755,2986.7452725194867,20.605893003729683,Low
4,2,61,7.093985651583194,65,3,30.611811923576745,2478.4713783645466,2.334683486165842,Low
33,5,70,1.9173547076706179,16,3,2.94168352470752,108.33263603980478,13.78245333789209,Low
87,6,61,8.417875475196213,43,5,23.394247232255115,2093.7881601482914,47.011797055237174,Medium
72,4,16,5.3866368586348,31,5,23.303801559576225,1935.7348583335688,38.86724227373693,Medium
55,2,94,6.284447454541306,73,9,1.3584836437086305,65.73643888188644,22.448299602423848,Low
31,1,11,5.150391865539048,11,3,7.334569219421297,510.5638001196099,13.764229874812361,Low
63,5,96,9.351178981683335,36,2,2.0899542890745244,113.59319702973248,25.990002721270173,Low
95,5,15,3.48365998694488,13,4,9.865994918564954,544.5986183003038,43.62361710358202,Medium
54,6,58,6.140131809900712,63,9,31.234042961078906,2276.8981445326635,31.719829919389568,Medium
29,3,31,5.466588748610975,26,6,15.55310291706324,1174.2902619466395,14.306239907569005,Low
21,1,87,8.830917570063146,31,1,5.768553197845757,349.01678662019987,9.126837702928565,Low
9,6,36,9.456582559461886,41,10,29.07647046195804,3461.8189231579045,5.170129404945734,Low
4,4,5,6.577176947065654,66,9,46.285751140991685,6095.628563005846,2.7108580273838006,Low
36,6,56,2.9301855385077036,36,5,12.790544400752456,569.636400227377,17.16275759056253,Low
92,3,99,9.84493122586785,91,3,0.5276650718377537,35.09583390333952,37.091271119654444,Medium
30,7,6,9.531048653671842,19,5,17.78404009511054,2511.2853212372042,15.201127217119897,Low
46,7,3,8.80401510168899,94,5,59.46329655990959,11929.806291525052,34.81186985053505,Medium
42,2,17,9.564183139907806,82,3,51.08788662890885,9545.240421525024,29.67414743048503,Low
98,2,53,5.087785733077762,94,5,43.49020226170649,3183.71849954202,64.77223892988341,High
9,3,46,1.3044308997226652,77,4,19.638751051530065,765.1310457328174,4.660492556782623,Low
53,5,44,7.941835926121153,68,3,39.58505678257607,4679.836927493992,33.78804805685919,Medium
39,7,100,2.1725061157651986,76,7,0,0,15.600000000000001,Low
26,2,49,3.8200779491992076,92,8,40.02367435965247,2379.1007183548168,16.643693200105787,Low
36,2,58,2.2683560676207755,21,9,3.6788828408029337,139.97974438516096,15.194638693613435,Low
15,2,71,9.899489892536172,47,8,18.536694685384077,1508.080355014606,7.668302521684567,Low
99,4,36,3.84174558845332,71,3,39.81243542788348,2632.2592388301377,63.248586644162785,High
39,6,53,2.994350528259232,51,9,20.451280015558243,925.3287558478418,20.38559952364063,Low
33,1,73,8.00757373632516,45,10,8.940641953676955,567.304972952208,14.970247106828038,Low
98,4,53,1.2118977172898635,58,8,12.421374080392724,460.5931169789871,46.503767959270924,Medium
45,6,69,1.5369556279827035,15,9,2.036198738061845,74.02566782371326,18.5497736592767,Low
42,3,56,8.784613003326477,69,3,37.79275604380294,3852.480573435275,26.32377452303834,Low
1,3,20,7.537541264697928,65,4,41.49575083618791,5688.02413729486,0.6489745050171274,Low
19,1,0,4.795026304077993,27,1,21.89802319052048,1819.0644647215543,10.096374643719335,Low
11,7,52,9.495491135792482,50,4,29.29137370784888,3332.513798761718,6.333230664718027,Low
10,5,52,3.4083519480270708,42,2,19.134915777287688,954.9149013833395,5.148094946637261,Low
68,7,99,3.0144954560573947,68,6,0.054623270440807246,1.9828247170013031,27.222286294339852,Low
84,6,93,7.350102207799118,19,5,1.7661261675682576,89.28170093498535,34.490127588454406,Medium
85,5,1,6.736709074382395,23,10,19.032297319325384,2072.172420172538,43.706471632855944,Medium
10,1,29,5.737900255574467,54,7,31.42992126757116,2764.992918377116,5.885795276054269,Low
42,5,40,1.9069439805206003,58,7,22.618166900623283,940.4079684003583,22.49977805895707,Low
0,3,54,9.948952953494581,69,1,38.73009836406981,4483.294288715028,0,Low
15,5,59,4.974627038304216,22,2,10.305096245877701,592.029044379958,6.927458662128993,Low
15,3,40,4.259827508988083,51,6,28.272250178513435,1792.823555722218,8.54450251606621,Low
47,5,6,4.628132054922561,50,7,35.89726324576797,3133.3095620366194,28.923028235306568,Low
26,1,16,2.8688872638930283,23,3,13.615432582199324,635.2362665750561,12.524007482823095,Low
87,3,84,8.8684762916009,67,2,18.224859373597646,1446.4848290185143,44.31337659301798,Medium
67,7,90,6.178550091181371,58,1,10.59798254623914,582.8220006325893,31.060388983588133,Medium
78,3,40,3.1951319020804494,100,1,45.24817267767347,2829.4794739794097,52.376144813151186,Medium
0,4,0,2.9944723790128345,51,4,34.60079620408654,2226.335073738751,0,Low
79,4,26,7.948372293917722,84,4,54.06574351333741,7319.182001959747,57.227162425321936,Medium
90,1,37,7.827927295950248,63,3,39.402444863686675,4280.639083330232,57.2773202263908,Medium
60,4,13,5.178449990733955,19,4,15.361921972407009,1162.9716996763657,29.530291910066524,Low
30,3,62,6.119409551379452,60,5,29.416572404616442,1973.5619716374993,17.29498303283096,Low
90,5,97,8.777142556552263,85,6,4.075492665297476,226.05639083773323,38.200766039260635,Medium
55,7,88,6.506039491836426,64,8,12.268746124071667,654.6342743197376,26.04868622094365,Low
78,6,49,3.896822834106384,77,1,36.666334111557326,2265.4937359174533,48.359844364208826,Medium
11,4,59,5.703389301674408,67,2,32.00551207884212,2320.7585002068768,6.51236379720358,Low
70,3,7,9.094983479396207,82,2,56.97115676297543,10397.060237598647,51.927885840449676,Medium
29,5,5,2.7738684235635747,58,9,36.592255372971294,2134.179825694153,17.967052434897006,Low
17,4,15,2.181106427334693,38,8,21.044323480244763,989.0524310385175,8.946520994984967,Low
6,1,8,8.261278528738522,96,2,60.01073549768608,10678.33134990179,4.560386477916699,Low
8,7,60,4.810629187318556,56,5,24.626758447166694,1553.058966283,4.382084405464001,Low
11,6,53,3.786287023860013,10,5,3.854758736549821,190.1772118220823,4.654414076612289,Low
75,2,31,7.931988847032414,23,7,16.2324233278139,1597.9021490822868,37.30459049751626,Medium
86,7,55,4.267186158299776,88,5,40.85844466375545,2510.741249239184,55.48295744649781,Medium
79,2,35,2.9363373542098614,18,10,4.486840114742806,196.82334324112747,33.72676221438809,Medium
59,7,86,2.989357533003831,20,10,1.8635279692435,71.86922935433346,24.2596889011122,Low
17,4,94,1.9961689975901522,64,5,2.17640212454827,79.27519930341927,7.021993016703925,Low
1,6,65,2.641276734531857,23,7,5.617466444845523,231.0641581022272,0.4337047986690732,Low
2,7,91,5.34941574943135,26,3,2.50059028835079,126.63445726292181,0.8300070834602096,Low
39,5,55,9.65277636827883,81,3,43.92095967754939,5369.774594288535,25.87750456454656,Low
95,4,22,6.244148551605999,38,10,27.609595363933668,2584.6695752182295,53.737469357442194,Medium
54,1,54,7.152456119429167,94,5,43.180842740251244,4093.39603465011,35.5905930478414,Medium
85,5,46,4.8140793194986795,71,1,39.06161499511049,2772.3517455295764,53.921423647506344,Medium
29,4,9,1.5926730473915418,56,1,28.138877455782634,1185.1650952241625,16.49616467730618,Low
42,4,72,4.459282726128643,78,5,24.933371884340616,1332.1742958134132,23.083209714853837,Low
50,1,100,8.159080921464902,64,4,0,0,20,Low
91,7,74,7.343143918921321,72,8,26.549488704428448,1796.2742623281874,50.896020832617936,Medium
69,4,24,2.5546305793506026,43,1,24.629794060704892,1331.91324834798,37.79673474113183,Medium
94,6,58,5.0423154349548645,89,5,42.89656004883092,2902.6440289037287,61.79365986754064,High
87,3,95,2.999674024238773,77,10,1.0989821400983426,39.893051685569844,35.37366867713134,Medium
34,2,67,7.964016670918356,19,4,7.493340013301613,496.94200112708694,15.12864136271353,Low
21,2,14,9.17440968427142,81,5,55.647192407951984,9084.296398478915,15.41154624340195,Low
24,5,14,6.242423840749332,24,5,19.544414892705717,1823.2376118701486,12.414395744549624,Low
66,2,92,8.168447949218468,92,1,14.07496752494115,884.6105449134045,31.973687139876695,Medium
66,5,4,4.1317301182581705,52,1,37.286301459430305,3074.5006834295114,41.1653753779344,Medium
97,2,79,5.064960602178081,32,9,3.3611047544125854,147.8027968665388,40.75616296706813,Medium
94,1,6,6.074053819851345,71,4,46.57836463951625,5753.007754761912,63.87019765668717,High
72,1,27,9.498181092620259,95,9,53.15621543426801,8924.353994564855,51.76348506760378,Medium
74,2,19,6.84067434412702,80,8,51.74424553205766,6205.458232620936,52.5744450162336,Medium
22,2,45,3.888707387447953,79,5,36.71316874493492,2283.5283362050695,13.64613827433141,Low
95,5,66,5.383235884019291,57,3,25.740936945912107,1583.376196793667,52.6723340591699,Medium
94,2,32,6.554819981054053,45,5,28.932334407425834,2870.799552327896,53.91783660578817,Medium
8,1,82,5.7388052726253544,62,6,9.982468392286986,487.98398258994916,3.6791584828297754,Low
15,4,35,8.021741976274367,48,7,32.46517843820321,3384.3522961046683,8.921866059438289,Low
60,4,39,1.606229413432923,49,2,18.279464783761636,732.693621085309,30.580607322154187,Medium
55,6,41,4.582944707957495,11,4,7.239692544755798,358.5750452255515,24.389098539769414,Low
85,1,42,8.99512491363549,78,10,41.96622463376359,4979.012754802704,55.40277456321943,Medium
7,5,80,2.5660736826854884,11,7,0.39457879588148076,14.32321029049775,2.8165723094270225,Low
22,3,74,1.382881150678315,85,5,10.661500053452361,391.5257544379755,10.207318007055711,Low
91,6,26,5.927799749535684,34,10,23.20566416589843,2104.8975750220347,49.07029263458054,Medium
66,3,65,4.644582060722756,50,8,18.326021617710115,1025.1895219231155,33.657104560613206,Medium
94,4,34,6.085479673003563,60,3,41.051640785507985,3744.4680308345905,60.7531254030265,High
51,2,77,7.703477541620058,72,2,25.899521509970906,1906.2968918007427,28.325253582051097,Low
35,1,20,6.0645635317080995,65,4,39.482050153508446,4224.225673544894,22.291230532236774,Low
15,6,30,8.7697645199262,21,6,16.398629818441677,1713.498702872659,7.4758766836597506,Low
70,1,24,9.76549532191413,82,6,49.65260722958119,8563.450753068155,48.8540950364241,Medium
82,4,70,7.360838823973417,18,6,7.632040936456947,517.3865970402103,36.55496414073682,Medium
93,3,57,5.868581256749471,32,6,15.096428873397734,1011.1600348490091,45.62380731135594,Medium
2,6,92,7.4088432040423875,83,5,12.309135977980365,727.0488826589934,0.9477096317357644,Low
19,3,76,4.218591911743414,86,6,24.01838565608754,1195.98047487339,10.338095964793979,Low
6,5,58,9.852826213038302,93,7,45.080721285268666,5523.838440086574,4.022905966269672,Low
40,7,99,8.717883604708998,58,4,0.2714699692849319,11.603688283908914,16.065152792628382,Low
67,6,62,2.1853471078321425,86,9,24.03122951409359,993.9768189441854,36.460554264665625,Medium
31,3,64,2.8678295913181557,18,1,6.985580794288462,299.9265789855362,13.699318027737654,Low
27,5,3,9.886884278727052,95,10,60.294955186042635,13531.692796991789,20.567782740138906,Low
33,6,72,1.0037480337678426,56,4,5.989688928498146,217.7139063877461,14.385958407842635,Low
13,1,89,7.127233589241871,33,8,0.039107287414403454,1.4195945331428454,5.203050368418324,Low
56,2,94,8.326681140992454,74,7,4.3403532716347115,235.3499882830698,23.858358699269264,Low
62,3,65,6.881525112176379,88,7,37.80140534394762,2802.331477884578,38.862122787948515,Medium
30,5,16,6.086099319057123,71,4,46.33923291065396,5208.493372809349,20.341061923917714,Low
51,5,4,3.895961009069971,85,6,52.73871068825117,4484.763336844785,36.53804547060486,Medium
27,1,42,5.669713388228833,19,10,4.89421307155567,252.76817204164612,11.59286251759202,Low
5,1,84,7.5674536703156425,42,8,4.774621143633448,231.084850382727,2.1432386343090033,Low
33,6,21,4.621830745462622,26,1,19.550738529263942,1375.0574731868862,17.071046228794263,Low
75,5,21,4.249234640218069,86,9,50.25025705957634,4183.578727427442,52.612615676809355,Medium
5,7,0,1.04359761548154,90,1,34.43580584244581,1397.3576264554622,3.0330741752733745,Low
73,7,54,2.105100069330048,95,4,32.321027603937424,1351.0393347986114,43.3566100905246,Medium
3,2,100,7.648231322134459,11,1,0,0,1.2000000000000002,Low
26,4,56,7.933445410758047,43,1,25.828391298045325,2234.4222110417877,14.42922904249507,Low
62,6,92,2.5307016079850353,90,1,7.235394862303946,272.19604393742645,27.49156688877707,Low
76,5,8,1.5633956940164961,58,9,26.89707847199028,1136.5541971326336,42.66506778322757,Medium
48,1,85,8.144135847448027,62,3,14.466413290261466,985.2158322434207,23.366327027595304,Low
80,7,60,8.543773556409517,83,6,41.146733202707566,4315.482666626258,51.75043193729963,Medium
39,2,13,3.772506411605572,42,7,25.92147705023322,1827.5594365794032,21.665625629754576,Low
79,3,13,7.8574519405689,46,2,36.141351453135044,4534.292432159357,48.73100058878601,Medium
6,3,43,6.406008251044108,88,2,47.79708607522608,4720.950732948396,4.120695098708139,Low
26,1,73,9.874353661012327,80,8,25.681835050751438,2500.5943517670826,14.406366267917225,Low
28,7,3,2.229552120953907,69,4,38.99431273908768,2188.5319979877495,17.75104454016673,Low
43,7,75,1.387787715703095,80,10,10.319218606911832,377.4019785906162,19.86235840058325,Low
34,4,30,4.218762959985695,30,7,17.625590108104603,1156.4636312731402,17.19562038205334,Low
47,7,52,1.7913709137259666,22,4,6.475759124024928,254.00841461806672,20.62616407297503,Low
8,5,45,8.659789180423981,74,2,43.720022679637175,5191.923939384334,5.298561088622584,Low
65,3,68,8.600614631034876,40,2,17.943022798031077,1502.3290220260074,32.99777889123212,Medium
69,5,29,9.48480725451835,59,2,39.100899344016945,6193.6246656908115,43.78777232842302,Medium
3,6,89,6.128013310126065,30,2,5.341095509288597,285.3559179259818,1.2961397191671948,Low
77,4,96,9.087632524003807,54,3,4.186898570386223,267.03308040742814,32.734347139518434,Medium
98,4,15,5.535415539475449,69,10,44.95473181740299,4737.482019561001,65.63338230863296,High
7,5,23,6.944408931475736,69,2,45.06256404399843,5586.713588072758,4.692627689847934,Low
15,7,23,5.568951478918252,85,5,53.2956136550014,5282.266930435201,10.796605228950124,Low
72,6,53,3.7836876416852876,74,5,33.345950779257194,1852.8877450274235,43.20545073663911,Medium
67,5,31,2.151607035905981,58,3,26.35325179197756,1258.788174372478,37.39400722037498,Medium
26,2,75,8.575206231340829,25,9,5.493624029393609,348.63108700639583,11.257005348585404,Low
90,4,88,5.145529662808588,94,6,15.861865682630265,811.1528252433822,44.56540746862034,Medium
75,2,82,6.177183595153364,96,7,21.5346960837956,1283.8451113646136,39.69061323770802,Medium
76,4,29,4.757118459170225,32,8,21.766026259381615,1532.7564254087515,40.32530797427802,Medium
94,6,86,8.172580574658948,62,10,13.931739511517922,951.7232145488279,45.45750108449611,Medium
19,3,71,7.721317205707562,50,7,18.875831166313045,1445.8820162926138,9.751844752959688,Low
77,1,19,7.567764994720889,36,7,24.497595156392684,2660.333353178977,42.11788896225342,Medium
91,6,38,5.706698676787304,37,9,24.761370424601036,1880.8930375240973,49.91970825183216,Medium
7,4,81,3.313551041627867,67,2,15.104308706135507,615.7461665023726,3.4343809656576916,Low
16,3,33,5.1491630616176245,53,5,33.2973841246244,2615.0900830572737,9.596548875963943,Low
79,7,1,2.3354384066868055,37,4,24.88099121361976,1273.0233599887576,43.39358983525577,Medium
66,1,19,5.054887632597681,63,5,38.16772948270831,3514.0820659226656,41.514420875152496,Medium
13,7,36,9.119097611638585,35,4,26.295936336239304,3197.68421548399,7.2510830342266654,Low
92,5,52,5.5175059124514,37,7,19.746348683702312,1313.726087471687,47.699984473403674,Medium
93,1,21,3.7088823833709315,46,2,31.851977061940325,1939.2127303519135,54.9734032005627,Medium
28,1,20,3.7035916036152625,56,10,26.354987777239373,1730.2200180422753,15.627637946576215,Low
72,2,45,3.61643581343508,44,4,21.29162274867972,1187.0795278344285,37.99798102742964,Medium
63,1,6,2.538015295021737,70,4,40.413999423728235,2266.281748574446,40.476491782169276,Medium
71,2,65,1.869897525163252,67,5,14.03900415713467,540.068006069528,34.38061577093937,Medium
64,7,76,5.048679629364559,26,2,8.020125658657946,405.86519742045743,28.679728252924654,Low
16,7,84,9.167786542260464,47,1,12.755922057525305,942.564915802925,7.624568517522429,Low
63,6,1,9.235053119604622,85,1,58.92111970039518,11822.47959288685,47.47218324674938,Medium
70,7,34,1.2785148412569325,52,4,16.334030967781064,625.323031200159,34.86029300646805,Medium
46,6,15,7.91064125880247,98,6,58.9937859025058,9656.52074144999,34.68228490909161,Medium
47,6,84,9.766756885003437,20,3,6.427876414938719,494.4164733421438,20.61266114901272,Low
9,4,37,8.3630673967247,41,4,28.922949083305877,3238.7523951426115,5.1618392504985176,Low
95,2,1,2.3520395447645,89,5,47.297662501415154,2987.692010178143,64.95966762580665,High
65,5,29,4.848164141487577,91,2,51.66990832888735,4712.678918844663,46.15126424826607,Medium
55,6,36,5.561666037457856,66,7,38.891567024980716,3359.0435908733857,34.834217118243636,Medium
34,3,17,4.507492546674316,56,8,38.13579764548558,3064.858745969351,21.37970271967906,Low
38,2,2,2.7752046106755333,64,5,38.73063703040543,2487.2563816711645,24.03058524293244,Low
23,1,90,4.278656491701342,83,10,0,0,9.200000000000001,Low
31,6,83,9.000443356248432,17,9,4.6782820940115295,315.8180619495048,13.270160469486145,Low
12,2,16,6.8114955451654104,10,9,6.041739816807579,470.17265864978725,5.2350052668101466,Low
82,2,33,1.6265698395028116,21,7,5.397361290658131,210.00707199827556,35.4555017550038,Medium
41,3,58,9.339619746042146,52,7,27.729744343472984,2904.730071424198,23.221517108494353,Low
55,7,67,3.286229899611688,66,9,22.46701581614978,1008.5641447516037,29.414115219329428,Low
81,1,76,6.644907441852981,39,1,14.516376503302546,872.5173262897396,39.454958980605035,Medium
98,1,38,7.886028732848248,86,4,49.87027660206574,5902.173387265819,68.52372264201466,High
92,1,16,6.9444008962541,62,5,42.904241474415294,5021.799478593906,60.48314129387724,High
8,3,15,8.726776592886893,62,8,45.532822537562,6778.598069405025,5.3855754818029755,Low
28,3,45,6.952986960012212,89,7,45.343367648544856,4587.209921445178,18.817685764955538,Low
32,5,45,7.608732856550323,24,1,16.311182710074657,1479.7235728272476,15.931747080334334,Low
7,1,67,6.070186195663619,70,9,20.77831882798804,1318.6861309164763,3.6726893907754983,Low
74,6,76,3.6390834781821764,38,4,10.829678798144231,455.048199412929,34.40837738637604,Medium
77,3,49,3.151440507314851,11,4,4.287307303104786,173.628277532953,32.780735974034414,Medium
7,4,89,6.853725579414191,28,4,4.72724533663873,256.7451398222803,2.998544304138827,Low
46,7,75,8.078647213081355,82,1,30.23273163163539,2444.5900853144317,26.74423393033137,Low
85,3,13,4.331809449425673,41,7,27.734591921660304,2080.5402954545043,48.144641880046755,Medium
32,1,57,9.899945500082167,29,8,12.669262917393812,1219.5873362194327,15.232498480139613,Low
71,7,53,8.104903180040088,77,5,40.96264960002477,4252.7879870375045,45.850088729610555,Medium
15,6,11,5.855240278134931,74,8,51.685881197076284,5706.6383663303495,10.651729307736865,Low
70,3,61,7.722881320426128,48,7,22.926751672647764,1899.7399019059203,37.62923570251206,Medium
4,5,67,5.498738875272092,54,5,22.35699403776225,1356.8349628569617,2.136567856906294,Low
96,3,41,1.002148610898871,51,1,12.123701012683515,445.4248203178585,45.38325178330571,Medium
22,2,95,3.996104105321787,53,9,0,0,8.8,Low
19,5,36,1.9732823909474193,31,3,13.145305472655993,543.5509277981339,9.098564823882784,Low
92,6,99,3.7645288129149392,55,1,0.822360052579195,29.85166990862478,37.25394274902372,Medium
80,7,97,2.0355352198318393,88,2,2.1623890037634204,78.49472083661213,33.03794672180644,Medium
89,5,38,6.092992113801863,61,3,37.86180143947808,3482.3388973934884,55.818201968681294,Medium
94,7,82,5.242281864386265,42,8,9.613517430515207,467.8782034556436,43.022023830810575,Medium
85,1,11,2.517599207360775,73,4,37.412689398643565,2253.774259197007,53.08047159330822,Medium
51,7,69,8.933479047364232,76,3,33.25506800838664,3149.9724962190858,30.57605081056631,Medium
45,7,95,6.763260345260257,14,6,0,0,18,Low
15,1,17,7.057335340843012,15,8,8.128107744122492,576.6118307883243,6.731529696971024,Low
99,3,26,7.8866085304535085,93,8,56.40861166656997,7786.919478714273,73.10671532994256,High
23,6,26,5.200821863627478,61,6,38.526986571381116,3354.5665424719264,14.516724146850596,Low
10,5,25,7.891004491604624,82,8,49.360923028434584,7139.686605522644,6.961655381706075,Low
8,4,7,9.493071572050065,71,5,48.79277216871497,9047.509341774006,5.542053064098319,Low
5,4,46,8.72475372564959,64,6,36.990225652111896,4299.163289754313,3.109706769563357,Low
83,1,57,4.396561358269082,77,5,29.74618260494227,1716.4002983992593,48.01359893726125,Medium
5,3,30,8.620350871701158,35,5,27.00221070507953,3053.6011878502673,2.810066321152386,Low
60,4,98,3.090596179530806,35,6,0.12344112767889927,4.480912934744043,24.044438805964404,Low
80,7,4,2.2085293741291663,33,2,20.487663629506258,1027.1424729822334,41.834078542163006,Medium
5,6,4,1.0395760534061567,27,8,9.947972064940593,372.34684912879794,2.2984391619482176,Low
26,5,20,6.622160774990501,82,5,52.253790574165414,6287.490194673106,18.551591329569803,Low
98,7,88,6.212017153998873,52,1,9.602637049609932,496.52116653548643,44.84635058517064,Medium
47,5,22,9.832813542210486,22,1,18.874627218444253,2599.6397350667526,24.12264487560128,Low
77,6,49,6.269026941630051,40,2,22.636416411804635,1919.7480700040642,41.258024382253744,Medium
0,4,40,7.59500723476199,81,9,47.822299494033295,5155.043578524502,0,Low
88,4,100,2.7531982241291386,82,6,0,0,35.2,Medium
74,4,0,8.811458844657214,62,9,43.68153874773603,7785.342511677858,48.9946032039948,Medium
23,5,94,2.333223642514734,44,2,2.017402906648633,73.23172551134537,9.478401601117513,Low
31,5,26,9.138452892640752,43,4,31.19856421985958,4143.79145384652,18.20293294489388,Low
61,4,90,2.948653009616729,32,3,2.754500003009046,106.46424073775198,25.408147001101312,Low
4,3,48,2.2191448230165465,72,10,25.372453757628335,1076.2040275582706,2.20893889018308,Low
93,1,99,6.590429772179557,88,8,0,0,37.2,Medium
76,4,80,1.068226871763069,78,10,5.539038749385381,201.12289576939455,32.92580166971974,Medium
55,5,85,8.576788518954096,79,2,20.829844897884225,1562.6741644821961,28.873848816301795,Low
64,3,11,8.548602014401126,73,5,52.17889919305366,7924.882644819568,45.6366972901326,Medium
88,4,12,2.4365148041408906,33,2,21.076694725541746,1059.4878174113132,46.328494815086046,Medium
71,4,46,3.7573288002206913,59,4,30.518620135781767,1790.0869731903422,41.40093217784303,Medium
44,3,53,7.725075771890619,14,1,8.756584684189063,710.2637363067502,19.911738356625914,Low
2,3,20,5.728586905069117,52,9,35.08367178056158,3305.95155882046,1.221004061366739,Low
79,7,12,6.195314881967508,69,2,48.2654474064171,5718.0400681166175,54.47782207064171,Medium
76,2,46,7.8369669589545135,55,3,31.148763832254094,3154.4320971543048,44.60383630750787,Medium
18,7,49,6.7290353472295354,23,2,15.95392471634406,1143.8999932610916,8.923023869365158,Low
26,3,75,9.101202939535614,29,2,11.764268579316171,969.665152557773,12.235225898373322,Low
8,2,33,2.081687650409406,46,9,16.730317935913988,717.7466263850177,4.003055260923872,Low
82,2,75,1.071738332962874,21,10,0.04719620463582879,1.713222228280585,32.823220532680836,Medium
86,5,64,5.4343926823892055,85,7,33.61170716887565,2288.840704096622,51.743640899139834,Medium
56,4,11,8.62510463247483,22,9,17.70938316812267,2257.109751539613,28.35035274448922,Low
33,7,61,1.2902545599266813,80,1,16.369736055457373,607.8248513336645,16.441207738980562,Low
25,3,0,7.082926475095852,44,5,35.57688394966996,4554.504933075212,15.336532592450494,Low
96,1,20,3.294768355186842,27,3,16.84798554867792,874.9353927595603,48.10443967603849,Medium
75,5,85,3.2352334703449395,90,7,14.260844364731932,578.6980759707355,36.41737996412937,Medium
68,6,45,8.098860440547734,36,7,25.634758812213477,2385.3977783551945,37.658981595383096,Medium
17,3,21,8.75235863618878,95,7,56.740997515073836,9540.490889843306,12.587581746537532,Low
0,2,76,8.180132581148563,87,2,30.517370481836505,2450.8203015217355,0,Low
11,7,91,3.6625984540342866,16,2,2.0602691321306836,82.2248232220735,4.535977762720625,Low
8,2,92,5.091252766574724,56,1,7.143806314493588,327.7416307564771,3.5429027030956926,Low
26,7,44,3.8627646437146685,40,4,21.887063238438348,1240.074067486212,13.814381865196383,Low
7,7,40,4.677441702512587,78,2,43.011247726069826,3336.0658190287104,4.606472404494933,Low
17,4,35,9.065882634129675,17,1,13.628239096411745,1552.0270034958558,8.190080387833998,Low
71,2,54,2.1170078539014607,11,3,2.558741901054806,101.42885259244885,29.49002404984935,Low
49,4,24,3.9004362551021328,68,7,37.68433667225785,2881.607360598191,30.67919498164381,Medium
62,4,60,7.934888832033122,98,3,45.39337480592628,4573.88578403615,41.68633542780458,Medium
3,1,24,3.3641227461025776,49,2,31.096701017562708,1780.2603565787856,1.7597406183161288,Low
93,4,65,8.434331510404746,98,9,42.760621001385445,3947.765695712703,61.060426518773085,High
24,5,37,5.849664211595143,84,1,45.82304780550456,4441.809293573703,16.19851888399266,Low
20,5,88,3.542047306029737,87,4,13.923149026093053,591.6703626906706,9.670777883131166,Low
75,2,78,4.389633721980967,29,6,4.769183230209255,198.12995696979908,32.14613245359416,Medium
86,3,40,6.821764562466744,76,1,46.34605769318415,4631.651390994413,58.31456576968302,Medium
81,1,6,6.087976837670256,26,5,19.601301845251182,1809.1562791699687,41.92623269679207,Medium
71,1,20,5.031514846152995,80,2,46.86864690161761,4513.444510117867,48.366043580089105,Medium
45,3,98,7.22551281970745,73,4,0.7671587993661174,41.092801886773785,18.20713287582885,Low
89,3,77,3.4601035008560617,50,6,11.397257779509118,496.8144535742715,41.68613565425787,Medium
49,4,49,8.990649028765809,12,1,9.222301276726347,915.0792000038475,22.311356575357546,Low
33,4,68,5.622964273106016,18,1,8.177765925595748,440.7303985533505,14.81919765326796,Low
15,2,98,6.460074910479403,34,2,0.17488906315635797,7.81064226991667,6.015740015684072,Low
71,1,67,4.027201591602921,47,10,6.8598024174776135,282.12422875824365,31.322275829845466,Medium
90,7,23,6.4374560923814075,81,8,48.025921787128155,6040.789044690817,61.9339977650492,High
24,6,33,6.506858988517272,61,7,40.21520315429137,3884.4737692040726,15.390989254217958,Low
84,6,20,7.271423675732791,99,3,57.611056727645746,8395.443620540153,62.63597259073346,High
40,3,21,2.447241172629686,19,6,9.494031187510378,427.06721721001844,18.27856748500249,Low
50,7,60,8.017726288953181,12,7,6.64299167080324,564.4196869275512,21.99289750124097,Low
37,4,35,1.8893042127997217,99,4,37.96157981210267,1787.0790448746866,23.227470718286796,Low
18,1,79,3.254791111684335,50,9,1.667179643028034,60.51862104191762,7.380055401447028,Low
14,3,49,9.497484069807003,74,10,41.87439778656479,4817.461288579634,9.117449414071443,Low
42,2,35,3.6753101730613906,87,3,45.68418747746654,2990.042284195356,28.312415244321567,Low
97,2,19,8.232303366604341,95,1,58.62347537042379,9360.663091656375,72.91886266558666,High
73,5,18,3.2955034545408477,77,5,42.736912589540616,3077.3084032933893,47.91876771421879,Medium
58,6,17,4.478571925643045,42,3,29.93376303438036,2269.531859133532,33.616949535964366,Medium
45,6,14,3.3112125663377485,52,5,32.74477427817978,2152.6109499429854,26.84108905510854,Low
80,4,47,2.208663305796927,66,8,23.823496090289556,1032.9912134337526,43.43527812333899,Medium
32,2,100,9.835159529112463,50,7,0,0,12.8,Low
26,5,15,1.5963724453850785,84,5,36.448828228953566,1682.2850670627195,16.086017203716757,Low
52,5,26,2.368812325023561,39,9,20.00246732479757,903.9327607533703,27.040769805336843,Low
31,7,93,9.55735134244866,78,6,11.069230984825802,806.8178650687886,14.458876963177598,Low
47,5,41,5.5520131623651965,23,3,14.538464362182902,1071.692712066963,22.89984695013558,Low
76,1,23,6.650485953736958,40,6,27.49223241068514,2535.707843698673,42.936457979272426,Medium
98,3,63,3.289566890824818,43,7,14.000521257365547,638.4619010787484,47.43230649933094,Medium
38,2,2,9.121286721320253,27,1,24.84948909263769,3553.2938295482745,20.865683513121397,Low
42,2,41,7.93898237738145,36,2,23.419357095216874,2290.4160869553357,22.701677987994653,Low
81,7,70,9.723130768305348,57,2,24.122297309001716,2451.7966866271618,44.12343649217483,Medium
45,6,38,8.046994306066761,79,7,49.04450476882918,5759.141858502194,31.24201628758388,Medium
38,3,50,8.937279812360428,92,8,47.93187772828799,5780.042037794687,26.12846812204966,Low
99,7,75,2.612462336609269,10,3,1.8261779670725595,73.63725907276167,40.6847497124411,Medium
92,2,89,5.103773483370527,93,7,10.71538813131083,488.0592841266804,42.71489424848358,Medium
20,2,54,9.664973526038818,22,7,11.952170645867596,1156.5631728148664,9.434260477504111,Low
68,4,5,2.3561673375769536,59,2,36.046744396397536,2004.3116871132775,41.9070717137302,Medium
98,1,23,6.878071897050851,66,8,39.59179012116887,4549.953822677476,62.4799725912473,High
26,1,42,8.542346195107996,33,5,19.318699150310362,1870.301182254103,13.413717067448417,Low
27,2,9,5.63298207045824,80,8,52.87003826041456,5854.637000278818,19.36494619818716,Low
62,1,10,8.91427152867213,55,4,39.49798268849523,6457.542567058798,39.493249560120226,Medium
5,4,72,3.175603291702402,86,1,26.293489691047622,1204.748901061044,2.788804690731429,Low
48,1,41,5.839204069589435,70,3,37.207421305575,3254.805014594946,29.9157373360056,Low
20,1,9,1.133700519904699,72,3,26.746262455768868,1045.5967726642923,11.209551494692263,Low
63,6,6,7.839137565031065,48,3,36.10736412803469,5270.620907637709,38.848583640397116,Medium
61,4,2,7.734164642600034,22,10,18.758235850445853,2274.010937119458,31.265514321263183,Medium
1,2,52,1.649714592965147,69,6,19.07435595917384,751.6351038696118,0.514446135755043,Low
42,6,34,6.085897379333672,40,10,26.86498663170728,2235.1774250095946,23.569976631190237,Low
31,7,82,8.162128823362128,98,9,26.329716528641505,2071.6591363250213,17.29732727432732,Low
23,3,59,9.022065091391676,73,5,37.51421560260177,3945.2109406197833,14.376961753159044,Low
64,2,32,7.554392404335324,57,5,35.57451638787451,4276.0450495422765,39.26061429294381,Medium
49,2,91,1.4303536042557095,53,10,0.01860945642003038,0.6755232680471027,19.60547118018749,Low
72,5,79,6.690875709298574,81,3,25.2653634398267,1731.2895147136426,39.714637006005134,Medium
18,4,42,4.936330463738843,92,5,48.646655468073675,3928.595278752868,12.453838790551956,Low
17,2,91,8.813369923925949,64,10,6.293705100515265,398.0498792865789,7.441957920252557,Low
0,4,30,8.496374741622388,37,2,26.3578218733603,3163.8714996988265,0,Low
7,7,23,1.024383517280261,60,10,18.648591533292986,691.7764665565584,3.583240844398306,Low
33,4,93,6.789069564988479,15,3,1.9148742617624752,98.26222291184261,13.57914510382897,Low
83,4,32,4.3497505924219215,56,4,35.00413806145082,2443.474809625563,50.632060754602506,Medium
36,7,23,6.013548895063958,63,2,40.22436641646243,4403.980989522237,23.088463145955885,Low
32,3,20,8.630255558070694,11,2,10.009135334026352,1155.6494139367596,14.72175398413306,Low
37,3,24,6.9958226574247115,21,10,15.256708271249838,1367.4251764546507,18.186989236217464,Low
53,6,77,6.116251558440612,91,5,31.47830106420699,2105.2303474631503,31.210099738417824,Medium
61,7,7,3.3546095344143807,98,8,55.145866774860636,4433.538504235141,44.58338723959899,Medium
88,2,14,7.977349323999333,48,2,37.2124043035328,4967.148654963478,54.84814947226532,Medium
58,4,19,1.326668143713903,11,2,4.270497356207941,157.10911825283267,24.686133079960367,Low
23,5,29,4.862565714971083,21,8,15.579006451549901,988.1673182494217,11.349902890313887,Low
49,4,54,2.832207647306584,18,2,7.3711454553920355,327.33304642718196,21.76711676388526,Low
92,2,4,1.1872888672586042,15,1,6.471029295385183,237.43648425496065,40.37200817105263,Medium
25,6,74,5.531152520916624,70,3,26.596880882046612,1502.0347226727379,13.989532132306993,Low
68,5,73,4.378905065816783,49,3,15.471988734116568,760.0416958520938,33.51257140351956,Medium
90,7,83,6.14460205989821,62,10,16.17976054097805,954.652199308054,44.73707069212815,Medium
27,1,9,4.081496468788798,66,9,39.553071990402685,2869.144496421697,17.207597662445234,Low
20,5,13,7.640585143781994,24,9,20.639758380754742,2156.5659587054897,10.47677100569057,Low
38,2,44,5.34416704489576,19,1,12.47635533766497,774.3069027372495,18.044609016987614,Low
92,3,21,8.446110945424406,97,10,59.48653983290093,9412.14942735152,69.63656998776132,High
82,5,33,4.641260851341446,57,4,35.47662109193697,2583.3359970580386,50.254497577232996,Medium
5,6,33,1.5424918388755826,47,4,17.53480748294845,688.08005825579,2.5260442244884533,Low
60,2,56,4.486335016426769,83,1,39.1730530818841,2448.6690706326185,38.102299109478274,Medium
66,3,82,9.046257925065024,86,8,23.31842282538983,1941.1410810091722,35.634095438854374,Medium
51,5,80,7.835440178068649,39,6,11.925781648440028,786.2976782998522,24.04928918442265,Low
48,4,43,2.6113924476211965,70,2,32.70729160122041,1549.6961601154546,28.61969998115148,Low
95,7,77,3.367322416386409,16,10,2.6373878951442173,99.8512486042241,39.5033111002322,Medium
70,7,36,4.87528307690349,31,10,20.873358973065123,1418.9453972891217,36.76681076868735,Medium
15,6,43,5.999811084475767,30,7,18.29382000303601,1423.277519765002,7.646443800273241,Low
11,2,46,5.058986858755602,13,5,5.385395752912603,296.7087266360512,4.755436119692233,Low
31,7,70,4.852196237592558,53,8,19.286732769892975,1020.6755070637653,15.987332295200094,Low
67,6,20,5.917282627576037,44,3,31.096336461964327,3147.4653201225965,39.30072725770966,Medium
72,3,70,3.462855394192477,82,3,24.81321680941075,1152.8155903240427,39.519309661665446,Medium
82,1,53,1.4510845703076978,23,1,5.521949294725828,206.17071470884096,35.51679905300511,Medium
9,3,24,9.86443139348486,84,1,53.919375447404754,9372.749539755612,6.511646274159856,Low
67,3,67,2.067986087984437,31,6,6.493958293723503,244.9506262547579,29.410571234076848,Low
37,1,6,5.065081395776774,96,7,57.28806604439777,6078.679252090371,27.517950661856304,Low
58,4,72,8.456230031975227,26,9,10.763261236696602,731.9396132183573,26.94561491037042,Low
21,7,49,8.347292114527772,38,4,24.61324711719129,2380.3638442608753,11.501269136766103,Low
17,6,10,8.687592839489053,94,9,57.691036034787274,10781.724367039562,12.684485675548302,Low
36,6,82,3.852956790991958,25,5,4.631821106735199,184.6877133470957,15.400473359054804,Low
33,1,35,7.8325287450269645,96,7,52.05896898999028,6597.6834298100775,23.507675860018075,Low
16,2,27,8.911676869649806,80,8,49.073890783660836,7303.7484485250125,11.111093515231442,Low
65,1,13,6.299240125377494,18,4,12.411041238584806,1089.2853380227998,30.840306083048073,Medium
42,3,44,9.537740008603556,87,1,51.43264388011388,6674.402430953635,29.761026257788696,Low
47,2,92,2.4653456791540576,45,6,0.10210051556090588,3.706248714860884,18.828792345388177,Low
36,5,96,9.188196210556098,99,8,7.191376989485035,509.47422012401677,15.953337429728768,Low
13,1,77,7.546555031512355,82,8,23.32347726493376,1637.2996326651346,7.019231226664833,Low
71,7,58,8.203734908346028,13,2,8.115670947528745,677.802858182025,31.857275823647246,Medium
78,7,37,7.4773020940120904,10,3,7.320817585758734,626.6467782914149,34.62614263013509,Medium
63,2,2,4.368079801896822,48,8,33.59807203583331,2683.394922835261,37.90007122954499,Medium
2,2,63,5.837946985990742,28,2,13.414130725546032,857.5245856651859,0.9609695687065525,Low
46,2,86,4.411763051187611,42,1,7.479939774637434,313.57535373458614,20.464463377799934,Low
47,5,90,9.536382095019594,86,8,13.333342713010058,967.9627278743968,22.56000264506884,Low
14,3,34,4.298100688312808,94,2,49.21359147890442,3916.403970478729,9.733941684227972,Low
17,6,80,3.4998813695533313,33,2,8.533218928166614,369.92707422305244,7.670388330672996,Low
38,5,77,8.621535024319382,49,2,17.83352415738725,1459.1681500598133,19.266043507884294,Low
54,6,86,5.353250113785638,18,1,4.464451035362308,219.254777873492,23.04648213545739,Low
73,3,27,3.5432321538949747,96,3,54.14623489873046,3667.8285416688814,52.91605088564394,Medium
73,1,65,2.7594605654704094,28,5,4.238974613405333,165.7187099095175,31.05667088067154,Medium
73,2,86,4.017888888006658,43,7,3.5963906641062855,149.58352524269154,30.775219110878556,Medium
23,7,68,6.470192698731373,11,6,4.504900948187761,267.8349080561756,9.821676330849913,Low
87,1,85,5.166117816099862,75,8,5.02977610562682,230.85199697298205,37.4255431271372,Medium
6,7,70,6.324919184691803,59,10,22.98946884486097,1604.8246774134013,3.227620878414995,Low
59,1,12,2.810896561117747,70,4,38.951935555809555,2304.5611386526343,37.388985186756585,Medium
27,5,54,2.24681386438957,83,2,28.921017353285876,1220.9697206680828,15.485204811232311,Low
33,2,32,4.8456387426340655,97,7,48.66193798299685,4545.456369422461,22.83506372063338,Low
96,6,8,7.0227347863147696,27,3,23.502536547553834,2576.6350114335496,51.93746105139101,Medium
81,7,32,9.401100596187403,95,4,56.55690147013545,9230.847326201234,59.88665411448582,Medium
81,4,65,9.852845893489633,90,1,39.589875101453195,4577.410860850513,51.64067929930625,Medium
0,2,1,7.707637505736205,63,4,48.319580482709256,7078.985067111771,0,Low
53,1,51,4.398001422933475,19,2,9.436878154541754,479.99689034441815,24.20092725314428,Low
66,1,34,3.8036851528340008,22,3,10.374185156991105,574.4180788562893,30.50817732216848,Medium
64,4,57,2.934850349709264,34,10,12.999476105032578,554.3646558260996,30.59179882433251,Medium
63,2,82,1.9852634347197413,21,10,0.0076205761650017505,0.2766269147895635,25.202880577790374,Low
89,3,13,3.8572541638082636,81,6,50.14989576734886,3926.992594503237,62.3800443397643,High
71,1,99,3.488167332978624,43,9,0,0,28.400000000000002,Low
75,4,96,9.141088351794977,46,10,0.5423804421708027,23.591971490230197,30.24407119897686,Medium
54,4,54,5.650029191596558,47,8,23.992450762096272,1703.7476184029572,29.373554046919192,Low
52,3,91,7.343060236074036,36,1,6.20863816211829,364.4761862553434,22.737095106580906,Low
52,6,43,3.850118828433418,41,7,22.36220568836807,1265.0997753184581,27.777008174770838,Low
77,5,42,8.306905292023654,90,4,50.409898568966256,6273.204522317838,54.089373138862406,Medium
26,4,27,3.6029801800612034,16,1,11.574819690414948,635.8229119980664,12.205671871704732,Low
41,1,32,1.9070337665787558,92,4,35.84097476109599,1569.7286531457676,25.216879791229616,Low
31,7,65,1.115451368760525,95,8,14.230574948977248,519.6000071218465,15.046886940509768,Low
74,4,33,4.653918725495382,74,8,43.34084832674151,3439.9953114540626,48.84333665707323,Medium
100,2,77,2.0583401375196058,71,7,9.773018642514451,368.8600014397508,45.86381118550867,Medium
76,3,64,6.982525743351346,28,2,13.288110715156185,926.1309037594374,36.45937848611122,Medium
12,7,10,2.5488660956665656,32,3,19.646226965775664,1074.1424985907286,6.214528341535848,Low
95,3,28,4.373469755328661,11,4,7.4392916203825825,430.2900377227134,42.24039622361807,Medium
45,3,39,1.5614397711860564,36,3,11.878404511560772,455.31994331407793,21.207169218121408,Low
78,1,48,9.070016666515677,89,6,45.45197762669878,5671.463279350334,52.47152552929503,Medium
4,7,70,3.4049282207996048,15,4,5.102432146832655,222.9475710407607,1.7224583715239838,Low
79,4,36,4.779141562399459,21,5,13.29618076320192,884.8033913031538,37.90238968175771,Medium
0,7,11,7.479890708961195,91,9,58.44459474801153,8848.544821999865,0,Low
57,2,48,1.5793633661375033,40,9,8.731282673460967,329.56035605216096,25.78609867432365,Low
13,5,11,9.154852111047392,63,3,46.572811962943135,7587.06327273471,8.832679333109564,Low
81,5,40,8.620630467236262,15,3,10.994293087067167,1144.313572734935,37.74322644031464,Medium
81,6,21,9.35688857590534,66,8,46.528989321381076,7213.623147351303,55.0130888101912,Medium
38,1,66,1.2435305800991183,93,3,13.724038847380736,507.8463160135093,18.329080857202808,Low
19,6,6,1.883936246030557,96,1,45.351125093429935,2569.523606252273,12.770028260651014,Low
86,7,46,6.4636587116739515,18,2,12.756967096641395,898.4491251455506,40.982595021866956,Medium
86,5,75,4.430638112257378,18,2,5.567947126599694,259.6575367920567,37.27306071732544,Medium
81,2,74,5.841222709806302,27,4,8.498703038352042,528.4839435020934,36.53036967663909,Medium
62,2,6,6.8316091299324775,99,4,60.76422280322724,9324.686749074532,47.40429088280054,Medium
38,6,22,4.920278157919273,36,10,23.053820330500137,1901.8305577084197,20.456271035354032,Low
58,2,6,6.30940596326111,32,2,25.09694312008788,2688.978313768779,31.933736205790584,Medium
12,5,35,4.955518694511653,39,3,24.767345723477927,1825.1917708285985,6.5832488920904115,Low
99,4,25,9.97623864084788,44,2,33.07352353405448,4942.654743041433,59.24567297922836,Medium
57,5,13,9.788041452858476,31,3,24.382352032772427,3910.746208408645,31.13876439520817,Medium
44,3,58,6.846249950190097,71,7,32.63056663729625,2576.0466353917154,26.21446959224621,Low
47,4,38,9.28447946268868,54,10,33.89193766416898,4387.280226981342,28.357526421295653,Low
59,3,98,4.780783133960321,20,9,0,0,23.6,Low
22,4,32,2.3519936653365683,95,5,43.92875998431286,2201.1192724904868,14.598596317929298,Low
26,4,58,5.017060144523085,24,5,11.557286617738168,663.5497460451351,12.202936712367155,Low
41,7,1,3.1678876716629105,36,6,25.196802291987744,1589.4454874993723,22.59841336382899,Low
41,6,97,7.387923406352238,72,9,2.23204759857189,106.55443227669254,16.949083709248686,Low
9,3,0,8.812980734693156,79,9,53.99540808603353,9946.815655545748,6.515752036645811,Low
22,4,7,9.087757804157107,78,7,52.9512437709389,9576.45331290335,15.789564177763936,Low
70,4,23,5.196417262442204,93,3,57.276249799517295,5539.120269457709,52.056024915797266,Medium
4,2,37,5.51733310801504,82,8,42.880346430302914,3942.8164032025174,2.6291283143272697,Low
65,1,70,7.167625552438203,21,4,5.108008681385677,246.61866891318303,27.992123385740413,Low
43,4,57,4.983825228572061,78,3,36.650024607122354,2394.1344028331764,26.655706348637565,Low
80,2,68,2.9700689802607596,20,6,3.48361321142711,140.40519570873965,33.67213434148501,Medium
91,6,59,4.123611103718329,19,9,7.041675648112315,365.4588820856752,40.24475490386932,Medium
28,1,9,3.017021354229404,79,5,42.874421089061926,2919.2684052567565,18.402902742962404,Low
24,4,78,1.1428825324153262,16,5,0.9852496986532835,35.7645640611142,9.741875956606075,Low
33,5,2,9.78311857947134,70,7,48.81374092012599,10048.412871514012,22.865120702184946,Low
25,7,3,7.152389850943383,33,7,28.013732450082117,3375.4816790486484,14.202059867512318,Low
14,1,2,5.470136029173405,15,4,10.820527650418384,884.6105302580758,6.508924322635145,Low
60,5,81,6.651693108530563,48,5,13.967167816157673,868.6760103248279,29.028180413816763,Low
6,7,94,5.843816242353331,85,5,9.031533892933734,433.5967277568566,2.7251352201456145,Low
77,1,66,4.704064252965073,37,3,11.407329205236248,576.5111415216978,36.07018609281915,Medium
49,3,89,4.836352611035691,89,3,14.753687666629686,699.8623022005683,23.93758417398913,Low
83,2,53,5.889534285302325,72,5,36.12901724001221,2724.9376394643446,51.19225058552608,Medium
7,6,84,9.523736575990652,65,7,17.846971265825623,1345.9554502467277,3.5495727931646766,Low
54,1,68,6.72998428738633,91,3,33.24584462469968,2675.5200429999195,32.37165365840269,Medium
76,7,99,9.113361530776746,26,6,0.07262285574301226,2.6362096634713454,30.433116022218815,Medium
4,5,95,9.6571654769621,40,8,1.4796534812765316,86.49273790191968,1.635511683550637,Low
11,4,77,3.6537546342792067,47,8,11.44811577571266,511.65811360858686,5.155575641197036,Low
28,2,11,5.087559349340482,34,9,23.92973994843358,1835.970154735126,15.220196311336842,Low
66,5,56,2.8272878512614117,81,7,27.932737171284373,1407.5539732721277,37.461363919828614,Medium
30,2,37,7.423873241802103,63,10,37.74115350046664,3843.096383738589,18.793407630083994,Low
34,4,69,8.435073169406632,84,9,34.36486254598518,3190.7813696923513,20.61043195938098,Low
41,6,40,9.3270910591473,19,4,14.319007702161523,1486.7724065913678,19.922475894731736,Low
83,4,10,8.826514818637992,77,10,55.24259648146739,8857.723862960873,60.710813047770756,High
70,6,86,7.720033754216379,54,1,12.896006150486956,832.5798176926786,33.41632258320452,Medium
41,7,77,1.8957578492355405,12,6,1.2404388063906058,45.14983341840009,16.70514794637209,Low
0,3,70,5.494365355141458,32,6,11.618299852252848,614.4542374286032,0,Low
36,3,7,2.9870366427406756,64,3,41.76829726079909,2659.3909615081043,23.421952208332602,Low
76,5,86,3.296704729723434,65,8,9.449211349785426,362.65479639865003,34.708840375502156,Medium
50,4,59,1.661757727938282,34,3,9.006012935825115,346.63340059020913,22.701803880747534,Low
29,1,87,4.186422778524332,65,6,4.023096710468459,165.40594491665973,12.300018827621514,Low
52,3,65,7.87396723336401,18,4,8.496096196523114,568.960706784918,23.450782013315212,Low
42,4,7,5.412294597280086,45,4,33.64037220041103,3348.869691316396,25.277373794503582,Low
77,5,52,1.7263708045408583,43,4,12.072532008201247,469.2273213034548,36.37750978778897,Medium
72,6,49,8.455490817064177,38,2,26.01401823870106,2450.390125023477,40.03805587911886,Medium
24,1,63,5.668935010991048,15,5,2.5305620579837633,118.4701142927292,9.964400936349664,Low
90,1,93,8.09683891744829,14,10,0,0,36,Medium
85,3,81,8.796871622581033,100,4,31.16901097348651,2502.783402536265,49.89619559647812,Medium
51,2,12,8.193512676365248,49,9,35.023212662182644,4632.775663353628,31.11710307462789,Medium
63,4,34,8.754267944554197,56,1,38.87332356757574,5072.558316200544,39.89411630854363,Medium
0,5,34,4.390805091438375,92,5,46.672724269564135,3808.4320152888013,0,Low
44,1,65,8.184624216640316,56,1,25.985449553122514,2241.2062247067047,24.460158682024346,Low
1,2,4,3.7414632680018225,39,2,29.445220752757304,1969.4489742355836,0.5766713245165438,Low
2,6,73,8.901239617483274,79,6,32.34199857868316,2867.1769096095168,1.188103982944198,Low
16,6,64,2.897267644768024,59,1,22.02081458864848,953.591653850883,8.513998200510255,Low
22,5,60,8.830078884606394,33,3,18.705713642911356,1778.023103412406,11.2691542008643,Low
82,5,25,6.069167510010118,70,7,44.98684664001123,4408.913680019646,54.933528546885526,Medium
47,2,83,7.97998053263457,47,3,13.816353419075105,925.8643384201212,22.69621166417918,Low
67,1,37,6.240297058355131,30,10,13.864244171631475,896.5114646350788,32.373426156995855,Medium
12,4,56,6.619373052236884,82,10,37.868291015283596,3313.272717294431,7.526516953100419,Low
76,5,54,4.088908522397803,90,3,39.15729846852782,2527.7656757497093,48.255728101648685,Medium
41,2,0,7.830874745435207,99,7,62.754329973536215,11321.366964201488,31.837565173489907,Medium
84,2,73,6.352311738783955,24,8,5.693204578805018,312.0493895586789,36.46937510771773,Medium
46,6,27,2.1949761337528675,96,9,43.17055530237389,2247.740217680078,30.315073263455194,Medium
19,2,19,6.977373034827536,25,6,19.05582775300042,1877.447235390201,9.772364363842048,Low
32,4,99,7.788386489373007,44,3,0.7446525138049686,37.14104456619385,12.942973282650554,Low
27,1,4,2.3169626671321977,17,10,3.389888243340781,132.70385610902557,11.349161895421208,Low
11,3,16,1.263939692337666,98,1,35.22938516027787,1512.2295804485843,6.72513942057834,Low
48,7,60,4.981119762305786,64,8,28.974421494745567,1864.3354498694123,27.544633390486723,Low
24,1,32,7.5970462270267864,93,8,48.57515211712466,6427.61255936193,16.594821904865952,Low
96,6,97,6.948008460271284,51,7,1.2283875539011613,60.03326222721085,39.107551231047076,Medium
8,1,0,6.6458164902852115,15,1,14.096617529618321,1458.2443918182018,3.8766376414216794,Low
0,4,82,7.8760113499680005,73,3,22.690301280102467,1545.0249874185151,0,Low
60,1,92,3.491239351359903,69,10,0,0,24,Low
12,3,41,2.901046498143449,88,4,40.99669571576957,2183.2335436281487,7.75176209153541,Low
15,2,36,8.688367434594262,86,8,49.17974465059829,6887.70349296193,10.426177018553847,Low
3,3,12,2.0811183802282294,17,7,8.779902040310157,363.58934857596864,1.358038236725583,Low
70,2,43,9.23281870363922,45,6,28.75480940437857,3186.605050768109,40.077019949839,Medium
25,6,19,9.217422348376726,11,2,8.742462717598,1188.343389391334,11.3113694076397,Low
68,1,20,9.535543246651477,66,8,41.863259746582365,6752.988358480848,44.280209976605605,Medium
74,1,25,9.577579419675976,75,6,47.1695579886001,7595.988286865457,50.54328374693844,Medium
77,4,71,9.38707990387401,95,9,33.4732005258272,3764.6608951995045,46.26461864293216,Medium
80,2,41,9.418253754104901,54,10,32.95187375432641,3974.1435386462827,47.81689940207667,Medium
45,3,71,8.56271203040231,97,5,37.0604226468145,3495.154039264383,28.006314114639913,Low
0,4,13,6.50129253213499,30,6,23.743301712396725,2374.391894065437,0,Low
67,4,84,3.470895453772394,57,1,10.973338380544227,441.60242457144307,31.21128202897878,Medium
89,2,1,5.548129389676807,63,8,40.92613991509089,4723.503129112314,57.45455871465854,Medium
44,6,1,9.25022328140272,57,5,44.674746615235534,7494.841778210719,29.39413310642218,Low
23,6,5,6.945616407070597,83,3,51.558342321876,8201.088223066463,16.31505124041889,Low
24,5,41,5.987171257970756,64,5,37.54082909550807,3207.307988361474,15.005879389753163,Low
59,3,97,5.416799735094579,26,1,0.7029495597214468,28.602379701216645,23.848844144141392,Low
55,6,73,4.519881489223015,32,4,10.075153395532716,498.8828425943517,25.324800620525796,Low
18,3,90,5.703923506364722,46,8,4.640910269496267,229.99219918468017,7.701218309105597,Low
50,4,25,3.613520207253421,23,3,14.619997866087191,848.7475281470957,24.385999359826158,Low
10,5,94,6.593267321609019,85,3,9.004584992538247,466.41559838711476,4.540275099552295,Low
87,1,41,7.657852700724597,60,3,35.04043647258076,3436.797966058337,53.09110783868716,Medium
97,4,65,6.776775596251366,32,4,14.834635448953879,1010.9417947271547,47.43375783129116,Medium
22,1,28,1.4315933232080615,73,6,23.541192320651188,942.9791025189616,11.907437386325958,Low
83,5,80,6.326266495127426,57,2,17.15672057706352,1046.7166549572223,41.74404684737763,Medium
22,3,13,1.1176697236086377,37,2,13.319252458856216,504.081075139343,10.558141324569021,Low
2,2,28,9.095868991645766,76,2,48.928335827058774,7548.215539345797,1.3871400299247054,Low
26,2,80,3.5801502653388346,30,6,3.9122910736914625,159.18957218162691,11.010317407495869,Low
82,1,46,8.6569147871468,24,5,13.405283380853538,1094.6814026824734,39.39539942337994,Medium
31,5,87,2.469721298178386,43,9,3.3207726470644188,121.90296626662033,13.017663712353983,Low
72,1,96,9.355645869379606,17,2,0,0,28.8,Low
59,3,69,1.204806463677426,83,9,9.729476895497665,357.14141931230375,27.044234821006174,Low
21,6,42,9.746163449285863,93,1,54.69877723902054,8126.276305527851,15.292045932116588,Low
69,4,16,2.5161823476619385,13,3,7.67762110073154,354.89237237234283,30.77853513570286,Medium
26,6,90,9.25614174801848,39,5,7.173634227891148,538.6531553252091,11.51908693955102,Low
31,6,5,7.373822915543151,43,1,33.353076481897645,4351.933808444066,18.603672225632963,Low
95,5,45,7.4146427025650326,57,3,35.192873712951524,3467.346364890997,58.05993801638237,Medium
82,3,99,5.844768420572478,14,5,0,0,32.800000000000004,Medium
82,3,41,2.6549848586755416,89,3,38.10934807024028,2070.5669815976407,51.54979925055822,Medium
78,1,75,9.382584829359025,23,8,1.8474803081601607,114.26859125908187,32.06462078421896,Medium
39,3,19,5.1904432752711,34,5,24.077397254043728,2110.0221402151824,21.234110957446234,Low
0,5,27,3.516659757364212,11,5,6.427632646079406,335.5434263580206,0,Low
32,1,35,3.7284843328766786,22,10,4.206918052589933,180.5974915332216,13.607728266097268,Low
74,5,42,3.682165268737223,20,3,12.004719810832784,586.3378400924131,34.93009559600976,Medium
5,2,91,6.550246426208622,98,2,14.064152965980663,769.9719471294153,2.4219245889794196,Low
83,5,76,3.738907724562634,91,7,24.006205272007712,1108.904538201004,45.155090225459844,Medium
99,3,75,7.462971775325699,91,6,29.922094700179734,2359.1993926343202,57.373724251906765,Medium
62,5,55,7.166692014838669,86,9,41.871254427797666,3733.7785475788864,40.37610664714073,Medium
2,5,99,1.925399680178379,12,5,0,0,0.8,Low
95,2,77,7.542564233644538,86,8,27.04696646442577,1832.995165008966,53.41677088472269,Medium
15,3,42,6.223585609465237,93,10,48.0222692761451,4788.156787921204,10.32200423485306,Low
6,2,98,2.024623121586942,75,6,0,0,2.4000000000000004,Low
91,7,77,3.4208973712694224,75,9,18.56441973011348,812.7133655224587,46.53617317264196,Medium
47,5,5,2.8730071836085043,64,8,37.27526402699302,2530.1911604894754,29.311624455612034,Low
98,6,56,9.037189544990463,31,2,19.668546614175163,1976.4137774417263,50.765105409135,Medium
97,1,38,8.238297805598739,36,10,18.82515245183032,1668.364868164613,49.75623872696525,Medium
17,3,24,4.8927289947874835,79,9,44.17909401073453,4012.995777469262,11.306267589094922,Low
9,3,10,8.38557217277939,89,7,61.53140070855503,9983.886622240043,6.922695638261972,Low
34,2,42,9.644810810636988,79,1,47.299264620813126,6440.751088086321,23.24904998264588,Low
83,6,97,6.2239282101066955,80,1,4.382099847650267,205.3097536632602,35.38228572412984,Medium
41,6,48,5.725302485705759,71,8,36.87922921686589,3022.572977109949,25.47229038734901,Low
30,3,94,7.8754635441078795,47,4,2.839109737552002,164.618089490471,12.51103975275936,Low
55,6,46,8.493450297618086,100,9,53.65906742997489,6695.19031050338,39.70749225189171,Medium
61,7,56,8.283323069960328,23,7,12.958269715640979,1140.6725653916176,29.142726715924603,Low
44,6,75,3.879891491120672,37,4,10.69937489418296,473.72670057751543,20.424634972064304,Low
27,6,40,9.256642669936557,20,5,13.971400519181092,1570.996945895952,13.063366884107337,Low
100,6,79,4.532679049049524,93,3,24.03431064100646,1242.5184350075783,54.42058638460388,Medium
12,1,38,6.852275095817205,70,4,38.681610226473836,3878.924487813244,7.585075936306117,Low
35,4,57,7.752929130697531,52,1,30.96747613734976,2663.5575716067406,20.50316998884345,Low
37,1,52,8.55750248561189,39,7,18.52905171955329,1680.57517199822,18.91344948174083,Low
95,2,33,8.408834766642002,44,2,31.47028922044266,3598.9307134408805,55.938064855652314,Medium
7,2,37,3.81547117920748,24,9,10.284724848821437,509.48599097157273,3.2319584436505004,Low
68,1,81,8.470372988552901,47,3,12.843690806847105,926.2870789622112,32.440225849193624,Medium
40,6,87,8.32838162685615,19,6,3.7768103531591892,244.08372020957114,16.906434484758204,Low
1,7,24,8.685128576204967,96,10,56.82750654733421,9201.509800502141,0.7409650392840053,Low
83,3,42,7.264243706597224,25,8,17.419865943749233,1384.9973396589269,41.87509323998712,Medium
72,3,62,6.311363283797467,49,7,22.657525187233645,1552.5867012454682,38.588050880884936,Medium
58,4,10,5.1239121387322495,57,7,39.15776982244064,3738.171771479149,36.826903898209345,Medium
0,3,21,7.465106938572989,83,4,55.06601089252832,7160.046061172285,0,Low
19,7,15,8.050224163265291,45,5,35.64022309216361,4550.7926996644055,11.662985432506652,Low
46,4,97,3.9422864175161125,58,2,1.8354986254370225,72.25108450996159,18.90659762062062,Low
34,4,85,7.085087274828754,53,3,12.388498238179146,670.6174735886921,16.12725364058855,Low
59,5,74,2.9315752090239724,37,9,7.653783592726256,316.4157301232522,26.309439391825094,Low
38,7,96,1.0258112559146615,26,1,0.3609969043522993,13.104187627988464,15.282307294192325,Low
52,7,90,6.0964752115047895,90,1,15.635210159851683,852.4379429218432,25.678185569873726,Low
35,2,23,4.714555269229914,61,6,38.509800849782536,3109.9177281846414,22.087058178454335,Low
92,6,71,1.6666218566331108,68,1,12.636159679142454,473.9881266279513,43.77516014288664,Medium
58,7,40,6.759373396088031,44,6,29.495759473026954,2653.064683532609,33.464524296613384,Medium
97,1,24,7.207974726613759,27,4,18.612995093068708,1886.8185534989561,49.63276314416599,Medium
1,5,20,6.932334352976291,37,3,27.85684863810108,2900.282272768828,0.5671410918286065,Low
47,3,99,7.548025648738942,18,4,0,0,18.8,Low
25,2,41,1.2024008427024548,11,1,3.100756933260496,112.55747667735605,10.465113539989074,Low
91,2,30,5.881624091615016,99,5,52.0714729958201,5808.544927715989,64.83102425571778,High
74,5,33,6.918325912353626,71,4,48.28162157016203,4872.0122371134285,51.03703997715194,Medium
98,7,63,5.851195259140303,95,2,38.783687762635765,3007.9721520308353,62.00480840442983,High
94,7,91,2.4953246535592717,75,5,6.274778251150417,236.24301039257452,41.13897493364884,Medium
54,7,33,2.3930241600087268,59,6,29.7563056812656,1439.2132254200717,31.241043040730055,Medium
93,5,50,3.385876754770241,94,7,40.5684687851218,2180.939880617903,59.837205582097965,Medium
35,2,52,4.828671341508407,73,10,32.20798269063988,2172.470413246673,20.763676365034375,Low
69,6,78,7.433555528930186,35,6,11.035940383801975,703.4286456985003,32.16887931889402,Medium
65,5,17,9.163816676568903,88,7,54.41791242060666,9593.890426513302,47.2229858440366,Medium
41,2,100,6.835851983025925,36,3,0,0,16.400000000000002,Low
18,2,6,5.71893084688875,38,9,27.258976935349008,2622.042460067843,10.143969509017692,Low
17,4,56,8.637216935458955,28,4,16.504521675790873,1540.7145913699967,8.48346121093067,Low
68,5,91,1.3496406520715232,47,5,1.7556308029964387,63.7293981487707,27.91629736762255,Low
85,3,76,8.124535171085332,77,8,26.427271472048833,1976.6983012544144,47.477908450744906,Medium
49,2,55,4.048915400667038,94,6,37.16561629340702,2311.883493804561,30.526691190261666,Medium
22,7,89,3.3168963166088834,63,7,8.181245026984922,320.342782065045,9.87992434356201,Low
42,2,62,7.92834709001704,20,8,7.466954599182116,500.5687103847462,18.681672558993895,Low
75,3,56,8.837836233990242,44,5,25.45155095564105,2477.6759832767893,41.45319793003847,Medium
26,7,59,6.189752740081568,45,5,22.38136202968274,1569.8026096142873,13.891492476630507,Low
66,3,2,5.980624828432631,41,6,33.070100430141444,3464.8208059048766,39.495759770336015,Medium
0,7,73,2.9623081835371625,12,8,2.1492568939665375,84.31654865970111,0,Low
59,6,22,9.064538191196013,82,2,53.65838528363182,8563.339817662601,42.59506839040567,Medium
79,4,75,6.960027700912673,73,9,23.24504429957378,1654.3901471434979,42.61815099799797,Medium
32,5,55,1.060605102029871,71,8,12.546693629730843,467.62110326496287,15.208965176908322,Low
30,7,46,7.312581047575364,87,2,45.76774427065262,5340.68518681264,20.23819396871747,Low
61,5,87,8.221431598058915,54,9,10.759124069259272,680.5247285081557,28.337839409348895,Low
76,2,26,9.623457704575772,70,3,46.04105557052158,7240.089888457374,51.394721340157844,Medium
34,6,89,5.229709437203028,84,10,12.235085916026247,569.4943802802817,16.095957526869356,Low
96,1,94,6.948362153066648,63,1,6.303009966418365,329.0446130543645,42.030533740656985,Medium
10,4,38,7.946508152560154,16,4,11.157197148279671,1063.0375944290204,4.66943182889678,Low
88,7,41,6.496107007130412,98,4,53.37283405008565,5738.142570540383,63.38085637844523,High
36,1,16,6.396127989588326,68,5,44.130510744451094,4988.217654493739,23.932190320801435,Low
63,6,96,4.970727011269634,15,6,0,0,25.200000000000003,Low
29,5,85,7.173113472852414,55,2,13.062775671612071,843.5878831046042,13.872922966860502,Low
65,5,33,2.7045569340896622,87,2,43.48814333337012,2361.531897301624,42.96037590001434,Medium
97,4,27,3.40226950646312,42,3,24.92951462168255,1458.6083642819037,53.30897750981924,Medium
59,3,64,6.132848614028099,90,10,34.80887707278048,2573.581563995782,35.9223424837643,Medium
7,1,35,5.496568863001659,14,8,2.399009753128591,132.8003144145063,2.900758409631401,Low
77,2,67,2.1713488120788202,41,1,10.17710015516608,402.4042118293114,35.50182027168673,Medium
31,1,71,3.4866103481059776,28,3,5.412426343435693,210.55107909386012,13.406711299879039,Low
19,2,10,7.6415730404812985,17,3,13.118089612586116,1519.1512051898371,9.095462215834818,Low
80,2,6,7.369933565388654,61,9,44.24147202508231,5886.115687240756,53.23590657203951,Medium
82,3,47,6.6402321332000955,67,2,37.88631500704274,3446.7210902414095,51.44006698346503,Medium
74,7,84,6.490563874115058,31,2,8.741561926252624,529.918272709838,33.48125349525617,Medium
94,6,37,1.2944147921803808,88,3,27.02809023665976,1057.2601802652446,52.84384289347611,Medium
91,3,16,2.8100195820707032,13,8,6.677713551123942,290.53449598207897,40.04603159891367,Medium
70,5,26,2.9394088380037005,63,5,33.40847005402115,1983.3924587513645,42.031557422688884,Medium
42,7,33,9.0037255882061,96,6,57.29138572687197,8930.557936873238,31.237429203171736,Medium
90,1,43,3.4959277962715527,71,3,33.28624765054188,1869.8690688249862,53.974573731292615,Medium
67,1,8,8.07527706798615,94,5,59.689138076240326,10085.297427026517,50.79503350664861,Medium
12,3,93,7.288052659546981,74,6,7.358178818894821,419.0641848514056,5.329788874960427,Low
20,4,44,1.5950338708650489,46,1,15.99561174147095,628.9901481587766,9.919473408976515,Low
48,6,29,7.29697775380102,87,5,53.088030479676846,6645.756191584806,34.48935277814694,Medium
61,6,25,9.331449717992836,72,3,48.432352536679666,7579.497066200289,42.12624102842476,Medium
33,2,43,1.1243337417858554,69,3,16.791893821160755,626.6424138651857,16.52479497658983,Low
79,4,100,9.284100512880578,61,10,0,0,31.6,Medium
33,7,66,9.866820126021164,45,1,24.079140918700602,2319.8353539359255,17.96766990190272,Low
55,4,11,1.3221925100523615,96,7,37.218709433525845,1634.2563608745609,34.28217411306353,Medium
18,4,73,2.6246332252720235,39,4,9.185600561095379,358.49918766551554,8.192044860598301,Low
68,3,65,7.126311081671545,34,1,17.223767004024314,1208.0821001338493,34.227296937641924,Medium
55,7,53,8.271063231793478,17,1,11.408991932967918,982.5026436244473,25.764967337879412,Low
51,4,46,9.459370949843834,44,7,28.99321052610828,3310.5173006731925,29.271922420989135,Low
5,5,86,7.711589973663465,22,8,4.005652537282817,227.35211401966532,2.1201695761184847,Low
85,4,34,7.495995032381647,44,6,30.78320282731659,3091.286043831908,49.69943344193146,Medium
38,1,18,3.723599829895915,37,6,21.308712029253215,1293.6792639304035,20.058386342669735,Low
73,5,36,5.947131913635723,18,1,13.52958336849456,1040.9522874390461,35.12595751540062,Medium
79,1,31,7.581455173775296,81,5,48.489910086306224,5813.5333539948615,54.58421738090915,Medium
22,3,47,7.8621882664366645,31,6,19.49303486161173,1617.1332422634623,11.373080601732749,Low
42,3,45,4.11721343318984,55,7,27.443638414455226,1694.7157183133297,23.715796880442717,Low
88,1,86,9.934868570766543,67,5,14.536868285715654,1086.9752461845312,42.87546645485787,Medium
34,2,29,2.9746415550603853,32,10,14.048948612088298,670.964408750002,16.465985516866013,Low
68,2,96,8.483031148888298,23,8,0,0,27.200000000000003,Low
5,1,96,5.226911979057244,36,10,0,0,2,Low
100,6,69,3.9066277236645,96,2,34.51927773038999,1837.5314572435116,60.71156663823399,High
63,3,28,6.720507650592387,49,4,33.75909748502434,3553.6388174151434,37.9609388493392,Medium
51,1,11,9.419824371734448,38,5,29.22328491272118,4249.379108132205,29.342325183292683,Low
61,3,30,9.749246546676504,98,3,59.3927920319298,9987.769638223313,46.13776188368631,Medium
50,1,80,8.090635203253063,38,4,8.195520933199242,471.75326589781844,22.458656279959772,Low
94,1,32,5.464897227634601,31,8,14.29192679881114,1077.7515089278295,45.660646714529484,Medium
74,6,58,7.729903134457756,11,1,6.390534500955462,466.2230955729687,32.437397318424225,Medium
9,2,99,3.357098476706319,85,6,0,0,3.6,Low
49,5,18,1.5594439990742806,72,10,29.643245633812523,1251.7674410979619,28.31511421634088,Low
62,1,7,7.324342343146411,34,10,22.142207805320588,2457.8375803645376,33.036901303579256,Medium
44,4,9,7.013665948680668,96,8,58.29290517371249,9097.864020937055,32.9893269658601,Medium
71,7,37,1.765461942121715,64,8,23.388734571742315,982.0392882993806,38.36360092756223,Medium
98,7,42,1.761751412539064,11,8,3.311976131192954,122.35073269586555,41.14744196514146,Medium
7,4,6,7.644515426794638,27,6,23.180796508346113,2749.093359190473,3.773593453350537,Low
68,5,34,4.210314793993413,95,6,51.69204503815392,3896.1497747505327,48.29035437556681,Medium
65,2,71,2.372476217425597,16,3,2.50151148896261,92.93926067269517,26.97558948069542,Low
74,4,36,6.091593017725455,42,7,27.107292668121598,2304.785756593783,41.63563794464599,Medium
14,3,7,9.013295025249576,40,7,32.377469421231595,4856.373783044565,8.319707431383454,Low
73,5,12,8.464508640605441,42,1,34.669955606705734,4615.10048703762,44.38544055573711,Medium
56,1,93,2.408792496136582,76,1,4.034905184376617,147.07616273733228,23.755728141950545,Low
88,7,64,9.810408714066723,44,9,21.143733511308877,2284.5508025100476,46.36389129397109,Medium
54,7,48,6.316933701686121,92,3,47.048292666011875,4533.467630340764,36.84364682378785,Medium
88,4,86,2.3852662897510295,74,3,9.281619436786016,347.83320593097704,40.10069506262302,Medium
5,5,68,9.738750333049872,18,4,8.330762811008587,744.8934923028911,2.2499228843302577,Low
27,4,79,5.421273443999965,31,9,6.842084291230536,329.1557150679347,11.908417655179347,Low
2,7,69,6.507820695826122,10,8,3.456307881049201,234.53620919571108,0.8414756945725904,Low
92,2,75,4.6770016888866115,50,2,16.84104326367345,871.2423420457835,46.09625588154775,Medium
94,1,45,6.288921887375458,52,9,25.233660776704017,1830.4093469242603,51.83178467806107,Medium
46,5,49,9.12871317156882,95,10,49.073337025348586,6374.485790608692,31.94424101899621,Medium
98,1,42,2.976806038427172,88,8,32.62129478809019,1750.3516120148786,58.38132133539703,Medium
37,6,43,8.591894738802566,69,4,43.456645515907795,5018.86175093572,24.44737530453153,Low
88,3,7,9.694615711418429,90,5,60.12514663484049,11957.392917427282,66.94607742319579,High
7,3,9,4.195045425026684,41,2,28.610183295286028,2302.8087106720127,4.001627698402014,Low
0,3,19,1.421614407577966,67,1,26.485191432225605,1134.708016846047,0,Low
35,2,52,9.989455185585268,55,8,31.15539369467032,3620.5077803114373,20.542632675880768,Low
52,6,14,5.358110735218881,19,6,13.9928983017584,1196.5445297706108,25.16578427014862,Low
18,2,2,6.1153402064261115,12,5,9.618613113157615,810.2285083262948,8.238810216221022,Low
3,5,58,9.998551361293929,76,4,39.108301775524374,4589.9887940696635,1.9039494319594388,Low
13,7,76,6.032560256777732,98,7,33.62192736642934,2145.6829133624237,7.822510334581489,Low
97,7,40,7.491304885541036,14,8,9.650741200120411,794.76733105002,44.41673137847008,Medium
87,3,25,5.279002605204357,32,2,22.205740862778995,1879.715383718193,46.39139673037064,Medium
70,7,89,1.7869836537875163,48,3,4.303382032721864,157.02747538440974,29.807420453743184,Low
72,5,42,9.84625093352477,60,8,39.14025508984473,4847.62374655442,45.70859019881292,Medium
77,7,72,4.162188606246672,31,4,10.757305626026083,471.23791345401685,35.76987519922405,Medium
98,1,21,3.5977031122924394,32,7,16.926230982865786,910.3115453974206,49.15262381792508,Medium
35,3,23,7.884765572252199,58,10,40.86271758075414,4957.739791791707,22.58117069195837,Low
94,3,32,5.34711437651934,18,3,13.103456577516477,877.1071723604429,44.990349509719294,Medium
65,6,88,9.045079033955203,22,1,4.452272909712103,308.6945434270815,27.73638643478772,Low
27,4,83,6.284846309413075,97,9,23.413993305787688,1403.3440417174281,14.593066915537605,Low
23,5,40,2.838122744121357,78,2,36.333718856365586,1994.565747262003,14.214053202178452,Low
70,2,39,2.6140653286528983,94,1,40.576629134686435,2208.84496784778,45.0421842365683,Medium
74,7,57,4.117641333422285,66,9,29.896077119799006,1714.523816489579,42.87385824119076,Medium
59,1,43,2.07483597423592,44,2,16.841393644345064,714.0229849061144,29.561853350098154,Low
42,3,56,4.475789065525775,92,5,41.74844971017312,2587.7656359626335,27.320609326963627,Low
100,6,18,5.711445654702259,32,10,23.880864814832126,2120.4757653190914,54.328518888899275,Medium
90,5,26,8.343659287205387,86,1,53.26966117392982,7914.751892056584,64.7656170339221,High
26,5,0,5.542366854639313,74,1,54.266627633947934,6055.038708583679,18.86559391089588,Low
22,1,36,9.841312316221817,53,1,36.16018258652115,4750.522643861958,13.573144101420793,Low
21,2,95,7.7015365976961,48,9,0,0,8.4,Low
59,7,90,8.128339168666464,55,9,8.161168148587405,488.58805312937426,26.489053524599942,Low
63,3,87,5.345669466060554,91,2,18.980924755224386,970.473732363195,32.37478955747482,Medium
76,2,98,7.477751151548954,87,4,0.9363312946915475,43.488350975517065,30.826967070379347,Medium
47,4,18,6.124781301216006,91,10,56.11198686892208,6592.126559611001,34.62358029703603,Medium
57,4,93,3.379610971306298,82,3,6.454208699695677,239.4082669837233,25.00733937529592,Low
87,3,21,8.179306209505086,11,1,8.914397648762977,961.3147928035935,39.453315572654276,Medium
80,7,73,5.200097801287028,72,7,23.049516988246683,1350.5442500343777,43.06376815435841,Medium
25,4,3,8.628379760365284,13,2,12.241899830896191,1579.6686672399512,11.83628497463443,Low
51,4,27,2.533486095427583,25,2,14.792161656340916,671.5045440533495,24.92640146684032,Low
69,6,58,9.33759916252217,50,10,23.88019106833528,2629.720731948652,37.486399102290804,Medium
17,6,28,6.366081900061485,44,10,30.208489800155576,2848.18352825909,9.88126595961587,Low
57,1,60,4.454274103130278,62,7,21.339883703468306,1093.4974910661924,30.09824022658616,Medium
19,4,35,8.268984389200657,42,9,27.24929527034073,3012.427649763486,10.706419660818844,Low
82,6,28,4.5928708862343255,15,5,10.795667326277341,655.4260971694664,38.11146832452846,Medium
41,7,6,1.5194001371583372,47,10,21.988013689657095,957.6256825549518,21.80905136765565,Low
58,3,95,1.0277528979534971,35,6,0,0,23.200000000000003,Low
100,5,71,6.043972683138197,79,4,29.44539955328589,2050.1638042096156,57.667239731971534,Medium
38,1,36,9.538560540811595,26,10,14.277214348061577,1411.8364513315694,18.455204871358042,Low
85,5,30,6.099308869865902,76,3,46.17515291783734,4732.107682175252,57.54932798809705,Medium
37,7,93,5.633662389358115,53,3,6.025475131106115,270.76649275974546,16.137655479105558,Low
45,4,42,7.333622420891272,21,3,14.622328177888244,1285.0162910724605,21.948028608029826,Low
25,4,39,1.7178866687206065,70,2,25.730035408326817,1090.9144844984369,13.859505311249022,Low
24,3,53,6.286099079142356,26,1,15.154355487140394,1099.6506243927718,11.782227190148218,Low
88,5,69,3.324541525851852,84,2,26.817850808056253,1267.504367869251,49.359825226653705,Medium
38,6,16,1.162380597016397,12,8,3.459721648421081,130.78206670305553,15.988816535840007,Low
2,3,92,8.344817673414092,24,8,0.5369825672772192,22.322346962129817,0.8064437908073266,Low
87,3,29,5.447001947371102,55,3,36.37739593408583,2970.2436121406117,53.78900067759281,Medium
87,2,88,9.966773932055135,35,5,6.224299423932469,427.07092583058875,38.04908429929275,Medium
22,5,55,4.09368262335949,75,5,32.46531010019912,1913.2053881967113,13.085420933226285,Low
49,1,19,6.567291837733857,86,10,51.641704827620394,6005.277776627995,34.782661219320396,Medium
3,7,4,3.8476202749265647,31,8,22.156009074386393,1585.281941084481,1.5988081633389553,Low
86,7,92,3.2239271143878367,34,3,3.2746840175158174,126.15154099816056,36.08973695303816,Medium
40,7,60,9.863609661783263,28,6,16.543477192426007,1624.268368752282,19.970434526182242,Low
88,3,5,3.652531287089624,48,1,34.1178916819998,2508.0017708599676,53.21424680809589,Medium
46,2,11,9.379320078263632,27,5,23.21956633300583,3175.074364939395,24.80860030790961,Low
48,3,78,8.913474998078957,47,7,16.531854091537202,1259.4258521214072,23.961173978362716,Low
51,2,3,6.336430248911929,81,9,55.193860939145694,6970.730179367983,37.28932144737858,Medium
79,6,26,8.214927288699851,15,6,11.210394405384307,1191.4415695054588,36.91372694815216,Medium
98,5,49,5.8951037368882995,55,6,29.74481841078925,2443.2807315644354,56.68995322554408,Medium
14,2,9,8.567900276869882,28,8,21.8815146726942,2904.2732741231275,7.438047232506313,Low
76,1,49,1.446838374972677,52,10,7.055520188816367,267.59091886042575,33.61731720610027,Medium
65,6,57,7.799051724312266,41,9,22.727283307363876,2036.659878051183,34.86364048987191,Medium
20,2,34,3.116209676621287,22,5,9.940253808701302,502.4846679966623,9.192830457044156,Low
36,1,83,6.051143522273577,88,10,11.52050978591603,608.0498554226913,16.888430113757863,Low
82,7,53,5.536086788674138,18,6,10.576602229835505,679.4090540328102,38.00368829707907,Medium
33,6,11,3.6986908383558026,13,6,9.512208525875959,558.7902974901863,15.08341728812344,Low
44,2,36,6.712676487901447,37,5,22.02754672901617,2070.611870534801,23.41527233646027,Low
94,7,42,8.907122332886015,95,2,55.122182031324435,7289.452158408157,68.68891066566698,High
95,2,17,6.317255943778471,65,10,42.42707734919498,4581.3698456112525,62.18343408904114,High
93,7,40,4.2283978772903685,57,5,30.334756555078886,2074.943302523445,54.126794157734025,Medium
25,7,31,9.67291118080927,43,6,32.95780674923525,4174.332826336872,14.943671012385288,Low
88,4,40,3.688445974454556,72,6,37.02022411902628,2244.9326255125143,54.74667833484588,Medium
18,2,8,3.6830662566063435,51,7,33.81246525983872,2388.0302006185557,10.851746248062582,Low
96,1,45,8.683864830289531,75,9,42.411708653252404,4437.903596423527,62.82914418427339,High
16,3,26,7.659453058853843,10,10,6.2677821655977635,567.1991144830794,7.001707087897386,Low
30,3,80,1.3512733426220302,94,4,8.544849442058158,313.56301434197565,13.53807289957047,Low
43,5,73,5.14193639613883,49,3,17.67787182076796,991.0656256682327,21.760890929758133,Low
76,4,55,4.370601628160525,97,1,42.38712789386812,2808.989384924894,49.72853031960386,Medium
93,3,30,8.450978463228983,49,9,31.567872781847747,3946.420346075425,54.81487301227104,Medium
73,6,92,7.513496884885405,11,9,0,0,29.200000000000003,Low
18,1,57,2.7708566789701434,77,10,19.578082415414116,855.8486204807438,9.314432900864723,Low
7,3,87,9.36731918629962,36,10,5.211442665786862,355.6660278871615,3.0188805919630486,Low
37,5,0,2.545160404084861,23,1,16.1192817563832,822.3202591227108,18.37848054991707,Low
23,5,11,4.60478050510171,17,8,12.490314229308453,895.6089558353439,10.923663363644568,Low
70,4,86,6.846691389470793,27,1,6.106234945579802,343.1141325204552,30.564618677143518,Medium
40,3,75,3.463026327653331,55,2,15.077469877945626,647.5249256717824,19.61859277070695,Low
13,7,88,9.104758114280633,92,10,19.16053000267028,1428.0613610006062,6.694521340208282,Low
3,2,83,3.472368396607767,61,9,7.2923866488238875,296.75363595151396,1.3312629596788301,Low
53,7,100,2.9074588269564856,63,6,0,0,21.200000000000003,Low
50,5,51,4.605387661205409,15,10,7.313511315833616,382.0587403287541,22.194053394750085,Low
56,2,28,4.7230600929958975,26,2,17.258666978372347,1261.6201310507454,28.19891210473311,Low
61,4,32,7.170121220879947,83,8,49.1397751278951,5892.398951645531,42.38515769680961,Medium
86,7,61,4.3680459087714105,16,8,6.121802562314349,296.96119275345694,37.558850122154205,Medium
36,6,36,6.051823848273316,70,4,40.318756561486026,4023.067042043407,23.10885141728098,Low
33,3,32,4.376344245985177,88,1,48.746121516634275,3991.0630804760385,22.851732060293585,Low
32,7,89,6.480944352254508,78,7,15.1712624326485,839.7139802633615,15.712882387068513,Low
59,6,98,4.924313574138244,31,10,0,0,23.6,Low
11,3,13,6.245414586294621,68,4,44.69677358368818,5443.274282337731,7.349987056523419,Low
23,7,26,7.901434118123026,33,9,26.97097824365982,2741.4895279500747,12.921994997625056,Low
42,2,86,7.741147136559664,58,1,13.880817958746643,908.854226560611,20.297966125604155,Low
71,7,85,8.198505845893603,82,4,19.515638231196615,1411.3755641063217,36.71366188648976,Medium
6,1,54,5.959734353055892,62,8,26.24953039950803,1890.6340477000047,3.344983094382289,Low
76,5,35,8.482397272957899,63,3,40.19899319423234,5306.136711656195,48.73074089656995,Medium
100,7,1,7.267317744614346,94,5,61.03476339301072,10032.915404210948,76.62085803580644,High
15,4,83,9.322086202260785,97,6,24.77016181031272,2042.374897283608,8.229314562928145,Low
91,1,29,3.4926595822763424,59,9,26.536705310118187,1525.4522132953805,50.88904109932453,Medium
65,5,76,5.61576063859638,18,1,7.126332447494785,364.75836546864934,28.779269654522967,Low
36,3,30,2.053206939967422,83,7,35.06599280415287,1673.292290689241,21.97425444569702,Low
10,1,95,8.917019843755458,93,5,3.7763211750507613,228.91696647770664,4.226579270503046,Low
45,5,34,4.668841482125349,28,1,19.712802456999174,1251.5737776986953,23.322456663389776,Low
79,1,90,6.13935236993287,22,4,0.044840360572533634,1.627705088782971,31.621254330911384,Medium
36,6,79,6.687093215972949,22,5,7.65623289702968,449.539434435885,16.053746305758413,Low
7,6,20,2.222212504214546,98,8,46.499466803861516,2533.3211099283844,4.752977605762184,Low
97,1,98,3.003356916573433,52,3,0,0,38.800000000000004,Medium
17,7,87,8.246856596544674,25,6,4.712622568585707,289.6463218039416,7.280687501995743,Low
63,7,9,1.6210099090143046,82,2,38.63353400871629,1822.641547873821,39.80347585529476,Medium
97,7,45,9.576649104018003,44,7,29.901128896646302,3389.7642316664164,56.20245701784815,Medium
48,1,26,7.701419668279247,76,4,48.61554393100421,6112.04620999847,33.201276652129216,Medium
54,2,34,6.662384402810288,38,3,25.37977535016294,2316.58631856203,29.823047213452796,Low
43,3,70,9.803182407259495,99,9,37.814669234033126,4018.9900025265674,26.956184662380544,Low
40,2,64,3.4675096213080123,36,4,12.811245964649073,556.2108830460239,19.074699031515777,Low
18,3,45,4.342751024696073,52,1,29.88300608163494,1864.149114166131,10.427364656816573,Low
43,2,41,4.221215351288607,97,4,48.93196513259684,3500.8533201670393,29.824447004209986,Low
21,6,41,4.875807693413458,70,6,36.47089215630539,2896.4050937011193,12.995332411694479,Low
25,1,66,1.2452040598445233,96,10,10.101907634967544,372.57274670055784,11.515286145245131,Low
10,4,36,2.4738006047417787,69,10,31.07658576714498,1509.836618510709,5.864595146028699,Low
39,2,18,2.3377886765459808,20,5,9.94400891066609,433.26714738594916,17.926898085095868,Low
98,1,67,5.119106624024971,35,10,3.8041626305300427,170.11254505106703,41.43684762675167,Medium
44,2,12,7.581434840954631,22,3,17.5424245775602,2150.016095469546,22.231200088475894,Low
45,1,10,1.133938906603313,26,5,6.751952771443639,255.65868317430852,19.823027248289783,Low
93,1,19,1.3008271382297376,91,10,26.211925090123007,1069.7573602780794,51.826254200288645,Medium
7,6,61,5.375551605851461,17,9,7.695481728291727,439.4562548053337,3.123210232588253,Low
93,5,43,3.408181532474912,78,4,38.60959092569403,2210.1421847683087,58.744151736537276,Medium
61,5,59,3.20812062759183,10,6,3.155285956805138,140.76624385171638,25.554834660190682,Low
72,7,7,5.1894270042400175,65,2,42.662786379832184,4542.734406223323,47.230323716087504,Medium
86,6,49,2.1172492022695355,40,3,15.453827946707849,638.814115858278,42.37417522050125,Medium
46,3,96,8.722287796488846,21,6,0.18365472910927455,12.63072564921734,18.45068870523416,Low
49,4,34,9.785042852776996,100,7,55.68553001335074,9516.878245029135,35.97154582392512,Medium
38,6,58,3.8407341540307547,28,6,13.142680924380231,651.9288296643874,18.196531250758696,Low
61,3,10,8.601336579972426,19,7,15.919986714901523,1944.6128950845764,30.22671513765396,Medium
43,1,43,2.130603743170889,100,10,29.736765653114066,1313.859998910791,24.872085538503427,Low
40,1,96,3.2736061415863045,55,3,0.039563473601281186,1.436154091726507,16.009495233664307,Low
41,7,96,3.8638903583774655,18,10,0,0,16.400000000000002,Low
46,3,68,4.473502936451039,43,8,14.708814375102003,790.9784531887462,22.459632767528156,Low
62,3,93,8.35483766481082,47,8,3.5474295805445504,202.90403669623814,26.119643803962575,Low
10,4,26,3.669794225468891,13,10,6.70377983927413,384.312399148086,4.402226790356448,Low
34,1,84,6.363646479007318,18,8,0,0,13.600000000000001,Low
56,1,96,6.581375045620165,98,2,4.06394073624706,194.26722445781192,23.765484087379015,Low
41,3,2,3.114198093785711,36,1,25.249345863087058,1554.118827875228,22.611339082319418,Low
97,1,55,4.724092841061507,64,2,29.765941201553993,1876.376043203057,56.123777779304426,Medium
29,5,38,9.006622490054422,45,8,30.124026514895725,3832.6257114577593,16.84158061359186,Low
3,7,22,8.070388669591523,92,10,56.195787953958835,8666.569862080929,2.2115241831712593,Low
42,7,89,1.637315664808432,49,9,2.2090247808419226,80.18759954456175,17.356674244772165,Low
22,5,89,6.721978017684873,91,6,13.311690439514416,766.6532145062284,10.557143138015903,Low
100,1,28,2.151402227828341,21,8,4.029704542809553,161.29690174255205,42.41782272568573,Medium
73,7,70,9.709614679642845,63,5,28.624544152992204,2941.8200247797245,41.73755033901059,Medium
57,4,71,8.375727819870367,69,2,29.58260792665648,2385.7826142399676,32.91725191091652,Medium
1,6,70,2.296558924053446,37,9,8.684082204715974,340.6473679798222,0.4521044932282959,Low
96,3,1,8.092441209005164,71,7,51.93605951406501,8532.247470677048,68.31517028010146,High
16,3,54,1.859293123090724,99,5,29.008186017342226,1193.568621334026,9.184785857664854,Low
100,1,58,1.3952697102254332,61,9,7.184504906996765,264.77995161874037,44.310702944198056,Medium
59,5,70,2.9307596710056822,98,3,29.070476533293775,1287.0082663380513,33.890948692786,Medium
50,1,19,7.838486785375826,54,5,35.63749919448529,4765.339541554806,30.691249758345585,Medium
41,7,45,4.954415616812195,88,2,45.759749844348455,3700.2812202108294,27.65689846170972,Low
77,4,12,9.252786783209972,53,7,37.428580443519515,6381.882798924968,48.092004164906015,Medium
13,4,18,6.810253114549467,27,2,18.56518676710777,2186.8648740361737,6.648084567834406,Low
95,1,19,6.435823342016158,42,2,28.786507383683727,3121.2143319065667,54.40830920869972,Medium
58,7,27,7.968417556098736,40,1,30.222989577298815,3463.0249264641006,33.717600372899994,Medium
78,2,87,8.391014550554855,14,6,0.3439719980350748,12.486183528673212,31.360978895080418,Medium
69,2,72,3.714575387414096,96,2,31.56901718365246,1519.17142834173,40.66957311403212,Medium
81,1,90,9.67670091384253,93,4,13.40172772652244,939.1853071336725,38.913239675089905,Medium
12,6,74,1.038058361224559,76,7,7.681443419408023,280.41085028826404,5.353063926197378,Low
8,2,80,9.61841651992919,80,1,25.604687850762453,2219.1018373305947,4.429025016836598,Low
76,4,28,1.7587453725325624,62,6,27.153950128862917,1167.269192158567,42.78220125876149,Medium
3,3,20,6.613434607186456,39,7,29.995052898048222,2832.174393599014,1.7399109521648681,Low
15,1,29,8.726520870816202,27,6,18.341727527441037,1794.882577231545,7.650755477469693,Low
17,1,7,2.8616406505617173,14,3,7.724717615730481,397.75469325638363,7.58792119680451,Low
58,3,70,7.79373698684193,85,8,33.29557518366573,2707.8713278981786,34.78686016391568,Medium
100,5,16,2.475808238585358,85,1,44.80139744863503,2612.385552495218,66.88083846918101,High
35,2,35,9.576392602652291,77,3,47.927273502969925,6841.509217096007,24.064727435623684,Low
87,1,25,5.584931822989719,53,6,31.683127481838472,2740.6295417667598,51.33859254551969,Medium
17,6,35,7.550885545886571,84,9,47.54729538104469,6159.131878384071,11.649824128866559,Low
84,6,33,8.266445184763374,57,5,37.67304759566347,4695.009147803043,52.58721598821439,Medium
45,6,7,4.850268894414906,53,4,36.745088805002545,3516.850266131203,27.921173977350687,Low
11,4,28,1.6014380222096098,31,5,12.761270658020125,500.9434153734947,5.242243863429328,Low
81,3,46,5.747791916241892,76,6,38.641480185745856,3354.0531817517362,51.179759370272485,Medium
76,7,13,9.934131578366127,10,6,9.197222493536126,1282.6101821753452,34.59393345705247,Medium
18,2,60,7.361900062834281,16,2,8.426416465559663,648.8569973898104,8.110052978280443,Low
66,7,62,5.728180275968244,19,3,9.541743894417298,578.5942768501604,30.178530582189254,Medium
46,6,18,6.787661129022773,36,1,25.717795735857806,2966.872311738314,25.498111623096754,Low
21,5,10,4.227741377811624,18,7,13.98697345654642,937.7674190542344,10.16235865552485,Low
98,6,94,4.164274359128944,60,9,2.205047222553461,83.05560794869359,40.49656776686144,Medium
32,6,9,7.451747433889581,28,6,23.427747656827975,2713.827888981499,17.298127550110973,Low
61,5,46,4.216340709720923,29,10,15.516257335579688,825.8364552965438,30.07895018482217,Medium
54,2,52,8.476906844526654,100,3,46.71048836087588,5708.515279169887,36.73419822892379,Medium
38,4,61,7.384022167074895,40,2,20.45372025417424,1617.445341789668,19.863448217951728,Low
81,1,5,4.981457044882822,98,8,54.64292714361053,6073.396859445578,58.95646259179472,Medium
40,1,92,2.508849721528427,21,2,0,0,16,Low
85,5,24,3.1731505776371494,49,10,27.653935252399307,1654.3276442489882,48.103506978723644,Medium
50,4,38,6.959421208694107,40,2,27.202716598909152,2587.3750204568764,28.160814979672743,Low
28,6,28,2.9953484960616565,86,9,43.17714094773143,2634.101382384809,18.453759679218884,Low
82,6,11,7.591672985016642,18,7,15.387863022717934,1820.3384532055456,40.37082860717723,Medium
26,3,4,9.155135894118128,80,5,53.71782958509362,10167.221738321827,18.779981415274605,Low
54,2,90,4.988384410028595,55,3,6.546656768686521,290.4256582848905,23.721116793054435,Low
92,5,26,8.0551670651857,29,10,22.188735913362468,2360.415599269959,49.04818222417609,Medium
56,7,15,9.647279899412323,25,10,21.191133844916394,2861.279249054217,29.52022097189191,Low
54,6,32,5.8115346883814825,18,6,12.879086412200094,966.4633502693497,25.77282399755283,Low
59,6,51,9.339755679012178,60,2,34.43565669896942,3929.9471295218314,35.79022247143517,Medium
9,1,9,5.359956273785976,72,6,47.733305567733176,4743.560825603854,6.1775985006575915,Low
70,7,48,6.727573463467586,92,10,46.81998747392559,4763.192035213184,47.664394739048745,Medium
25,6,49,1.204421511203013,30,1,7.296312063766822,269.99335719660854,11.094446809565024,Low
99,5,64,7.942088589040884,29,9,14.725437104100783,1109.0187128738505,48.346909639835864,Medium
12,4,52,6.773596011728623,83,5,43.51596361525954,3909.703868873735,7.933149380298687,Low
54,7,100,9.800518267754335,76,1,0,0,21.6,Low
76,7,83,6.208974487320695,17,1,5.148739982679041,256.92522528304784,32.74782543210164,Medium
25,1,12,1.7405934419295441,79,3,35.432113842816435,1727.2749150936575,15.314817076422464,Low
85,4,64,1.2264760975677296,71,4,12.266456900882465,449.75915907360115,40.255893019450056,Medium
32,3,63,1.7999526436003506,85,3,21.19072460801561,835.3073059399176,16.868619124739,Low
18,7,40,3.2976882311244675,31,5,16.65625724531577,910.5030335000263,8.998875782494103,Low
35,3,59,1.783336449223725,46,3,11.324840965385897,433.0030964485416,16.378216602731037,Low
42,6,0,5.533332747956506,80,3,54.85993060462705,6451.241075705729,30.624702512366017,Medium
26,1,42,1.7826352803479293,10,8,0,0,10.4,Low
55,1,43,5.274678438864168,75,8,35.8137077451809,2592.657822361863,33.81852355590969,Medium
78,1,88,7.283255909565355,48,2,7.536066177963198,423.5096884917878,34.72687897128678,Medium
56,7,66,5.343661891693439,27,3,12.248769412050127,693.7351261540726,26.515586522448846,Low
44,6,84,8.203631556964917,86,3,22.527403768857972,1723.9784319489097,23.547234594978505,Low
23,2,8,1.458414070466997,94,7,38.48491601450334,1746.0783074798499,14.510918410001462,Low
3,6,29,4.831918327125042,28,4,19.303613894956175,1355.614363317745,1.5474650501092113,Low
96,6,26,9.76372520153858,48,6,34.25392715403098,5295.086144156207,58.130262040721846,Medium
57,3,21,2.9918907004792024,20,10,9.815107651898947,456.0153892404961,26.15676681694944,Low
42,1,41,8.67638020976548,78,10,40.229779075164615,4993.393023091505,26.937904326941485,Low
52,6,56,1.8635941266181733,25,9,6.495409091109137,247.314489222837,22.826567636426052,Low
34,3,22,6.823505985272936,25,3,18.254390085322406,1891.9709104582362,17.32389557740577,Low
28,7,33,1.8508293553181976,22,9,8.82200854249983,355.28223489001095,12.682097435139973,Low
28,1,64,3.6555454006569756,73,1,26.990670002810795,1395.7894751826284,15.734432560472214,Low
58,6,48,6.065528746019057,39,6,22.79661341181423,1647.9920438069666,31.133221467311355,Medium
26,1,68,8.727844121367081,30,8,7.7517901579451065,471.6966270088277,11.609279264639436,Low
57,6,15,4.2357981543165355,72,2,48.12746753446876,3823.3282773789633,39.25959389678832,Medium
49,4,25,7.401816735180525,84,4,50.30616271096468,6688.484745299638,34.390011837023614,Medium
100,1,85,6.099185954140423,31,7,0,0,40,Medium
30,4,28,7.631525061396124,14,3,10.387622073381515,1019.4391102033038,13.869771973208673,Low
86,2,45,3.2300647254135746,32,8,12.542045045516351,594.29763559764,40.871695243486435,Medium
50,1,14,5.6612322124773256,79,3,49.41174246970192,5393.466518246291,34.823522740910576,Medium
0,5,50,7.194251792802433,66,6,38.17200360902219,3380.113118740098,0,Low
39,7,75,2.466120321325015,64,2,15.589853708227503,619.1386363840553,19.248025767725238,Low
23,3,19,1.0099686987526915,15,6,3.6551168352481795,134.40456380762654,9.70440612326425,Low
54,7,42,8.2827827314178,28,2,19.846039385317933,2060.5445052089435,28.03011676084301,Low
89,2,89,3.733015760369887,78,10,4.601656260426523,186.40190940539048,38.057284443067765,Medium
37,3,52,9.971580272739251,63,8,35.58878504803395,4486.897387158488,22.700710280663536,Low
48,3,78,6.908614430745618,66,6,21.976325445978908,1388.1605878140872,25.529181728441927,Low
21,1,84,1.0913804884667342,96,1,6.9086762352614794,250.8418136731583,9.270493205642946,Low
9,7,41,5.497234245681131,52,7,31.815301094929097,2510.784102204824,5.318026259126171,Low
79,5,59,7.907303686237411,86,1,41.26538972137201,4223.5429095693635,51.15979472793033,Medium
32,1,64,8.93575981717811,37,1,18.594150188415764,1712.2959406889595,16.370076836175826,Low
98,1,77,2.172030988415377,23,10,0,0,39.2,Medium
84,1,98,8.023471117029413,68,9,0,0,33.6,Medium
82,4,66,1.7746252093423673,100,3,22.789203836088117,883.5022342522757,44.01228828735536,Medium
48,3,96,4.707430933774815,51,5,0.32627896247942895,12.222936976504466,19.293968341194077,Low
99,6,79,6.087434653300518,75,10,21.248676343029906,1292.4726324854855,52.221713747759765,Medium
55,4,42,4.340481348549137,44,2,26.965849604793128,1589.7561161829924,30.898730369581735,Medium
45,1,65,5.470397476980022,45,6,14.349550224710333,793.5908637513675,21.87437856067179,Low
51,7,77,6.6628803969713974,90,6,28.687709210826334,2011.263506500121,29.17843901851286,Low
13,1,16,7.3625113765549735,95,1,55.11192429895782,8739.740798489967,9.49873009531871,Low
47,5,58,3.213477785272535,71,5,28.38693545688584,1366.1392661567647,26.805115798841808,Low
90,4,26,6.702551505338184,87,7,53.68184266743481,6286.063907683191,64.9881950404148,High
91,1,85,2.6719079591256873,59,8,1.8788405219529234,72.05128425944552,37.425846924986296,Medium
54,6,96,9.28185536748801,63,3,4.7888626944961326,320.6732288552443,23.151591513016747,Low
80,3,65,1.4558547854634991,38,6,6.722514504174283,249.5177569564495,35.22680696200366,Medium
6,3,86,8.772882195153638,52,4,13.915045413369718,993.7909036750323,2.90094163488131,Low
64,2,97,7.7922446032606505,50,6,0,0,25.6,Low
99,2,25,3.8756957590245626,25,4,15.67342210435156,886.4369915299264,48.91001272998483,Medium
0,7,27,5.904898577936711,50,3,35.363233286339934,3220.874145491917,0,Low
13,6,11,8.350689448195574,96,6,61.418232256704165,10576.427088732155,9.990622116022925,Low
49,7,58,8.99309611674674,51,4,27.990707871658547,2750.359648634945,27.829268114267613,Low
38,2,97,7.504744666875092,93,8,0.49232670195527967,23.40431459019332,15.312250488045805,Low
27,5,73,2.98549912907593,16,8,3.412811309033675,139.14016777305866,11.352875432063456,Low
29,2,46,2.68618180227664,49,10,18.045501595320086,780.1817725550807,14.739917277585697,Low
65,3,56,5.767235876049275,73,1,37.00769029836992,2776.679766155872,40.432999216364266,Medium
71,6,97,6.287325112724529,82,7,2.8197958356709747,126.85453553158433,29.60123302599584,Low
60,3,75,3.2084261972092394,92,6,21.631185443540264,1001.4198857461973,31.787226759674496,Medium
88,2,14,4.576986392543538,46,8,28.929301481227284,2307.272914715187,50.47467118208801,Medium
30,6,89,8.201914444011486,48,9,9.365742109244666,573.3376806592962,13.68583357966404,Low
56,3,91,3.4741795838542657,46,3,3.4543566886937516,133.82558474798842,23.560663847401102,Low
25,2,69,1.0368891640183469,72,3,8.772908994708358,318.4565965079132,11.315936349206254,Low
54,1,47,8.171881275837844,22,10,8.263475758343855,493.60585455604814,24.27736614570341,Low
9,5,22,3.5575417115272843,25,8,16.928332278813073,892.4284871674178,4.514129943055906,Low
14,4,35,8.21376943042318,79,4,46.49683447603187,6239.600356216786,9.505734095986679,Low
83,4,26,6.8113891876777695,23,10,17.279191089977104,1489.0511156735747,41.8050371628086,Medium
55,4,25,8.951244006742979,66,9,42.59813750506722,6231.732128412403,36.05738537667218,Medium
1,3,82,2.5962031622609185,58,2,9.23298741871643,358.40368834943405,0.4553979245122986,Low
74,3,5,1.199939613554816,70,6,27.35331926114624,1132.6760552941942,41.74487375194893,Medium
20,2,29,5.658028957670209,35,1,25.23236765414878,1995.8190013856145,11.027884118497854,Low
34,3,10,9.632246454907516,42,3,32.43125399017596,5303.640565051095,20.215975813995897,Low
13,1,24,2.7582435434860604,19,5,7.060500010385462,303.11552590644214,5.750719000810066,Low
100,2,43,1.346702926821603,47,10,11.192724494786034,419.7186615809586,46.71563469687162,Medium
61,3,44,9.957992776383554,36,2,24.44539425119821,3034.5346978544767,33.34701429593855,Medium
70,6,52,1.644078317115561,31,7,8.240172113477753,306.1261450270987,31.460872287660656,Medium
79,6,55,1.5379535062303151,50,6,13.121176337319405,499.97254482144893,37.819437583889396,Medium
49,1,91,9.650341627335854,29,2,2.8775015560596784,181.1215002658098,20.445985457481548,Low
43,1,0,4.673369793253645,45,5,30.92433553410702,2755.3831812803014,25.178478567799612,Low
44,2,37,8.979458651616088,91,6,52.36409954091447,7366.986322279339,31.42412227880142,Medium
63,5,50,6.294357831333779,47,6,27.38326343013676,2040.569134079035,35.5508735765917,Medium
97,5,87,5.251666296550455,63,2,12.344977996613629,606.9177644414467,45.984777194029135,Medium
93,6,38,7.487784795418463,36,7,25.075567480161297,2530.2892035475898,51.19216665393,Medium
33,5,33,5.466506837182665,18,2,13.667533347270593,975.1165863695378,15.906171602759578,Low
64,7,23,9.471433232060484,36,6,28.133338398484582,3755.7514771685214,36.40320194501808,Medium
88,7,73,8.177457699911539,23,4,9.282105748952926,683.8682986137852,40.10095183544715,Medium
60,4,0,4.399127316089906,18,6,15.339374702798787,1021.6146708410031,29.522174893007563,Low
75,5,49,8.075944373898619,72,1,40.86311682386449,4451.456837727215,48.38840257073902,Medium
4,7,57,5.150093028929727,84,3,38.80983675205987,2811.5441753746736,2.531436082049437,Low
10,2,32,3.791036088852622,77,10,37.30473385527583,2552.0238097787255,6.2382840313165495,Low
44,2,44,1.616556813965703,50,7,13.929580161228255,533.3116573193927,21.27740916256426,Low
68,5,70,5.1594024064175255,29,1,13.293463560876335,719.7052908991576,32.62373313283754,Medium
53,3,28,7.42745578509447,70,6,45.87107332911753,5332.730110894217,35.78700131865938,Medium
45,4,29,5.382745024954153,72,2,45.265407103566424,4140.814379595923,30.22165991796293,Medium
21,4,24,2.5223063798583167,54,6,29.779032642164267,1523.957960601284,12.152158112912698,Low
64,5,11,1.0834982815322882,25,4,9.085086831334644,340.13308917494345,29.088673343232504,Low
99,1,98,1.8569819664487874,50,8,0,0,39.6,Medium
79,1,46,2.648103913993734,81,1,34.47005519449719,1741.0045973812335,47.93880616219167,Medium
63,1,94,6.137025906358648,52,1,3.8026753351257154,188.42705851934318,26.637411276677522,Low
52,2,3,8.606714593784051,52,8,41.34452326224764,6092.424584181548,33.699491257821265,Medium
97,2,6,3.1624304232681673,85,10,43.05800771562788,3389.317286723254,63.85976049049543,High
99,2,13,9.993984861739762,84,7,56.28899240648424,10699.265126365866,73.03566148945163,High
24,2,79,2.408852181127462,63,4,11.144770779845414,426.9267242717788,11.20484699229774,Low
83,4,56,1.9497965828122825,72,2,23.69485640967462,955.8243855345946,45.000038492017964,Medium
52,6,93,6.635962807585051,52,6,4.647087083426427,232.06840036322538,22.249891170029045,Low
25,2,15,5.820283338620193,57,6,39.42114976793692,3908.8668919788515,15.913172465190538,Low
53,3,61,5.858172631454966,18,10,5.60706136811279,287.9433844754578,22.98304551505987,Low
16,5,9,8.955082694864911,70,5,49.31568019606229,8275.139585219917,11.13430529882198,Low
15,4,90,5.220081098731002,19,10,0.851884071289978,44.03066921985198,6.076669566416098,Low
9,6,66,2.803831444833996,45,8,12.183629622408795,524.0373309480277,4.257915999610075,Low
50,5,95,1.9303833455334583,64,4,1.391664210135883,50.517410827932544,20.417499263040764,Low
86,3,38,1.1479775544304505,33,9,7.3920525078800905,271.0389483235013,38.21429909406613,Medium
28,6,7,6.8834718812428095,66,3,48.23338138599585,6321.564515868569,19.303208072847305,Low
69,2,49,4.853727561312983,13,2,7.37566259132527,423.7783953563737,30.653524312808663,Medium
64,4,7,8.879676013509357,33,5,27.921489851335945,3982.9959123340154,36.321852102913006,Medium
59,1,2,2.570756391051261,10,1,6.933920656093379,336.22668307897374,26.054607912257058,Low
51,4,67,6.233983331742438,65,7,26.36422954292139,1773.3603110394583,28.467454240133947,Low
46,4,4,9.732099722069435,30,10,26.22091880524256,3851.9010161668207,25.63697359024695,Low
36,1,55,3.936435421011667,20,1,9.909884993613304,489.2023800970697,16.540535158620475,Low
40,3,63,7.361508878225273,86,9,37.41964023501454,3140.4941683906145,24.980713656403488,Low
58,6,85,9.799798561383543,18,5,4.241117586765908,327.69361191253245,24.675908920194537,Low
4,3,85,9.286077223241485,29,8,5.560740450972323,354.48513377145565,1.7334577708233359,Low
85,7,26,3.3135706852534708,25,10,16.212622862937355,858.8646380828156,42.26843766009805,Medium
80,6,4,7.241069901444462,57,6,40.75100827993811,5650.460240027106,51.5604839743703,Medium
95,4,64,2.643051109114488,13,5,3.071752994730824,114.73168943597895,39.75089920699657,Medium
36,3,50,6.534896531917081,89,1,46.88286706217697,4237.635934899697,24.526699285430226,Low
29,7,3,2.52424860448538,51,8,29.519306779295327,1775.5572164802636,16.73635937959739,Low
37,5,12,5.312466655091775,12,1,10.902794860525189,844.6747619863836,17.220420459036593,Low
63,1,11,8.952907754455957,51,2,40.4985666812772,5908.1189460991045,40.508458205522786,Medium
58,2,15,8.81323689607905,35,4,28.0927922324453,3812.6650058736477,32.97629169689097,Medium
43,6,54,2.2337581373752866,39,1,13.524932603897556,534.0571296474521,20.689432611805568,Low
47,7,50,5.626474924420251,92,10,46.89445151593447,3955.299347412543,32.02423532749352,Medium
14,7,93,2.842917365401087,35,5,1.8448450027789873,66.96787360087727,5.754966980233435,Low
93,2,6,5.037919866277711,34,9,24.36297966046302,2069.1391873184775,50.79454265053837,Medium
4,1,14,9.916492766707943,35,7,24.34687336492206,3607.9289312268493,2.1843249607581297,Low
95,1,68,6.072643861339184,95,10,29.23982605383772,1919.4214363544781,54.666700850687505,Medium
69,3,81,9.19020820245559,83,4,23.912258220849402,2052.393502531678,37.499674903431654,Medium
26,2,82,7.7324692551782475,20,6,2.976310357553936,161.35158996295502,10.864304415778415,Low
1,2,90,7.979291076433938,88,2,15.299706207278817,979.0122497263669,0.49179823724367294,Low
33,3,25,9.306166471157042,28,7,21.661085507093787,2690.350825052633,17.48889493040457,Low
88,2,32,5.483694185818982,42,6,26.64454890498519,2050.5170871500236,49.26832182183218,Medium
95,5,14,2.7035864486397907,23,10,14.01480807338141,728.6774722975646,45.988440601827406,Medium
59,3,1,8.712445682083509,36,10,30.397492281630416,4224.358537322043,34.36071226769717,Medium
59,4,3,2.32230140709766,76,5,41.61978622244775,2481.053909397603,38.3334043227465,Medium
80,3,70,5.287505851093743,48,7,16.9517928309089,969.4694952041627,40.136860558836275,Medium
57,1,3,9.807105331510208,91,7,56.97604431475904,12096.277474374729,42.28580715564759,Medium
74,2,4,2.0949212041774095,10,2,6.046699904015363,263.5561270476747,32.28473475738282,Medium
16,1,8,2.081731864382244,50,3,25.72487499178881,1246.0681909893044,8.869587999211726,Low
2,6,75,5.546717722050404,52,2,17.941824344844385,1011.2930933522728,1.0153018921381327,Low
79,5,3,8.95903997383123,81,4,56.333756928206256,10485.245981338654,58.30220078396977,Medium
71,7,0,1.622055468836383,59,7,30.507324343274192,1352.2145410194532,41.39612017023481,Medium
18,4,53,1.061035404393377,81,9,14.70345064163983,541.4462152293914,8.787972669297101,Low
70,2,92,6.945140257297017,29,8,0,0,28,Low
37,5,52,6.237590220798808,31,6,17.694255323679826,1280.4138121668125,18.728124681856922,Low
55,4,59,9.68747252384323,25,9,12.696714491173863,1114.4487855510722,26.189915782087375,Low
36,5,26,9.580382728544496,100,4,58.027018133907994,10640.545956277609,26.933835916924124,Low
9,6,53,3.9716233921034085,31,3,15.082818324855838,810.1938476892923,4.414472189542215,Low
52,6,53,2.6786062430338697,22,9,8.485666721730414,355.66423485153734,23.44752801717989,Low
85,2,96,4.560330256795854,67,4,1.216740251595583,45.90036616274996,34.62053752831375,Medium
24,6,41,7.192159306695459,97,5,54.429765385674806,6403.295056422091,17.437886215537173,Low
73,2,27,4.559068942661101,12,6,6.068308610731757,377.8259974702351,31.857919171500512,Medium
71,1,74,1.1965639204496397,29,5,1.1452423032550871,41.57229560815965,28.88787322118667,Low
47,4,15,7.620957625141455,69,10,45.53524874860245,6363.872050738111,31.64094014710589,Medium
63,6,2,3.01687877542649,37,7,25.75436027127525,1517.5811078742695,34.935148182542044,Medium
92,6,8,8.720679565245277,21,9,18.786794078488853,2350.8430894254543,47.17031033132585,Medium
40,1,1,5.580809065973433,71,6,46.139445986997885,5287.319546338735,27.073467036879492,Low
71,1,7,9.216518688478438,46,7,32.71664215584688,5056.6339573509995,42.33728955839077,Medium
27,3,11,6.086971383605756,47,5,33.825556646472,3528.8658657958135,16.279740176728467,Low
86,2,28,8.029786826358695,90,5,55.45708163776988,7677.090956745027,63.015854125089255,High
45,4,72,3.518110413674101,22,2,6.797678302041897,275.91737954515077,19.83537314155131,Low
20,7,25,3.655968054114571,52,1,34.31712946970735,2274.1040543297568,12.118055536364881,Low
71,1,99,8.517717318976342,98,5,0,0,28.400000000000002,Low
22,3,11,1.9978179262201814,94,10,43.33184367817672,2248.4145618703674,14.519803365519326,Low
96,7,3,6.697513719152626,81,9,53.97037818884531,7723.426535211613,69.4869378367749,High
93,3,91,3.243940611093963,48,8,2.0826630563185278,77.51479044616889,38.36212598542574,Medium
97,5,21,3.806627245190765,30,6,19.658530621329078,1253.393221546222,50.24126482161353,Medium
93,2,92,3.807751377979767,51,9,0.046775827134472106,1.6979625249813375,37.22610091154104,Medium
96,4,79,7.746109033977695,96,10,28.52655162509501,2166.668917956371,54.83129373605473,Medium
40,7,45,3.507729735388687,85,4,40.25768152834935,2510.0803077686096,25.661843566803846,Low
27,4,60,3.9978368436494245,20,7,7.80875521872396,368.6345212590823,12.065018345433282,Low
30,2,86,6.744701022696777,84,2,18.925726568941315,1129.0375379109678,15.406630782409437,Low
61,2,51,3.334658710932996,90,4,37.5662340085873,2094.506030643799,38.14924164714296,Medium
32,4,74,9.32669303664497,15,5,7.262571276056918,567.7471296149695,14.194413685002928,Low
83,5,45,7.914056425735814,13,1,9.532699089563424,873.2250783086595,37.947284146602584,Medium
41,4,34,9.967978658883512,94,10,56.78511421538711,9091.160881237154,30.369138096985232,Medium
93,2,29,8.190864400958915,69,8,44.53740923961219,5608.138173270705,62.0518743557036,High
23,4,94,1.8948673223687895,94,5,3.515356341221187,127.60743518632913,9.685119175088525,Low
88,6,92,3.977712949723056,38,7,2.911515065468984,117.25579346431414,36.737279954567626,Medium
96,1,31,1.4479658323146822,30,9,4.782366235186574,177.38654863993443,41.15464295146747,Medium
80,1,19,2.388439626155647,68,5,31.710154892074257,1693.340047527323,47.22087434819564,Medium
99,1,85,3.4109886521611292,97,9,5.894654982027492,233.2080919690096,43.101425059324335,Medium
10,1,3,7.6236346840744655,65,10,46.28033023732418,6234.597023587673,6.776819814239451,Low
71,2,46,6.395135983221272,95,2,51.84751440078147,4778.987454497002,50.487041134732905,Medium
20,6,89,8.981883902200877,79,4,15.131568560594886,1042.1715354114417,9.815788227271387,Low
56,4,65,9.279475698700415,29,5,16.0038776842028,1348.187987526041,27.777302901892142,Low
93,4,25,9.278979309826834,38,1,29.500594142896183,4162.453468835849,53.66133153173607,Medium
23,5,26,5.774389968782202,20,2,15.943886833498405,1164.1575127386625,11.40025638302278,Low
97,4,65,6.692856357136946,96,8,40.013680260226366,3069.562404406568,62.08796191145175,High
30,2,17,1.0290695852556477,45,2,14.168382996287287,542.0327284203602,14.550308939331712,Low
55,1,60,1.929129871350217,25,2,6.0251307466982675,229.79650730140685,23.988293146410427,Low
52,3,53,5.068179938607952,93,7,43.31969264886216,3035.217335258178,34.315744106444996,Medium
93,2,100,9.82569443316722,82,4,0,0,37.2,Medium
73,3,73,3.484048119778499,78,1,24.672775394397874,1120.0177514124318,40.00667562274627,Medium
33,4,85,8.944073178668885,98,10,22.901798816652583,1696.4226505613294,17.734556165697214,Low
96,5,87,8.587655967754916,23,2,4.528912586150892,292.39036028916877,41.00865364962292,Medium
13,3,46,6.114252135574848,51,5,31.229790132376458,2488.1397369356887,7.6359236303253635,Low
55,2,75,9.762836603066134,77,10,26.7833674655049,2365.585919874002,30.838511263616617,Medium
60,7,31,9.510777004732633,19,5,15.384172624650402,1716.1735769255224,29.538302144874145,Low
35,7,25,7.329369762826648,74,1,46.78065869364013,6212.876653736397,23.82393832566443,Low
49,3,61,7.578211974486763,19,3,10.280316971774923,772.6770110344315,22.622413189701827,Low
98,5,3,3.106535836984679,70,5,43.805944061754595,3076.701180444854,64.9578951083117,High
61,5,38,1.3214079724134606,45,4,14.769317571489578,568.10394718603,29.805570231165188,Low
79,2,55,2.0363278637576685,23,2,7.347928151867444,285.56122916915814,35.08291794398517,Medium
6,3,94,8.990829371652232,70,2,8.506055684270182,557.0518465825909,2.706218004633727,Low
42,1,20,3.7959755601683223,86,6,45.5998569235963,3370.4164369635937,28.291163944746266,Low
15,7,100,6.405805159781455,40,9,0,0,6,Low
2,6,2,3.5011616235947765,31,10,22.549355717057527,1476.066715901901,1.0705922686046905,Low
23,2,24,7.7543806325133335,53,3,39.048266230867064,4621.127697016269,14.588660739859655,Low
36,6,51,1.2137928426773392,73,3,17.083632033970872,636.522673399538,18.09006451933771,Low
91,2,92,4.088019558200784,68,3,5.293280880583872,212.70922081472182,39.290131360798796,Medium
57,2,2,6.932520126332702,70,3,49.11644805157425,6974.411363845975,39.59782523363839,Medium
17,3,34,9.729107339334854,32,9,22.28209978909202,2570.57040690203,9.072774178487386,Low
50,1,44,6.424827499846006,21,3,11.458852135437715,798.2378114011607,23.437655640631313,Low
41,2,69,2.784652180410642,92,1,26.456634436251115,1153.8202378709263,22.908332071317776,Low
76,5,3,7.021077038947328,17,2,14.289967344875048,1668.9389238620722,36.916225109263024,Medium
45,1,75,5.69468471042423,17,10,0,0,18,Low
15,3,85,7.930188015679344,36,7,7.343546610504179,474.1164113348662,6.660919194945376,Low
15,6,41,2.9325316660061787,46,7,22.90455749031092,1140.4828956133351,8.061410174127984,Low
78,2,0,5.5820470993758144,68,10,45.957278828525936,5141.08634572419,52.70800649175014,Medium
83,2,59,3.513015793626136,47,5,20.451180478676555,984.537192512184,43.38468787838093,Medium
31,1,82,1.3451298883265852,60,2,4.824391009067245,175.12539362914103,13.297336727686508,Low
35,4,28,1.732811598188718,62,2,26.905411193535887,1159.6821744212077,19.650136350642537,Low
89,1,29,9.039155852678766,87,5,52.510915823238776,7888.140978498178,63.64082904960951,High
21,2,69,2.234876088794294,20,7,2.127739668415078,77.23694996346734,8.6680951982203,Low
40,3,40,3.8504747077990116,89,4,41.045627014581186,2923.3541479500436,25.850950483499485,Low
42,7,36,1.6782442943614662,11,1,4.515819831438374,173.3613296520266,17.93798659752247,Low
78,7,40,2.375608603844515,62,8,27.481660192421614,1292.4761915317524,44.061416970053315,Medium
65,4,91,8.665292338305306,81,9,13.584815225042721,869.4415845832461,31.29807793776666,Medium
3,2,91,7.971488009675029,48,5,4.219426258047921,254.95330391905276,1.2759496726448627,Low
67,6,73,3.981304283765393,26,6,8.495317181586723,377.65361082936886,30.215117506997863,Medium
100,4,87,5.00319827671706,96,9,16.41586851860175,802.0623931196436,49.84952111116105,Medium
63,2,64,5.052858653998959,93,4,36.61883340775546,2317.771551895928,39.04191902813157,Medium
9,5,32,8.470754911788077,35,4,24.797857900927873,2860.6596497051623,4.939084326650105,Low
76,3,66,1.1372541280328066,59,9,7.093244957672456,257.4847919635101,33.63451970069864,Medium
23,3,55,6.557605911259334,75,5,37.4071840022265,3025.187220468807,14.362191392307258,Low
42,6,69,3.6298931592870667,34,1,12.237826925128193,547.5230971498235,19.883932385132304,Low
19,2,66,7.601917503458708,85,1,38.377640172143415,3335.2622168869425,11.97505097962435,Low
63,2,55,9.656610931258925,44,8,24.105559119684713,2363.409217431709,34.31190134724082,Medium
100,5,38,4.233207230449479,74,9,39.74965073212633,2798.7490718231215,63.84979043927579,High
46,2,45,7.975197872797523,61,2,35.930062731638564,4069.514645561351,28.316697313932245,Low
73,7,96,3.5036251599196646,24,5,0.2585243260326156,9.440066835847347,29.31323365480229,Low
3,7,34,9.352787522358517,72,8,46.681287001468895,6568.68781169337,2.04026316602644,Low
17,2,61,5.540319309493283,74,7,31.692088655583806,2094.935316773353,10.032593042869548,Low
52,7,67,3.0292650040122195,66,2,20.701196560537156,897.5976326700895,27.258773326887592,Low
29,1,14,1.0214583675052964,44,5,12.227373558475385,452.32465404006996,13.727562999174719,Low
72,1,99,9.302832823531235,44,9,0,0,28.8,Low
47,4,47,1.857299909460473,34,7,11.341420092276232,441.1153163344161,21.998280466021896,Low
3,3,60,8.270352304107185,10,2,5.344817093324989,431.3437263571412,1.29620670767985,Low
29,7,21,2.8644496936730865,53,3,31.94882910268635,1689.2264189775826,17.159096263867426,Low
10,4,79,5.815012036624291,83,3,23.431977350821487,1442.4735880153569,5.405918641049289,Low
79,5,36,1.2154701041948475,48,4,14.119560486568153,541.8968717061637,38.292671670633304,Medium
4,6,19,1.903395100630527,14,3,7.198361662421015,289.7540361961272,1.7727606798981044,Low
96,6,10,2.7748037276229156,22,1,15.7612848132112,816.0410573278815,47.47850005240966,Medium
5,2,58,9.468939449239162,57,3,30.72995483422534,3317.431814531285,2.92189864502676,Low
95,7,24,8.712252908294065,79,4,51.64594280427374,7782.056793099764,67.43818739843603,High
87,5,2,2.590328065144642,80,6,47.930994435835125,2956.4487704069493,59.819979095505936,Medium
60,3,100,7.771094471269449,36,9,0,0,24,Low
41,2,6,1.6126874309508896,75,3,36.31187476993592,1631.1776851666264,25.33272119340424,Low
35,7,50,1.688261870090475,87,5,26.59700421052518,1093.6611698109107,19.58537088421029,Low
62,3,4,1.6776105313131993,87,6,41.58096060449422,2001.5873913853197,40.26811734487185,Medium
90,6,34,8.30700129791963,67,1,45.02057936614959,5699.028852496546,60.31111285772077,High
18,2,88,9.373833175985652,15,6,0.43417846701001,19.13073141813116,7.246891274437081,Low
38,3,72,7.594143293362498,78,7,31.262443011500938,2364.1591965626512,22.327837006622214,Low
70,1,12,8.409787768347865,45,6,33.1151179106376,4317.620762356664,41.908349522467795,Medium
35,1,41,5.442033408372379,84,10,38.775356540323784,3201.360338429479,22.142824873467994,Low
32,6,86,8.048213832121018,83,5,19.595919440625867,1330.1202623058605,16.562416532600167,Low
10,3,73,7.779513515108817,61,3,23.740619047718234,1841.587693191886,5.424437142863094,Low
57,4,62,9.547039525405506,97,2,46.806883852939954,5295.045257260017,38.80795427770546,Medium
73,7,8,7.606680790241455,77,9,50.294065501013826,7878.830351905121,51.22880068944406,Medium
84,6,16,3.5184525813780154,90,9,51.23181833642055,3873.752018972302,59.42083644155596,Medium
15,7,31,5.298456403149242,65,5,39.785089812220235,3564.049785649094,9.580658083099822,Low
52,5,24,8.41791001884351,26,5,20.77405567366971,2422.6491234203227,27.281505370184952,Low
46,5,48,3.2028053677093964,85,1,38.99273261756526,2114.3759129088867,29.161994202448014,Low
16,3,40,4.553984829475526,18,3,11.50495255338921,688.8093286999523,7.504475445125364,Low
33,7,49,1.8858287303827006,58,3,19.761774777656143,816.3073863481332,17.112831405975918,Low
11,7,57,8.490118659982443,30,8,18.389067962297144,1648.2699278291077,5.6136784855116115,Low
75,3,60,6.140596259739539,89,5,40.255128422388495,3179.795688412222,48.11480779007482,Medium
88,5,68,4.594896881077261,11,7,2.6225451267918882,114.07428859546636,36.58470382694612,Medium
3,3,96,8.936377890908894,36,7,0,0,1.2000000000000002,Low
47,3,85,2.5584075043153356,39,8,3.404644959614285,128.22818253335396,19.760109878611228,Low
5,7,2,4.590842989353096,37,1,27.730063297968645,2516.0610843362088,2.8319018989390594,Low
30,1,28,8.903763817156065,73,3,44.68108262591117,6732.909427054174,20.04259487266401,Low
8,2,71,6.918853903041192,82,10,29.953415798268292,2105.903959988612,4.637763958316878,Low
77,6,84,6.129532842020202,44,2,11.449315685300402,621.1774929047336,36.08958384660879,Medium
99,6,34,9.638962732861245,55,7,35.88296549607136,5139.969325364955,60.914481504666384,High
43,4,29,3.250683736365853,47,1,28.30486392791968,1558.339838636982,24.502654893403278,Low
85,6,55,2.8756381339282813,49,2,20.224350786352336,944.7285790595449,44.314418901039694,Medium
38,6,63,8.680408701196201,29,2,15.434954329695142,1466.2540842881765,18.719169587170494,Low
26,2,53,1.498888320075872,39,2,10.591475917924578,389.8361838951605,12.052270243196235,Low
18,1,38,9.615708043906963,38,6,24.99275391103393,2912.5196262627182,9.899217422391665,Low
14,3,2,2.228860678002483,34,6,21.206827368757285,1005.7490426797345,7.381373498975613,Low
25,1,61,7.9753333121165735,52,8,20.88795326041151,1619.4004678898148,13.133192989061726,Low
3,2,25,9.058980634417749,30,1,24.947116316655524,2944.722391407071,1.6490480936997995,Low
94,2,80,4.855855013763646,35,2,9.177678894676628,436.3214464808268,42.77621089659762,Medium
53,7,76,5.8768976592435695,78,6,25.877555994876555,1574.5463829025875,29.429062806370744,Low
60,4,89,3.6948018598535084,34,7,3.063264007612825,124.56576237820482,25.102775042740618,Low
62,5,53,4.58665541884418,13,2,7.790169821187966,405.1585810625238,27.697943173481924,Low
24,4,72,2.3519696233303367,31,7,6.070356752586984,229.56256684171632,10.474131372372527,Low
35,1,77,7.503879901197622,85,2,28.445988629761967,2159.656173576113,19.973657612250012,Low
7,2,57,2.3922501180830915,92,4,29.73025215235659,1318.8728917841252,4.048670590398977,Low
42,5,22,1.113381053960957,72,10,22.15711191364287,852.1461014369434,22.383592202238006,Low
53,1,86,3.0423195184466882,43,5,0.5137328580727084,18.64850274803932,21.363367048867126,Low
34,2,71,1.7169448009984745,69,7,10.246059527397101,388.3546427892466,15.69019614358901,Low
97,5,66,7.025788193427094,23,4,10.66368563791771,724.4804074803754,45.00626504126811,Medium
32,5,72,3.953456497221022,42,8,13.198250813953731,599.9445519476103,15.334064156279117,Low
75,3,37,9.243904352558973,87,1,54.09623108072996,7819.621030290428,54.34330398632848,Medium
19,7,65,8.498156834113576,28,6,13.712467719435427,1143.6180399684986,9.163221320015639,Low
35,2,78,8.130249900289256,70,3,23.498113930295556,1797.4986316488016,18.934603925362065,Low
16,3,6,4.512158955128301,83,7,49.246463305096654,5032.149322929131,11.127660477289279,Low
25,6,22,7.884797465460197,96,2,60.49423805345948,8990.084631736438,19.07413570801892,Low
16,5,27,7.488445473232866,33,6,22.684572252524553,2616.0359242024074,8.577718936242357,Low
69,2,100,6.536016629818194,58,1,0,0,27.6,Low
87,1,58,7.710774260241863,58,7,27.883608520241673,2184.4191799631762,49.355243647566155,Medium
18,5,55,1.713786016448953,41,2,12.360535619710621,473.6992662018935,8.534937846928747,Low
46,6,50,2.5694149642504556,28,9,9.909465926133317,468.50075009605246,21.135012595612796,Low
83,2,2,3.2787904363394036,57,4,36.46089689694882,2594.298631509056,51.35752665468051,Medium
88,1,99,6.096736229195202,87,2,0.12984861326528588,7.317338612713319,35.268560067804074,Medium
68,3,77,1.3781943817081819,48,4,5.098028894048611,185.23730511096568,29.279995788771835,Low
21,2,0,3.2013276386384315,64,8,38.573078033533896,2785.565934643384,13.260207832225271,Low
9,7,87,5.581333069330841,58,3,11.769850445291173,612.2389302222177,4.235571924045724,Low
37,7,88,9.315731461734963,92,2,19.81802029908997,1444.5743324791908,19.199600506397974,Low
64,5,55,5.344909906759734,19,3,9.660819855713212,624.9575958454313,29.309754824593874,Low
2,7,50,4.604921868213646,36,4,20.974466627829333,1267.2414918991217,1.051693599533952,Low
35,6,53,9.74501163332592,30,6,19.042690103325082,2035.6288496739762,17.998964921698267,Low
53,6,41,5.797894152807314,95,7,49.141517750994645,4726.1047223553915,36.8270026448163,Medium
70,1,78,3.1294575728640264,33,9,0,0,28,Low
49,6,62,1.9060234837129404,94,9,23.412689562423402,938.3810675211598,26.48333073135248,Low
1,7,36,9.369372344731593,36,3,26.98124596461149,3366.771061523376,0.561887475787669,Low
69,6,57,6.217808727908276,82,3,41.09750786830951,3213.7478253120807,44.61436825748014,Medium
39,1,59,6.722251884660249,48,9,18.228356393470914,1312.6421719040427,19.865435396072193,Low
16,1,22,2.2762197756515907,86,6,36.58121822442303,1905.7916708133337,9.911796949544613,Low
78,7,80,2.3670659171520034,20,6,3.1944572556621704,118.11929294652509,32.6950059956499,Medium
35,3,36,5.280786673048258,70,7,39.13309158621958,3316.325004853717,22.21794923310611,Low
5,3,32,4.135467524751654,88,1,47.117409192815884,3657.917727785347,3.4135222757844765,Low
39,3,2,2.595359962954841,80,6,44.8394864405725,2910.09326152991,26.09243982709397,Low
7,6,79,7.548482958304942,63,7,18.814164819548555,1307.942036504456,3.5901949224210394,Low
58,6,80,5.3856626347465415,17,9,3.088216912812517,148.7163041069785,24.274699485658758,Low
12,4,16,4.473508141901215,95,8,53.40090509719196,5279.847587897608,8.644865166997821,Low
49,2,17,1.285452949958475,26,3,9.689631050794151,372.7741711842932,22.44875152893348,Low
34,3,85,2.04168974676602,96,5,10.620723198941171,400.05821065373146,15.766627532584,Low
32,4,16,6.003402767207017,78,2,51.373125600764716,5880.969566378165,22.663640115346826,Low
61,2,82,7.0443844478585795,21,2,5.0255853431677595,260.6830006641001,26.239364235599403,Low
74,2,52,4.282472116238393,20,5,8.800996941448984,402.86334762939254,33.50764264200335,Medium
8,6,50,5.9417872683245845,88,10,44.001858760834004,3796.6447886413303,5.312089220520033,Low
13,1,59,1.1066768424860163,24,5,1.5357869898727359,55.74906773238036,5.319791385210074,Low
18,1,43,6.27575187964343,36,2,23.11451404458089,1708.9177902266517,9.696367516814735,Low
19,4,86,4.82278412529355,92,10,13.114139096598198,635.54739244986,9.095011857012196,Low
34,3,73,6.620081569828489,75,7,28.195144342235828,1964.378382602529,19.35180944581611,Low
5,5,60,9.804200831410283,73,7,35.79648247381038,4024.797739591389,3.0738944742143115,Low
1,1,57,1.0005607838136337,67,8,6.777365397200198,246.19068958846006,0.4406641923832012,Low
19,4,14,2.7442187293138467,86,1,48.14053919110621,3009.1443346071524,13.08802146778611,Low
13,4,60,6.301023177276443,39,9,18.24058414221146,1253.278126914127,6.622765563092495,Low
58,4,43,8.122427625664082,56,10,35.3858976606476,3712.7250070801233,35.514292385905364,Medium
0,2,9,5.467956533691954,62,6,44.637886319725865,4374.528762499374,0,Low
47,4,28,6.659972231238084,10,3,7.485280551921638,587.6912330637596,20.910849115641902,Low
15,1,69,5.754012341956853,82,9,26.59504055443827,1640.597146518986,8.393553649899445,Low
63,3,92,5.701379267747286,10,9,0,0,25.200000000000003,Low
91,3,65,3.857059154632481,40,7,13.520573158321449,628.1992783009463,43.78223294444351,Medium
57,1,90,3.4558378479398746,60,9,0,0,22.8,Low
27,3,44,4.575301611444795,91,9,44.56260017009144,3189.9031031826476,18.019141227554815,Low
100,7,13,5.84948601420185,38,9,30.06743518952112,2818.0470287414096,58.040461113712674,Medium
77,6,40,9.693953295167981,50,2,34.85544574100859,4198.9882269653735,46.903215932345965,Medium
39,7,88,4.73743023849884,74,5,12.613404482823908,566.0741693869418,18.551536648980797,Low
12,2,64,8.237585987820022,10,7,2.7532880638498463,168.6701008692737,4.998236740597189,Low
50,5,46,8.671740651301512,31,6,19.692019301660128,2010.2726398044704,25.90760579049804,Low
76,3,74,8.72344663590238,11,4,3.6057928056644615,233.4002911336836,32.04424151938299,Medium
24,4,15,5.439460798012124,31,6,24.113329890781227,2045.5005411910959,13.072319504272498,Low
44,6,41,1.5226620870837175,32,5,11.073371133934602,418.22240924487926,20.523369979358737,Low
78,3,4,9.884314012245525,56,8,44.20438583013298,7672.5302630408405,51.88765256850223,Medium
66,1,96,6.521531424439216,36,7,0,0,26.400000000000002,Low
37,6,10,7.922058458324096,84,7,55.74888686905113,9001.200666972405,27.17625288492935,Low
38,3,93,9.451970951383938,73,7,5.532537377785141,357.1926443767251,16.461418522135013,Low
85,1,49,4.460185254040054,37,8,12.23216452044643,665.0108735254245,40.23840390542768,Medium
29,7,91,4.283986121287935,93,9,10.712669458600224,453.2464247489443,13.46400448579644,Low
16,1,57,8.504139893156404,35,7,15.628540493002504,1157.238936137795,7.900339887328241,Low
91,2,91,8.098975399666369,16,7,0,0,36.4,Medium
53,2,72,7.43842805176336,23,7,7.057759640044626,448.32561339046265,23.444367565534193,Low
20,6,42,6.139115965220195,98,1,52.70252726033736,5297.348940346067,14.324303271240483,Low
82,7,51,5.507712334488782,49,7,26.809723395732266,1948.0412259679183,45.99038391070028,Medium
81,3,87,4.939433841064215,34,10,2.5659828553581834,113.35876518877318,33.64706766770408,Medium
30,6,100,7.323470221353572,44,3,0,0,12,Low
41,3,45,2.602553570594544,76,1,32.151704599792005,1551.426323705675,24.309319331548835,Low
22,5,32,6.024859592922303,33,2,22.762989299791183,1913.8315925792128,11.804714587572438,Low
17,6,44,2.738514554580376,77,2,35.45703981161039,1709.3938983820917,10.416618060784261,Low
45,5,91,5.3120741350605,61,6,7.894470001083723,357.00968343761275,20.131506900292607,Low
4,2,31,9.6801904753717,75,3,48.82914046038386,7499.279674981797,2.7718993710492126,Low
3,7,60,1.5363209968729916,24,10,5.713275940214277,210.85582465850663,1.3028389669238571,Low
45,5,13,2.0182423368715385,86,9,43.49446862854893,2148.724219038017,29.743506529708213,Low
31,4,48,1.3061047575945701,66,6,16.088188197655413,603.4916779256212,15.392403004763906,Low
8,5,20,2.5255156529841147,54,2,30.623229139594567,1607.0099333932617,4.6699149987005395,Low
17,7,47,4.270917909520371,56,7,30.120759445163518,1863.2357667750462,9.872317463406679,Low
26,6,28,8.64352984260126,50,1,33.49264730577846,4609.609405199659,15.62485297970144,Low
25,1,96,9.765485093593904,16,7,0,0,10,Low
64,7,39,3.605998220991985,59,6,30.56713240426711,1859.4173375734729,37.337778843238574,Medium
98,5,35,8.442866414200857,43,9,29.862926020155843,3466.2479376222377,56.75940049985164,Medium
83,5,76,4.852142076164837,92,5,27.623398717345967,1512.2364180238635,46.956452561238294,Medium
94,2,90,8.160344584910028,26,3,3.8636356313328557,230.02990527431044,39.77909049607173,Medium
65,7,46,2.3529590424294127,75,4,30.865200667893596,1472.6571710628527,38.03742826047851,Medium
50,2,39,9.926961112308026,94,6,54.551203219396285,8351.24192455395,36.36536096581889,Medium
63,1,61,5.325763094067884,46,2,21.296421821691098,1277.3338871527897,33.25004744859924,Medium
7,3,84,5.587979690677991,75,7,15.803027989161679,796.3613384876905,3.4637271755447907,Low
88,2,67,5.521803938033991,67,4,27.129647167911404,1623.1590491342358,49.524453704657226,Medium
86,3,37,6.794163077707078,62,7,36.557586777049195,3752.1063666699392,53.263714776957386,Medium
45,6,62,3.99333446987587,63,3,25.47110200791715,1467.3170564939646,24.87719754213763,Low
57,3,11,2.3690891707610398,15,7,7.086871738042837,334.86997310737166,25.223710134410652,Low
56,5,26,3.5602632882848786,16,2,10.378383349972177,571.1639841723703,25.887136805590654,Low
78,1,37,8.582884708460693,98,5,51.32340397962941,7434.307931085295,55.21935306246657,Medium
51,5,91,9.14973697014329,65,10,8.451351336611125,513.0564175191442,22.986113509003005,Low
27,6,48,3.9988034401955037,43,10,22.04859171619873,1266.941762557537,14.371871858024194,Low
83,6,48,9.48410061249518,84,9,47.567127956614705,6314.486632054683,56.88842972239412,Medium
65,5,86,6.41304961071707,80,4,18.14279533768687,1012.5247942523855,33.07569018169788,Medium
4,3,6,6.4284874546527,10,1,9.587352308242856,895.2331047354123,1.8300964553978287,Low
32,5,1,3.985960106027452,36,10,27.218710205258613,1925.4491541626842,18.025992359409656,Low
42,2,38,2.554723648842476,18,8,5.19419750090245,215.6709955971603,18.108937770227417,Low
95,5,43,9.851064967342982,23,9,16.014082402560074,1808.825032346606,47.12802696945924,Medium
72,2,2,5.045056473872658,12,10,7.409744642092167,498.00216382144947,32.00100968538381,Medium
55,6,56,8.800677371596109,40,8,23.10450700635391,2233.770184846757,29.62448731209679,Low
23,6,31,5.869856294150315,75,9,43.99856008295347,4396.810298024947,15.271801291447579,Low
75,4,3,5.6831815177101985,59,1,43.38325608448789,4890.778775340724,49.52246523801955,Medium
46,2,54,9.745415873687545,99,10,47.825111910775796,6044.358233388758,31.599730887374122,Medium
44,3,53,2.965183357980436,17,8,5.397552319311467,238.75434770962153,19.02495381229823,Low
35,1,98,2.5525015663763564,11,4,0,0,14,Low
70,2,35,4.162038361059141,44,7,23.446261330885825,1517.2608885943976,37.84742975897205,Medium
92,1,19,1.347824405875556,15,1,5.618127620394532,210.8792944337015,39.901206446457785,Medium
32,7,26,8.441477538228533,62,5,41.72290595747305,5716.921170182702,20.810797943834828,Low
62,1,97,5.68678901765332,52,9,0,0,24.8,Low
14,4,96,5.931387738490894,81,4,3.6864062157870174,174.87322165140725,5.90965812212611,Low
67,5,49,7.3564636075998875,35,9,21.851798683788203,1701.7473087017277,35.584423070882856,Medium
79,1,44,6.038121415698153,70,3,38.97959196449191,3212.573597954584,50.07632659116916,Medium
80,2,5,9.289299551155393,36,10,28.310285145292745,4331.151468969373,45.58893686974052,Medium
42,3,82,1.2446560996482245,77,9,4.75003695992744,172.91553737415697,17.997009313901714,Low
88,4,29,6.037822192441771,79,8,49.278043653292045,4978.623394502816,61.2188070489382,High
92,6,51,5.544958937336231,81,3,39.967108356373025,3310.935211644975,58.86184381271791,Medium
43,6,11,3.960045966321914,36,10,24.462382211642925,1722.100940494172,23.511294610603876,Low
66,3,62,2.491059998064446,54,1,17.541862050471067,747.2115045940627,33.34657737198655,Medium
86,5,21,2.4465005363691192,25,8,13.315557931816246,627.6286376060787,41.27082789281718,Medium
77,5,55,4.301156200014636,71,10,31.64507506019888,1880.0908666124922,45.42002467781188,Medium
59,4,29,3.019345263154351,29,2,17.348700593229278,920.0254365034616,29.741440010003167,Low
10,3,26,2.819114103661069,22,5,12.050179489874624,574.5642292493051,4.723010769392477,Low
93,6,79,2.442341600562483,17,10,1.8017907165700455,67.93814268493409,38.205399219846086,Medium
41,6,37,6.088714990937338,58,10,34.247200663701236,3121.92038660238,24.824811363270506,Low
44,7,93,1.5270301349398987,76,3,3.041849220594654,110.41912670758589,18.40304819423699,Low
9,7,57,7.873841559532653,29,1,17.22911154543903,1432.7463941219053,4.530372023453707,Low
49,4,30,1.2955590511911454,99,10,31.244519335186357,1258.963767969461,28.78588868454479,Low
78,2,67,2.41952233004453,58,5,13.901185094772377,557.227212869409,37.705754624353474,Medium
94,2,92,9.482545091130566,46,2,5.704041536884781,359.60252891256545,40.81707942680302,Medium
80,6,9,5.370411276794745,93,8,58.25871532941285,6636.241051626015,59.96418335811817,Medium
38,2,48,7.671997247722369,77,9,39.760131502058506,4137.300012483153,24.26530998246934,Low
88,3,28,7.691827027342658,67,3,43.375461584529106,5564.858474100016,58.102243716631364,Medium
16,4,41,4.334367211010081,99,8,48.91612608448897,3588.058983571292,11.095948104110942,Low
24,4,52,6.770747576466677,56,5,31.175932019019307,2610.914273237321,14.08933421073878,Low
83,1,1,7.051187631623239,80,7,54.44236961891179,7715.194344144293,60.31230007021807,High
16,5,46,6.282613395118499,85,4,42.493934160686734,4269.9485154648155,10.479417679425927,Low
68,4,41,5.714205331415561,47,4,29.812046241415608,2280.358028696319,39.36331486649757,Medium
78,7,0,3.0720477226078993,28,6,20.19520293461837,1215.2195594764362,40.651354973401396,Medium
30,2,48,6.375071713932945,23,1,15.022167414456325,1148.6629766671283,14.703990134602138,Low
99,4,20,1.3705959140098045,49,2,19.514186111379892,800.4187174807316,51.19142655015966,Medium
30,2,54,3.886361114659508,66,4,30.795654841632714,1709.1988089434706,17.543217871493887,Low
18,3,34,5.903994291796078,14,5,9.721395834535269,661.0801402699129,8.249910750129809,Low
20,4,77,3.7804666234295397,29,9,5.670082488577326,246.22383281219098,8.680409898629279,Low
15,7,6,6.08584713132191,67,10,46.4234580573749,5784.525772148973,10.178111225163741,Low
80,4,88,1.1050546900743736,79,10,3.2813028641590023,119.11129396897172,33.57502537479632,Medium
30,1,98,5.735870940353809,26,5,0,0,12,Low
66,4,87,7.307095824307619,58,1,15.752053213776517,936.977635348628,32.637813072655504,Medium
58,2,6,3.162537682570604,82,7,48.26472739167327,3357.24116519443,39.996125132302296,Medium
32,5,47,4.323257144493786,49,5,26.36653566432466,1553.8653716369126,17.862374847550335,Low
1,4,84,4.596070679201779,64,9,14.490486203760021,712.7671638151535,0.48694291722256017,Low
89,4,23,1.173395514799438,59,10,18.966891677032365,713.3332035104073,45.728320155535286,Medium
6,4,42,9.832716584806214,86,5,51.35180858356196,7334.117651546463,4.248665109008231,Low
71,4,77,6.3008646832720085,46,9,14.137805708474605,832.6858926946434,34.422705231810184,Medium
14,2,30,8.755794379686067,12,1,9.139667332459025,1040.798452211293,6.367732055926559,Low
64,2,55,1.768252616083251,84,10,20.880042917643056,847.7640094055663,33.61793648037494,Medium
58,6,97,4.641686776203394,91,1,4.126106044772212,165.2358297573788,24.63588490358073,Low
76,3,31,1.4594989028898029,99,2,35.790510253753496,1485.8266214764806,46.7204726757116,Medium
66,7,66,6.670741330262216,92,7,39.61187236612539,3147.2438845594493,42.08630145698566,Medium
52,6,61,5.466267710837362,38,9,17.194489846580012,1103.626147528176,26.164680832132966,Low
48,2,1,2.497446387045782,74,8,40.79938049525215,2418.606213283503,30.950221582632622,Medium
58,5,61,8.810600870751443,40,4,21.1050542435481,1925.6493107081167,30.544558876754742,Medium
22,6,54,6.002134754438612,44,9,24.612905705364945,1737.0485898124946,12.048903553108174,Low
20,4,9,7.745834408629544,96,6,61.29935689810934,9813.273386187655,15.35592282777312,Low
80,4,55,2.168809657487521,20,5,6.477904412598827,248.81318980676073,35.10939411804744,Medium
16,2,93,8.012050915761638,22,8,0,0,6.4,Low
44,3,31,5.6596833183755475,97,1,55.46859556742095,5632.841761577551,32.24370922979913,Medium
15,7,26,6.508778375101279,98,8,55.80875227979001,6999.701821395482,11.022787705181102,Low
28,6,53,3.9743484188912324,11,6,4.21690434472987,200.87579845759268,11.90843992991462,Low
71,3,46,8.667033601911843,47,9,30.603038409704133,3066.0963418002902,41.43689436253396,Medium
96,3,76,3.2291095714838893,84,10,18.95766255765141,824.2629826224065,49.31961363320722,Medium
100,7,14,4.665430403694772,35,7,25.916630884370726,2016.6720041353983,55.54997853062244,Medium
30,5,63,7.66834677370587,19,3,9.809377053305308,739.0109578065712,13.765687869594956,Low
4,4,67,6.100592670118817,39,2,18.526427506940788,1159.2658339108445,2.0446342601665792,Low
62,4,33,7.150374758199628,47,8,31.220976106638908,3175.710875134107,36.41420311166967,Medium
95,1,69,3.250853598550913,36,8,2.876743000845194,108.61906954129275,39.63974351048176,Medium
81,4,70,6.779396280940271,66,9,26.093762776654586,1787.8093634962238,45.08156870945413,Medium
49,1,87,7.282355489168907,15,4,0.13095545101044262,4.753682871679067,19.638500902597073,Low
9,5,81,1.49508237669348,12,8,0.2575442159934635,9.348855040562725,3.613907387663647,Low
86,1,85,2.887719665200942,55,1,7.7595190133265834,296.94966910263696,38.403911810876515,Medium
70,1,85,3.8477934612451987,35,1,6.331820505319911,260.5417046222705,30.659364612234363,Medium
15,3,82,9.763627911249497,54,8,15.714269289285404,1174.9881250611547,7.414284236035686,Low
42,2,80,5.79434312048582,49,9,9.129305333838904,461.8213036684405,19.100584944127405,Low
41,1,32,3.2874477341750428,36,10,12.051885695060278,589.7214411008965,19.36476388098483,Low
49,3,39,8.352575852631375,24,3,16.179743910035214,1634.7243951944372,24.356844709550355,Low
11,2,49,5.778337516872215,82,4,42.34750200040855,3453.0856968834737,7.1949351320269646,Low
13,2,88,4.168682271001612,34,2,5.534877469782136,226.2521195006803,5.631720442643006,Low
13,2,96,7.709183872381674,44,3,1.1811559469522235,66.23148403427626,5.292130163862273,Low
22,4,39,2.8596413119972297,76,7,35.875584904497266,1851.3966678044953,13.53557720739364,Low
20,4,9,6.194098134418331,74,9,51.795058625346755,6154.95194959845,14.215407035041611,Low
42,6,80,8.220698308933478,24,4,7.5363799543559296,536.4927657876692,18.699167748497693,Low
29,4,55,7.190326329670895,61,2,32.385384223651066,2872.7707474495455,17.235056854915285,Low
49,6,9,6.023048919971382,11,4,9.3197023908312,861.3665464719811,22.339992502904373,Low
87,4,14,1.4080603196015886,33,1,15.186021855415408,604.2178442675353,42.727103408526844,Medium
1,4,38,4.147737492768252,61,5,34.79780694125579,2251.796026330284,0.6087868416475348,Low
20,4,8,2.0791122471922954,23,7,12.536659300777679,546.4404516958276,9.504399116093321,Low
19,4,10,7.106496416246725,34,5,28.77080814136375,3197.8519268161517,10.879872128115469,Low
41,1,22,5.893608517406301,36,3,24.463172945256247,2258.2223384932695,22.41794054453304,Low
77,2,14,5.310439261488174,95,6,56.557516444637876,6144.870911450711,56.9295725974227,Medium
3,2,41,4.599283482168357,84,5,41.661861150614165,3228.7173744337238,1.949913500711055,Low
99,1,28,7.526597708584539,27,10,14.853793875934999,1251.2449290258237,48.42315356230539,Medium
22,7,82,4.5742954540074825,38,5,7.762097786943006,349.354452474359,9.824596907876478,Low
62,1,46,2.759025439881698,35,1,16.448480217821306,746.9490046955837,30.918834641029527,Medium
17,4,14,8.41386637400095,29,4,22.824072899437336,3110.640699053543,9.12805543574261,Low
71,7,62,6.507451969810358,61,10,28.87690786524889,2098.89483629829,40.701562750596025,Medium
82,6,47,1.6242436327154652,16,3,5.28038026093895,197.26634999474336,35.39794708838197,Medium
45,1,31,5.034880194595798,74,3,42.61799375933553,3635.391708241955,29.506858315020594,Low
66,7,65,3.1139259917876476,84,4,28.532717029665367,1392.6975298037803,37.698955943747485,Medium
82,4,42,6.07593391427476,40,9,25.024263110286203,1972.9608602915187,45.11193745026082,Medium
32,4,0,4.210976892846913,32,8,24.94328278139832,1865.8400075106315,17.58911029402848,Low
90,6,82,2.2257916267738684,91,3,14.226243070017606,540.7289405189784,43.68217125780951,Medium
100,1,56,3.143234995495989,33,4,10.382120096856331,463.70432247761516,46.2292720581138,Medium
40,5,7,5.383045907345485,98,9,59.707223460196204,7173.424447764675,30.329733630447087,Medium
21,1,99,1.39838655721262,73,9,0,0,8.4,Low
53,7,25,3.5611931807725288,71,4,38.86211056401265,2863.016107474776,33.55815115935603,Medium
67,6,89,6.893761079941421,76,5,14.766884715539396,879.8298978525803,32.73628765564684,Medium
30,1,96,9.96014605007084,22,5,0,0,12,Low
84,6,75,3.5682755798256602,86,7,22.444543906703988,1085.5242320526445,44.91205012897881,Medium
75,3,83,4.051366204090536,56,7,10.762549319030054,467.39107716671214,34.843147193563524,Medium
78,6,91,2.943345722721235,78,10,5.3803639217371915,208.15425309187586,33.71801031537301,Medium
15,6,62,4.598500467602866,12,7,4.981827076108612,257.1693434745488,6.448364436849775,Low
37,1,60,4.212073911184937,91,2,36.09871317643462,2122.7245641848053,22.813914325168486,Low
12,7,92,4.727815497574573,45,4,4.479931649322602,186.45019756030612,5.122555078751228,Low
43,2,88,2.6930120761507057,53,4,4.434760633811595,174.37703662965885,18.34416824352339,Low
77,5,29,8.006360735746586,64,9,40.70282391985748,5254.469261409446,49.604704650974156,Medium
56,3,2,1.6199465031243576,34,9,16.445261942162322,687.972338288832,27.925608012566542,Low
7,1,69,6.940815634376705,72,2,28.145191735900514,2106.719194674956,3.982098052907822,Low
95,6,9,4.6322320740876926,92,2,56.53585185664886,5759.7713012329195,70.22543555828986,High
73,6,96,7.836852038560507,30,7,0.28272103411115246,12.92880709191953,29.32383181294069,Low
81,7,9,9.528827015413935,81,7,54.925347180527226,10510.453520027495,59.09371872973623,Medium
100,6,93,2.624163968674242,84,4,5.755096813687697,212.01614099903125,43.453058088212615,Medium
53,6,86,7.016550831423858,68,6,15.112430688968757,905.3272826864301,26.005752959092067,Low
81,5,95,7.58550078530129,92,10,6.515333092320916,382.1012719522146,35.566451882867966,Medium
88,4,67,4.279370632032878,15,10,2.8299661217641847,129.88933386994606,36.69422211229149,Medium
82,7,51,3.490264725751936,21,3,10.883924429821091,521.8362656355263,38.15489081947198,Medium
86,5,77,9.629183520649736,45,5,16.231962765350456,1409.363741377771,42.775692786920835,Medium
13,3,55,9.11250977552326,62,6,34.17664299547406,3725.645179875433,7.865778153646977,Low
53,4,92,4.895882773231495,10,2,1.0413350688752552,43.55754665949408,21.531144551902333,Low
8,1,91,8.599109573942929,69,3,8.711941987968906,556.0502911535111,3.6181732154225075,Low
53,2,14,3.0002844792122647,97,5,50.81274438789686,3457.114637625425,37.358452715351206,Medium
63,1,26,6.984220758188483,18,5,11.492625696649883,973.0174470789872,29.544212513333658,Low
67,2,95,6.62874128353309,81,10,0.9714630644170792,47.61046122785986,27.190528151895666,Low
24,4,84,7.768283455347318,40,10,8.80351321143151,552.4610219585352,10.867705902446138,Low
73,3,90,7.852622494674825,43,10,4.0414380613159455,230.83328335259674,30.970149870856385,Medium
49,4,82,4.520270055107596,26,1,6.189019091886452,281.18585795312435,21.419571613014618,Low
1,3,16,5.564894087277074,97,9,55.58062704136358,6470.425635110658,0.7334837622481815,Low
43,3,13,8.267884163041177,40,1,30.726716854788336,4376.204255961456,25.12749294853539,Low
45,7,88,9.615574760590249,56,2,12.973016036357526,964.5012274988957,21.502714329816534,Low
25,7,60,4.080484406286179,82,6,34.44531979457572,1888.5498962099016,15.166797969186357,Low
8,4,91,8.329768710466558,81,8,11.732381079576548,748.6438671828025,3.7631542918196743,Low
24,2,47,1.5429208152465819,52,3,16.134230936397238,622.2322023668505,11.923329254841203,Low
2,7,59,1.3367767456824966,26,9,5.243512347612214,196.6679875222812,0.8629221481713466,Low
71,1,13,1.9371900207309396,93,7,38.91397020336588,1953.349368982738,44.977351306633864,Medium
88,1,100,7.082640588400075,20,9,0,0,35.2,Medium
58,1,70,5.863665372649882,39,1,14.98820505203688,921.4148970468905,28.415895358108838,Low
35,6,53,2.677690164519282,69,9,25.735770605582047,1183.3797298861823,19.40451182717223,Low
56,1,60,5.375002922838758,39,2,18.05993790594554,1124.618458994475,28.468139136397703,Low
41,2,66,7.898064992442536,97,4,39.97673366908003,3669.3543010722597,26.23427648259369,Low
42,4,39,8.070379884481632,42,8,27.50020839738407,2921.458834910719,23.730052516140788,Low
47,2,34,9.574022770949306,86,7,53.149417923462636,7780.372112269448,33.78813585441647,Medium
53,6,94,9.986059098877751,100,9,10.0628586638971,747.6700487407799,24.39998905511928,Low
94,4,30,4.1630855762535,37,5,23.02837580878855,1511.5535335007162,50.58800395615674,Medium
51,4,59,2.238169170309999,74,3,23.35959971713661,974.7035620530811,27.548037513443802,Low
97,2,81,4.017439383717568,31,1,8.45221952698381,365.19180122221854,43.71919176470458,Medium
82,4,75,4.297378980613193,32,9,9.094954116266887,410.6089363379503,37.27471742520331,Medium
53,2,55,5.624683244604475,78,4,36.65221391035871,2682.719179895853,32.855404023494074,Medium
79,4,24,6.082076010844487,98,8,57.577289303980756,6636.326618151222,58.89163513008688,Medium
3,5,7,9.72784870070167,94,9,56.61364115660567,12701.654344382356,2.219045540818902,Low
6,1,23,3.334623912329599,87,9,41.30314058889109,2703.2848236296436,3.8869130612000795,Low
38,4,56,1.8887739855708734,74,3,22.03897637051872,877.8422398296412,20.22488661247827,Low
11,5,63,4.466139139920351,21,6,8.819941205657944,441.0370681638157,4.9821161195734245,Low
76,4,39,5.589104370018747,23,2,16.251113936345725,1061.1878926402806,37.81050795497365,Medium
28,2,23,7.26106637563096,17,3,14.663171929058246,1232.3913204539142,13.663412884081787,Low
86,3,94,5.2632723145401314,99,4,8.337109570291855,372.32983614559174,38.7019485382706,Medium
93,4,91,7.323215058749723,16,8,0.08830018414320481,3.2052966843983346,37.24927150275191,Medium
70,5,12,8.308755187753645,22,2,19.467066090836337,2514.1711887831316,36.176167758151266,Medium
3,5,88,8.174398784540251,75,8,14.358961972391224,904.8494257900072,1.4584613155030421,Low
14,1,71,7.134354383031017,74,10,21.54207119530482,1399.339600519707,7.409533980405605,Low
25,7,10,1.340358725928584,66,7,27.87614227985445,1146.4869521466153,14.181421341978169,Low
86,6,0,5.5871193860854795,39,3,30.390036203514068,3149.419228069385,50.08125868101326,Medium
60,1,64,3.2809356502590004,18,9,0,0,24,Low
2,4,100,3.814474156839304,60,1,0,0,0.8,Low
100,3,46,4.263718751739678,79,9,38.30739649988566,2502.7325831169437,62.9844378999314,High
43,2,80,4.783779952351503,15,8,0.18628805926430736,7.835165405884592,17.24806231929019,Low
47,1,3,6.10032954171702,24,5,18.40248171235834,1730.8231559183005,23.989499842885053,Low
41,5,90,9.296878276216196,49,8,7.763938129967891,521.041978311617,18.309928779972104,Low
41,6,16,7.935483129283263,63,9,43.17387815107883,6144.4228763325345,27.020774025165395,Low
17,7,39,7.919224404581546,30,6,20.600343444181217,1994.9667741149544,8.901235031306484,Low
29,1,57,6.677976482272392,92,7,39.936059640134765,3216.568170197233,18.54887437738345,Low
32,3,8,6.697161289337648,57,8,41.05686376558136,4879.10590439648,20.68291784299162,Low
39,2,34,6.582686958025612,23,7,13.930452316045873,1136.9540713841618,18.859725841954734,Low
63,4,65,3.340539965035883,82,8,25.30835512718036,1307.6324478684237,34.766558238074175,Medium
82,3,49,5.587473148726508,39,6,21.128100766760895,1413.0621295156539,43.19502557724636,Medium
38,4,53,7.218336244560393,82,2,43.32801940906214,4103.246055787225,25.07878842526617,Low
42,4,36,7.243563363957965,99,2,55.918894165937104,7043.983247300718,30.89156132981615,Medium
75,4,35,2.785927789442706,78,2,37.31256668215266,2047.3961483802725,46.79065500696869,Medium
75,1,55,1.5487355204405113,36,1,9.745428724025706,372.1153605038938,34.38544292581157,Medium
39,7,95,8.011905072074118,81,9,6.754136533032719,372.40562257119007,17.180467948729657,Low
40,4,3,8.809654605910216,67,6,49.51560753985298,8396.261357725716,27.883745809564715,Low
5,3,18,4.368567727961848,68,3,43.595483051217215,3676.29471703716,3.3078644915365163,Low
54,2,48,7.837357720782279,72,9,39.44683053200402,4017.555995658123,34.3807730923693,Medium
45,6,57,2.883539015442585,59,7,21.33130907266284,997.3600657276817,23.759453449618967,Low
81,2,53,6.852946609209415,23,10,9.879121710431276,660.1909770334779,37.2012531512696,Medium
51,2,3,2.336675698632221,86,8,44.13189329440223,2598.927605987654,33.904359348087084,Medium
76,1,35,1.6232935588500572,16,4,3.1044022400063,115.96356126135001,31.815607421442873,Medium
13,5,73,2.3865510296416987,73,10,15.456825040054941,606.6697027043552,6.405632353124286,Low
79,6,31,2.060558690361547,31,5,14.32223373635869,596.7533744038151,38.38873879103402,Medium
89,3,81,7.2061308891367215,40,8,10.465408552851649,575.3978074544218,41.188528167222785,Medium
24,2,20,8.667749436149755,25,6,19.726695754050198,2217.0426331223675,12.44064418858323,Low
58,3,16,3.3698573588772134,97,8,53.31611480591324,3879.886279713028,41.75400795245781,Medium
100,6,37,6.906209876998038,70,10,40.64451637006062,4316.362300867051,64.38670982203638,High
52,3,52,7.002917790871047,56,9,28.50686751292024,2542.0757660460563,29.694142664031116,Low
37,6,53,6.503237733020109,31,2,18.74235606229416,1330.859496395735,18.960803045829305,Low
67,2,97,2.5554981882950605,91,2,2.194939809805827,80.09059439262965,27.68236580354194,Low
34,1,95,3.6744821456288985,35,3,0,0,13.600000000000001,Low
73,7,3,9.645927991623672,51,9,40.34855077295913,6982.2850620167665,46.872665238556095,Medium
58,7,47,5.397329124026225,43,7,25.258636976474456,1749.3993101556327,31.990005667813115,Medium
21,4,48,5.680786638697015,46,1,26.350697384674177,1934.3315171680968,11.720187870468946,Low
55,3,100,1.8190787030167335,52,3,0,0,22,Low
20,1,19,4.09588721251302,45,5,26.33991819503075,1776.169294902577,11.160790183403691,Low
2,6,11,8.682925044256361,66,1,48.72906481446425,7709.190400770528,1.384748777773571,Low
79,2,13,3.694626690609017,99,6,56.90547721052898,4557.844773044175,58.573196197790736,Medium
9,4,84,3.344687001205739,69,3,13.38712549954913,551.0907253323944,4.322904776975653,Low
76,6,21,3.805211091898798,45,10,29.025507135509056,1835.8312058503766,43.635631253792134,Medium
41,7,54,8.43431500276623,57,3,32.215633948501456,3218.187098703859,24.325045951331358,Low
94,3,63,2.3342438405667694,85,7,23.75223883641685,988.3232108897104,50.996262703739106,Medium
93,2,8,9.30410678426521,21,7,17.22586295914814,2369.9570305829407,46.81203153120467,Medium
85,5,19,6.8782069393726815,66,4,44.90847548763587,5436.430506547377,56.903322498694294,Medium
31,5,24,3.6972987312101715,92,3,49.83081778206144,3759.8009148569304,21.668532107463427,Low
49,1,17,1.248119633504331,52,10,12.834171580560149,499.6126857401848,23.373246444684685,Low
44,2,50,9.050194735423663,93,2,48.36890261692494,6192.711581497834,30.369390290868186,Medium
86,4,79,8.12810550009756,78,7,25.125652505786054,1856.599458184351,47.364836692985605,Medium
64,4,99,9.825255974661678,92,8,0.09182736455463728,5.226302957051314,25.63526170798898,Low
57,4,97,5.09072924800996,56,2,2.002912750286043,91.53891973289916,23.484996160597827,Low
47,4,42,2.0596965628183987,13,1,5.508608666940138,224.12677158551045,20.35342764407712,Low
27,3,68,5.770071152951663,97,7,37.003841232973016,2510.654757518143,16.79462227974163,Low
13,3,65,2.1473606516142514,61,6,14.843869505221736,577.8360744674184,6.3578218214072955,Low
31,6,45,6.127555850747519,89,3,47.16973889235354,4276.927449233406,21.173571433977756,Low
18,5,100,9.066842713779367,53,10,0,0,7.2,Low
34,3,29,9.223141918413544,52,1,36.9704879300228,5101.729806413587,21.14197953772465,Low
59,4,16,2.054917638723851,65,3,34.56481395419305,1663.739952510294,35.835944139784345,Medium
80,7,15,3.579835822946888,91,6,50.77684871670686,4065.6276731630974,56.37288738401929,Medium
14,4,60,4.199307626771301,37,9,16.405694781361465,814.7515715687358,6.978078361634363,Low
38,5,41,7.844107663208595,32,5,21.165688265775106,2066.2806437647073,20.025776924596727,Low
89,6,51,5.362253332557459,52,2,28.863408770328068,2001.2431916205135,51.01306028335519,Medium
8,3,80,7.755096445217142,70,9,19.490894254970392,1389.8799231683668,4.135562924238579,Low
99,3,88,4.643204882203911,24,8,1.1098017570876242,42.801462855116405,40.25922224371005,Medium
70,5,2,5.3551711764559276,22,10,17.986144906325652,1517.675212213075,35.55418086065677,Medium
78,6,29,4.402637687421073,84,9,45.83369687040179,3760.2328696003246,52.650170135348034,Medium
77,6,73,2.1369228585644993,45,8,9.377412141281447,364.6184692382621,35.13236440927203,Medium
60,7,72,9.457626720901555,24,9,9.40583612946684,760.717723066122,27.38610100660806,Low
69,7,7,9.008643513626632,42,2,34.55747729052807,5083.090592184967,41.90679559827862,Medium
90,6,69,5.3333231925583915,53,7,22.33566284921112,1275.6912995554724,48.061257938574,Medium
59,2,53,6.8772448381376705,84,8,41.57104325948326,3671.39605843557,38.316149313857075,Medium
27,6,92,1.7309096600203229,62,9,2.1684827860119036,78.71592513223209,11.15129421133393,Low
13,3,17,6.395985016991336,89,9,53.35271212695914,6781.0182199103265,9.361511545902813,Low
52,6,84,1.2609739566314966,74,2,6.192045406850508,225.37432741158446,22.73191816693736,Low
19,4,76,4.060639123016026,46,5,13.263496063729185,599.2726391692456,9.112038551265128,Low
66,7,77,8.121347350092893,86,5,29.275493013192342,2383.125608233392,37.99309523322417,Medium
8,3,13,5.334753974840624,55,9,38.824910199936056,3693.605898795424,5.063595689596931,Low
93,1,38,3.9988073469827876,79,2,43.132018872936854,2760.5392959138135,61.26766653109877,High
32,4,60,2.0218071067020604,13,7,3.065439088134109,115.92561329639972,13.388564304921749,Low
59,1,33,8.811277382277412,57,3,38.3024718295063,4539.186331794892,37.15907502764523,Medium
90,1,15,6.197289281811743,82,5,52.16827615928634,5863.231433101869,64.17086912601462,High
72,7,50,6.3216262036128805,10,6,6.272385901828321,444.5673533195293,31.509670709589834,Medium
78,6,91,2.3300758100940815,80,1,6.1715493540562,232.16943465306178,34.088285097698304,Medium
10,6,28,9.185060943270177,55,3,37.8081706610671,5190.612438453978,6.268490239664026,Low
93,2,33,8.72431756183774,22,2,16.355535248588893,1826.8733307375812,46.3263886687126,Medium
14,2,54,6.775739339164807,27,9,13.082820154970925,954.0578665034739,6.6989568930175585,Low
70,7,36,9.304231469572654,22,4,16.504978778206738,1886.3411282339757,34.93209108684683,Medium
49,6,58,1.2613699092242898,78,1,15.863153699221517,588.9029100742409,24.263767187571126,Low
64,4,53,6.288048090628469,100,9,48.22696055010915,4155.291422142456,44.119152851241914,Medium
65,1,60,2.6681707465318016,28,8,3.0969575532564986,119.13996472056125,27.207813445770036,Low
14,5,42,2.774017293025971,77,10,33.40786314297403,1674.2331057255742,8.406260504009818,Low
10,2,2,3.0392000026873163,70,7,43.50655495496355,2880.3791221134097,6.610393297297813,Low
74,5,43,8.723498715480378,98,6,52.28679427339176,7303.9770508696665,52.81533665738594,Medium
73,3,98,7.690519887310918,40,7,0,0,29.200000000000003,Low
2,5,41,5.368690143209011,72,10,39.13984230145555,3188.6469700438156,1.2696781076174668,Low
28,1,27,1.1389051062121447,92,1,27.81351399045752,1087.5718670517433,15.872670350396865,Low
56,4,12,6.413248705231955,97,9,62.22813897418317,7880.603880907487,43.308654695325544,Medium
52,7,2,8.501449439627564,13,1,11.267676450752443,1679.5163036592567,24.315515052634762,Low
4,5,63,4.888094940113682,70,7,28.023075418750803,1723.7037510367052,2.2725538100500193,Low
40,3,56,5.358250841867909,80,8,35.71250647154838,2414.0375326830895,24.571001553171612,Low
84,5,57,4.179442226383257,68,10,28.07459148206006,1684.8729630916205,47.74959410695827,Medium
68,1,77,3.1722057598233953,39,8,0.8088771830209215,30.110752750105984,27.53002189067254,Low
8,5,29,8.907898407965549,84,8,51.57057541105739,7690.031770055124,5.6753876197307545,Low
24,6,79,8.74602095987165,85,6,26.634511668218426,2248.2242510553165,13.435369680223454,Low
1,6,6,7.0949806393163835,52,3,36.83159143277753,5153.007074649279,0.6209895485966652,Low
45,5,0,9.238560083665657,59,2,46.76835307588872,7930.426249547441,30.627455330489955,Medium
43,7,13,1.761096792400871,91,6,43.080502725804834,2075.463057438047,28.314769703257646,Low
94,4,63,2.0267682204516433,15,1,4.082319064692455,156.6632689824303,39.90242795248655,Medium
29,3,83,9.424427970386235,73,10,17.145719892713572,1455.4730408165844,14.583355261332162,Low
41,6,46,7.871148269813794,13,7,8.456507377450196,707.3495016174205,18.48030081485275,Low
99,7,20,6.8388545401413126,91,8,53.11983798746408,7291.0801771068345,71.15318376455366,High
6,3,70,1.2735636544767468,35,9,3.6571499963895207,132.90804410162553,2.531657399870023,Low
46,6,58,2.7372519986687145,52,7,19.24197594470092,878.6633065134814,23.710785360737454,Low
86,6,75,4.307697380043495,44,1,15.113380438040311,713.7846737332601,42.198504306028795,Medium
95,7,70,7.561921987509102,83,9,32.81511962537409,2708.878968510648,56.704618186463236,Medium
87,3,15,7.233974359454732,18,8,14.334672260368846,1435.3702305660777,42.28269891991254,Medium
33,4,61,1.2705463544066156,23,5,3.74473697250456,136.04519001388215,13.941457920555903,Low
26,3,54,3.4909387716548013,91,2,39.62392582778608,2174.2903809454356,16.58133242913463,Low
91,4,7,7.619833911638891,99,10,59.91154947626978,10177.586505020534,69.1117060140433,High
26,6,0,2.123941495838576,74,5,39.56441332775074,2256.0740721943193,16.572048479129116,Low
3,4,14,7.188499137306085,18,3,15.410654913422361,1596.9095894523916,1.4773917884416026,Low
19,6,83,6.119084098394458,12,8,1.4714492137492747,67.19758142792918,7.767745210367418,Low
87,3,94,1.82238715550699,84,5,3.1280260748741897,113.54734651793314,36.43282961108433,Medium
37,1,77,9.590466483999865,61,4,20.663639577158634,1753.4993289143529,19.38732798612922,Low
85,3,13,5.803075776142561,71,1,47.73374781047534,5237.989444446305,58.344211383342426,Medium
9,3,54,3.290363295135741,26,2,10.231404025381329,483.49342229570715,4.152495817370592,Low
37,2,48,1.993045849206295,26,3,9.205056078246063,356.4238279504842,16.843522449370628,Low
53,4,17,5.843983360095171,42,3,30.76090912682439,2926.0194896531802,30.981969102330158,Medium
10,6,93,2.2851637800804285,86,6,4.549809416765448,169.0978124978603,4.272988565005927,Low
5,1,76,3.3348968694085386,67,5,13.60929900411865,589.1442627831783,2.4082789701235594,Low
13,4,78,4.063163007522878,56,6,13.829524349319115,608.6723654615878,6.278702899246891,Low
51,1,60,5.970204813583466,14,7,0.28606584350994674,12.877003610037814,20.487536148114046,Low
46,3,70,6.410355324136992,61,4,23.83177079108139,1563.885777040177,24.977568738338466,Low
55,6,34,8.393280940411447,51,1,33.60607004657758,4251.296193627311,33.0900031153706,Medium
54,2,29,9.40112161431557,46,7,31.467914431258954,4222.429075624759,31.795604275727904,Medium
53,1,15,4.658957409989263,98,4,57.6842109169351,5565.798049516834,39.54357907158536,Medium
98,4,8,3.3039166111715876,64,1,41.27430197636013,2945.8551993049578,63.46928956209976,High
1,4,13,1.0166137306568703,14,7,4.075626288169712,148.9123643594564,0.4244537577290183,Low
12,1,1,8.900833351260108,63,5,47.13326660225041,7717.247068657849,8.193595195362029,Low
13,5,8,5.6205883336969915,10,1,8.175973023057374,733.627138244545,5.837725895798475,Low
4,1,25,2.571027330931854,64,1,34.255929190914,1776.7924103014159,2.4221423005819362,Low
14,5,1,9.60804677644245,27,7,22.789734871494392,3699.6936927866773,7.514337729205529,Low
23,2,30,1.810647042127532,56,4,22.242466990630607,945.23205255732,12.269460444707025,Low
11,3,94,2.0444712101209634,44,9,0,0,4.4,Low
27,2,28,7.669222974170309,11,2,9.06204373879332,842.7334145778162,12.268051085684519,Low
14,2,26,3.7762179122573474,24,8,12.93394833705758,694.9266403748854,6.686451660312837,Low
0,6,55,2.239761005164931,29,7,9.571789100476638,385.31480871845264,0,Low
59,6,10,2.835171188985872,61,5,35.39581411603993,2223.1463658051107,36.13011819707813,Medium
97,6,82,3.503669921424203,34,3,7.385838212504935,289.8686698986622,43.09855783967787,Medium
14,3,32,3.7024509202067653,28,5,17.132455683419117,939.5677519696768,7.039126277407206,Low
57,3,73,3.6628674346535406,21,3,5.80160652256185,241.93561499744442,24.784149430716152,Low
76,7,41,3.071962462739525,97,7,44.585563361924514,2572.223308072472,50.73101689303758,Medium
55,1,17,3.8190101813926316,18,10,4.89597900141419,217.04821501489974,23.615673070466684,Low
87,1,16,8.59243903837746,29,5,22.224292549782987,2641.6122736364587,46.40108071098672,Medium
11,3,13,7.773386471812264,74,4,50.15896936964345,7341.493578743038,7.710491978396468,Low
34,6,94,8.214656461547172,15,5,1.0693645826297722,65.74241550143442,13.818150374856476,Low
49,2,1,7.101542888146773,68,8,48.617103045529525,6580.464425981256,33.89342829538568,Medium
58,4,99,9.964476605630104,95,7,0.09182736455463728,5.1144917204018565,23.231955922865016,Low
99,1,10,6.0625004780689205,53,2,39.59324215362019,4092.5392405761118,63.118385839250394,High
32,3,71,3.6041860232708025,19,10,2.4592722652519776,102.26342004040004,13.272180274928381,Low
86,7,18,7.929152424934829,65,7,44.76982099687121,6014.259012530896,57.50122763438554,Medium
0,1,44,2.447504192176959,52,1,23.8745464532393,1095.5035631027613,0,Low
83,2,92,8.89568773602834,73,10,5.037431004132524,284.9986866582289,35.708640640058,Medium
45,2,76,5.480496151254659,57,5,15.286897396905504,836.7148083085111,22.127462297164485,Low
70,7,68,9.932126097604042,92,10,40.54476245498389,4508.523398941241,45.02880023109323,Medium
86,6,71,3.781452180236969,18,7,6.004381151318269,277.5821781481012,37.49826067408023,Medium
88,4,61,4.031620244125975,42,6,17.686788350481095,911.9245936289692,44.538624249054024,Medium
57,5,48,4.460309517214181,53,6,27.034213499866905,1697.096345293191,32.04570101695448,Medium
31,6,72,2.039808800626397,25,10,4.2433924963398475,157.0468475450047,13.189271004319211,Low
10,7,40,7.984895800833243,39,1,25.073968690753752,2682.105945115471,5.504438121445225,Low
57,4,44,8.440330617100965,21,2,13.725120487689818,1314.0900836657827,27.493991206789918,Low
77,6,18,1.2084183854074118,80,1,29.435037149020914,1209.3180854176421,44.39898716284766,Medium
13,4,50,7.15378888106126,15,2,9.052704502703339,774.7810424658098,5.90611095121086,Low
41,7,100,4.4124990039058005,59,6,0,0,16.400000000000002,Low
36,4,94,8.267892279143805,41,2,4.726553659806221,286.1803164379479,15.420935590518145,Low
33,3,10,2.5980975399230575,92,1,48.95136610550048,3102.0475429480616,22.8923704888891,Low
64,4,26,3.839722103080546,27,3,18.866513796078028,1065.4176582938585,32.844741297693965,Medium
50,1,62,9.982819768778564,54,3,25.974664951664074,2755.0025022968616,27.792399485499224,Low
60,3,27,6.768578967116545,88,1,54.340060688943794,6654.745552660245,43.56242184801977,Medium
9,2,0,4.402087410925672,31,4,22.69874700739947,1824.50393182039,4.825732338399571,Low
79,6,46,9.090138367934701,41,10,25.825781809846646,2725.765142901334,43.84142057786731,Medium
73,3,100,9.245756716135238,80,4,0,0,29.200000000000003,Low
48,7,29,4.457904318948291,68,8,40.826450329264716,3171.8401537259915,30.95801769482824,Medium
57,2,96,4.532452493134379,11,4,0,0,22.8,Low
2,7,80,8.196290455969123,51,7,17.112869712146576,1185.7153693809369,1.005354436545759,Low
76,6,63,2.085312717911108,14,9,2.8849644837716553,107.29841410050659,31.715543804599875,Medium
91,1,86,6.057807204026942,87,2,17.159777103921463,924.0085186135976,45.769238298741115,Medium
70,3,71,3.680073163450669,76,1,23.700857571345868,1104.5735902017075,37.95436017996526,Medium
77,2,40,6.080684716416842,77,2,44.94935583264879,4160.968538669036,51.56660239468374,Medium
65,7,25,3.98649842799375,83,2,47.130556561806806,3732.0286875851657,44.380917059104654,Medium
10,3,88,7.889913923838454,68,3,13.935307236070242,937.1550139542445,4.836118434164215,Low
6,2,79,7.611768994701647,16,5,3.4030110723265197,191.52888348316628,2.522508398603755,Low
87,7,0,7.2206653468833855,59,7,44.572684602715725,6226.589746520915,58.06694136261761,Medium
33,2,62,6.171814602219889,86,1,37.95605903219811,2795.5822946847134,20.71529968837523,Low
38,6,25,9.01166890657353,37,5,27.32530965601158,3592.490910306595,21.43017060157064,Low
38,7,18,5.34787324303956,22,1,17.478513759214344,1442.8550290581288,19.185101137100872,Low
91,1,22,4.38412873914789,86,1,51.725053661919475,4306.281123590763,64.64187929940803,High
49,1,27,4.980053810158347,40,6,22.549065305952617,1673.3635336108202,26.22942519995007,Low
2,6,82,1.7300766499101472,18,6,1.714588366203616,62.23955769319126,0.8205750603944434,Low
54,1,77,3.6186707859478897,74,7,10.932194955205691,470.3583265547409,25.142031165486646,Low
67,4,69,3.6410966234061086,24,6,7.386639863638912,328.6928334549382,29.769429225182844,Low
18,7,93,1.5998861752689313,32,3,1.0982878780633543,39.867849973699755,7.318615090830843,Low
63,1,95,7.047834861593901,42,3,0.3082293093023709,11.188723927676065,25.3165106789163,Low
88,6,82,4.4748712000311475,74,5,18.63153623427109,920.8420246434082,45.037451131695136,Medium
28,1,52,5.024449794411483,32,3,15.126828195684483,964.0748000525044,13.741307136874994,Low
12,1,93,1.5930258569456495,41,3,0.05359033116838064,1.9453290214122174,4.803858503844124,Low
58,3,28,1.4382305121626207,74,1,27.534134410014197,1126.2999006184539,32.78187877468494,Medium
76,2,25,9.634647123655112,10,4,7.59776473469795,819.4742708564979,33.86458071902227,Medium
83,4,44,8.351435829037245,33,8,21.486095668026078,2113.8174911162837,43.90007564267699,Medium
13,1,11,2.6878056945190862,37,4,21.793034517625458,1080.0862615075403,6.899856692374786,Low
52,7,100,6.773703502495582,46,1,0,0,20.8,Low
88,6,55,5.4108059178031915,34,10,17.261244945147272,1135.2400986190162,44.313937331037764,Medium
73,4,14,5.795912387348436,25,2,19.37001990962012,1871.783452426755,37.68406872041361,Medium
81,5,42,3.320954241879584,61,3,31.571445950133278,1679.0994509599661,47.74372273176478,Medium
18,6,10,5.432778211183507,85,7,55.29003007519411,6176.33954043185,13.171323248120963,Low
88,5,84,7.045797914553914,35,1,9.022907125516772,522.566404995843,39.96409496227286,Medium
92,7,21,9.129065668786197,91,7,54.831633082076856,9401.05297260455,67.06706146130642,High
14,5,20,2.3389246257076497,22,7,11.682486091275258,548.0728746738225,6.581328831667122,Low
57,5,93,9.957722683940142,96,2,11.938212167622714,962.133688037085,26.88286856132697,Low
43,6,25,7.150727452692799,83,9,53.835297014287185,6561.617162367726,31.089506629686092,Medium
39,1,83,4.240119438419044,65,4,10.171092536128175,442.3256430139248,17.980035653453996,Low
40,1,8,9.405221145998798,97,8,57.93276755346909,11497.815870048373,29.90386421283258,Low
33,5,73,6.627652898102536,50,10,17.822609025919974,1224.6091419431673,16.728876587132156,Low
77,3,7,6.34009252759957,60,9,43.472941738396806,5060.0048037567885,50.88449908313932,Medium
28,1,66,5.9732255076313345,46,4,17.225473628969638,1001.8715040687605,14.0938795696669,Low
3,7,47,3.29104128188551,30,5,14.909254562924119,735.5704615665873,1.4683665821326344,Low
23,3,95,2.374378248047432,98,1,3.8040081104064267,138.94571097472584,9.724953119236087,Low
100,5,12,4.8588110752469085,88,3,54.970053945030095,5531.530996885131,72.98203236701806,High
37,7,35,7.2609536176406415,52,4,32.817591086824976,3496.7775252921765,22.085505221275145,Low
8,6,17,1.3871215374451753,35,5,14.662505581971086,565.2822678413058,3.903800267934612,Low
59,3,91,6.699503641158454,100,8,11.787115472768646,618.2313022553003,27.7726388773601,Low
10,7,69,7.549312001859567,21,7,9.122937283382084,650.9982590969963,4.547376237002925,Low
12,5,95,8.15200098250616,99,7,8.388174104151908,462.92994392491414,5.403948535498938,Low
16,3,96,7.363832147335134,99,1,8.296677851297803,458.470932312531,7.1964810737245895,Low
31,3,44,9.507116029685735,55,9,34.74883965634728,4188.330759067585,18.863284176080594,Low
68,2,4,8.014464449994485,16,7,14.280937721622617,1523.6081527312765,33.02662259042203,Medium
50,3,3,1.2704286651146437,21,9,7.627457299643207,286.3051696015554,22.28823718989296,Low
63,7,37,4.914255031508108,63,1,37.131128475224386,2823.0923023840833,39.23556656363482,Medium
11,3,66,7.644892476378601,12,4,4.813436404793667,317.2233086136482,4.717686802716383,Low
43,1,97,3.32543958450897,77,7,0,0,17.2,Low
97,5,46,2.438293350773234,23,1,10.500831500715286,448.2890529695188,44.9114839334163,Medium
37,3,13,6.706470147785259,68,8,44.55075636114439,5662.592958737661,24.690267912174054,Low
93,5,21,3.4895905257208697,29,3,18.10304204183568,1115.3451545782666,47.30149745934431,Medium
15,2,47,3.090896701622061,73,8,30.168372733183453,1524.7032841062783,8.71515354598651,Low
65,6,73,6.772083717477411,19,2,8.645418573976798,532.1963072108692,29.37171324385095,Low
96,2,58,5.2150447307281675,99,6,40.232606477907645,2929.2332778117284,61.57398133127481,High
83,6,11,7.131418621479888,60,2,41.843153755829796,5682.044304603207,54.03789057040324,Medium
81,5,61,6.824146445259016,86,4,39.557551877736586,3351.4445868153284,51.62497021257998,Medium
2,7,30,2.932888982001737,46,8,25.438042877832682,1365.855448807697,1.105256514533992,Low
6,5,39,1.6085940677010722,68,10,23.661458305853255,946.6029902119247,3.2518124990107173,Low
99,6,63,7.960162228298719,80,1,37.92529382815595,3526.4740516745464,62.12762453392464,High
77,1,39,8.448199469290891,45,9,26.32664263381837,2416.6297581147755,42.96290889682409,Medium
51,7,73,6.872004213237115,33,3,13.489819044224287,910.6991342127819,24.527884627532636,Low
41,7,81,8.146845621298365,82,3,25.35483369825323,1974.988253297018,22.637289089770295,Low
29,1,43,4.531278133912554,53,5,26.914313246551945,1685.5680469477572,16.283090504900038,Low
55,5,39,3.100700268860096,45,6,22.818767236509967,1133.9869471902275,29.53019318804829,Low
58,6,43,1.372780082324828,10,10,1.6490552561061624,59.91493177657958,23.773871229124946,Low
20,6,97,5.697279675205509,64,7,1.6029950262621666,78.49360606754803,8.19235940315146,Low
76,5,60,9.425125497743473,13,1,7.546231949126306,699.4873872295168,33.8410817688016,Medium
29,4,53,2.9431254079293065,97,8,37.499289818853,1855.4531076097892,18.124876428480423,Low
86,6,2,2.4049201869916352,51,5,31.64856929732362,1750.0498863486057,50.730661757418986,Medium
51,7,43,8.122619506004543,14,10,9.519780208639315,898.2316440332033,23.31305274384363,Low
45,4,49,3.2495100288332983,72,2,33.01772464748979,1686.1150366302086,26.914785654822246,Low
21,5,49,4.789737001949912,99,1,48.00915814657787,3602.7379494895345,14.44915392646881,Low
40,5,30,2.6561808138628678,36,4,19.25386076387761,939.196392258598,20.620926583330625,Low
3,2,23,6.205972167316021,90,7,49.66154165016707,6052.823312140367,2.0939077497030074,Low
82,1,56,1.8067525526333161,67,8,12.012772096022855,461.77597713178415,38.71028387124325,Medium
18,5,23,6.742629142553727,74,4,48.47408882300319,5741.8045018294,12.435201592884344,Low
85,2,59,9.28655887015854,59,5,34.125744050719604,3143.3514279858723,51.404129465867,Medium
25,4,52,3.6889928367308507,49,4,23.283168409860973,1196.3772128099845,13.492475261479147,Low
23,4,77,8.598004325963146,89,8,29.377137996276378,2297.7513609613316,13.25404504348614,Low
78,2,66,4.611322852861626,34,3,12.34104727346056,648.5214505087466,36.97561012397954,Medium
20,1,17,5.687686002379361,75,8,42.05055240789257,4489.610149831504,13.046066288947108,Low
83,4,78,3.0197028191946567,98,4,21.200899939822065,896.0152879631764,43.758048170031394,Medium
64,2,83,2.1700902121408943,29,6,1.734842188843734,62.974771455027536,26.266179400515995,Low
4,7,23,4.186280147800029,50,2,33.39387698880471,2349.588896968982,2.401453047731313,Low
89,1,12,4.09198616102001,88,3,54.85566362550335,4527.211865520614,64.89292437601878,High
47,4,80,7.056011985196713,51,7,15.096831061911498,1009.9803993104518,23.05730635945904,Low
89,4,59,3.452783086239169,89,10,30.70790169359948,1686.8627465634247,51.99801950438213,Medium
22,5,78,1.4035439781031427,68,10,7.35625964519917,269.3276664439174,9.77102627316629,Low
66,5,52,9.291984790803292,46,5,27.912108836782327,2968.2680434268646,37.45319509936581,Medium
51,3,97,4.740909350440806,81,2,2.9895603539453095,122.17957898287567,21.314805468307267,Low
43,7,26,1.5280204071849406,68,5,26.426452038106973,1124.887739577564,24.0180246258316,Low
34,6,67,1.8422906885339954,82,5,18.50573334649226,726.822697212867,17.375169602684423,Low
23,6,78,5.558605912997113,68,2,22.39269649982944,1258.527262295974,12.290192116976463,Low
92,2,38,9.908172948455093,96,5,55.907841763493614,8551.278949372228,67.66112865344847,High
1,2,48,2.246066925300064,44,4,16.683324345351895,711.1139427120248,0.5000999460721114,Low
84,7,75,9.283550383756689,93,5,32.749275791960216,3038.884082267965,50.10563499914795,Medium
8,3,5,5.521709156746826,47,7,32.888501762283354,3532.9356225064935,4.7786480845896016,Low
86,5,30,1.2429019407009956,55,10,17.08271352902636,651.2257620190187,43.2146801809776,Medium
21,3,48,1.2680165142023836,65,5,14.965399051863534,556.8133220153935,10.285640280534805,Low
6,1,4,3.5097313930481855,80,7,44.53559865966873,3465.4452994806134,4.003281551748074,Low
14,2,46,1.9914188781696027,36,3,12.03978246648242,482.867838298381,6.611341727184524,Low
66,6,11,5.97196906257494,37,8,28.614355480389357,2708.9214180324416,37.73128477023419,Medium
15,5,41,2.881785507580145,40,3,19.570488303215114,1008.4934136674718,7.76134394728936,Low
38,1,26,3.310451259092251,33,3,18.58361825543128,965.446484320029,19.43706496223833,Low
44,2,81,5.951978996001681,79,7,19.82421874494981,1100.5589778592453,22.83359374866675,Low
85,4,15,4.5382338633080055,11,4,8.428492483652597,545.2373345274203,38.298531166662826,Medium
50,2,24,5.649072605103448,66,5,42.453949254464185,4105.805308047425,32.73618477633926,Medium
70,6,13,5.070689334503028,19,3,14.814216479166292,1144.522398578187,34.22197092124984,Medium
97,7,94,4.252034158129668,57,8,3.7612830839809233,154.05160836153556,40.9890667548769,Medium
81,3,82,9.815281769652946,54,3,15.887122207924971,1225.0075326545495,40.12114139305153,Medium
70,6,14,9.57890282829004,12,5,11.0522978150976,1420.456324074888,32.64196508234099,Medium
55,2,76,1.7729435652514827,80,5,11.460294444806891,436.86042395535554,25.781897166786273,Low
61,1,99,1.217466629839718,63,10,0,0,24.400000000000002,Low
14,7,72,4.424713841540299,68,3,23.996896093352458,1295.7050327899503,7.615739271841607,Low
61,7,91,9.269449163745046,26,8,4.283613319260317,311.9728645406519,25.96780247484928,Low
58,5,55,4.105001799538218,62,9,27.67051155047174,1516.8568759854547,32.82933801956417,Medium
53,2,2,1.4179437425424701,76,5,34.05918616556235,1502.6052100489899,32.03082120064883,Medium
83,6,38,8.79258766508607,37,8,27.487189295385274,3077.9139515397883,46.88862026910187,Medium
22,4,23,8.283308856841899,89,2,53.78981567747697,8515.161307858823,15.900255669426961,Low
32,5,45,3.515818440016602,55,4,28.4086370090175,1452.938294562517,18.25445830573136,Low
37,5,17,9.250796741051367,48,3,35.59165322115959,5471.574739101143,22.70134701509743,Low
68,2,91,1.270740056358346,79,5,2.1213761307449666,77.0059535460423,28.06552146134395,Low
13,3,15,3.1077947962953805,91,1,49.81970123614869,3644.654868598932,9.085936696419598,Low
42,1,42,7.886540065860957,29,1,20.19741163680818,2000.7237236953433,21.889747732475662,Low
51,2,19,7.2798679072433785,52,7,36.73933149488471,4279.5016409320315,31.64223543743472,Medium
35,6,82,2.8520005395921375,63,6,10.899719190812089,424.271702102423,16.28894103007054,Low
86,6,99,8.43561659076763,91,4,1.230588835794829,71.13612016514612,35.03498383927013,Medium
42,6,48,4.738164216525143,70,6,35.43285453148108,2430.8233568040764,25.72907934193323,Low
42,3,2,7.222135990604292,59,2,47.01607460403483,6270.9642581523,28.64805080021678,Low
76,7,25,2.661614367387438,13,2,7.625565925068934,371.9730368673562,33.877258061831434,Medium
10,2,8,4.936566625444927,36,5,28.590893879645385,2271.130297282626,5.715453632778723,Low
18,4,49,2.04014504813402,94,1,33.68351946242478,1471.974967111616,10.837820101941876,Low
48,3,53,4.948136297858705,83,10,37.965706051786405,2672.3206761561637,30.134123342914485,Medium
80,6,70,5.4880376547197605,46,8,16.694904725018006,968.5535628651032,40.01355426800864,Medium
69,1,69,1.7251646142529762,21,7,0,0,27.6,Low
47,4,6,9.736649864877798,79,5,54.77928481933167,10686.284842928988,34.247758319051535,Medium
4,7,61,8.12301073590605,10,9,5.730473929654963,411.4842396029472,1.7375313743117191,Low
97,3,58,6.87381193584955,92,6,42.114728183131945,3712.5916445551616,63.31077180258279,High
43,1,49,3.2782184830749026,86,4,35.94171507450155,1912.3990655992932,26.472962489221402,Low
62,7,98,9.46026654629467,53,8,1.5641087345907572,88.3745827385421,25.381848449267764,Low
46,3,55,7.202092201320797,56,1,31.46930784999773,2680.0056785493093,27.085528966599377,Low
20,5,63,8.599863082572217,23,4,14.096352049431287,1066.5670172248151,9.691562245931754,Low
80,5,1,6.996956579642024,41,9,31.62119272431807,4080.6675818789677,47.17817250767268,Medium
90,4,86,3.304854037128557,71,9,9.739030608066123,388.9843631740247,41.259076528355706,Medium
46,7,19,3.3465892048613415,79,3,45.60271779169687,3105.5721579139395,30.98635011050834,Medium
80,4,64,1.8217114246276704,88,5,21.881636365885836,848.4890667469858,42.5031854556252,Medium
60,1,69,1.16575870882853,18,8,0,0,24,Low
34,6,73,4.057322636836707,78,1,24.845602856967563,1208.2521155854456,18.668502982821384,Low
62,5,9,2.25409875813086,85,10,45.806799436795906,2452.451174630103,41.84012939048807,Medium
51,2,71,1.9240891755432419,11,10,0,0,20.400000000000002,Low
92,5,23,9.586759622975613,59,5,40.469878157931404,6392.370602365676,59.139372743178136,Medium
88,6,33,3.2333302447155634,94,2,48.4480096157208,3087.7319434808005,60.78054907710059,High
1,7,23,5.393421976644184,72,4,45.760056016078096,4312.85382594533,0.6745603360964686,Low
3,3,75,2.552459740098703,18,6,1.9605858461351802,74.23968674354143,1.2352905452304335,Low
30,6,70,8.210412781318114,40,1,19.778128663805695,1493.6423786139508,15.560063159485026,Low
43,6,46,9.630863247592089,81,1,48.485952247021395,6155.354126185022,29.70937567973152,Low
99,3,30,5.646881472100927,88,10,48.496415834469886,4947.16386403386,68.40687100567511,High
98,6,46,5.98803274596289,55,2,30.96075231897924,2684.2813848741084,57.40492236355979,Medium
68,1,70,8.457278920808793,37,10,8.448507221662474,569.2747473734958,30.646990946438294,Medium
87,7,97,6.215938408210494,95,8,3.984776556534098,176.97878392830137,36.8800533625108,Medium
4,1,26,1.5820602055899813,28,4,9.073400729751794,351.59481759312837,1.8177616175140432,Low
26,5,46,8.34305742684472,30,2,21.32098272127962,2067.1060470886073,13.726073304519621,Low
5,5,76,7.670526286951457,42,7,15.390783155042186,999.8066622353446,2.461723494651266,Low
49,1,40,3.5737701841594105,30,1,17.446103999833138,892.0808307129289,24.729154575950943,Low
49,6,12,2.3258146640738246,56,6,31.525631187187805,1630.6372548175987,28.868535569033213,Low
87,7,38,8.575984300572419,55,8,36.520869884836,4272.54613759386,53.863894079884396,Medium
19,7,35,6.687319286160546,61,9,40.0608954222786,3854.9410649593387,12.166942078139762,Low
71,3,28,6.182733883196204,53,4,36.82900326457015,3521.8279281234463,44.089155390706885,Medium
11,6,66,8.308329259232963,56,8,24.737103314915373,2118.3565972325837,6.0326488187844145,Low
53,6,47,6.945076016831966,37,8,22.44330214153207,1924.7876886593922,28.336970081007202,Low
63,7,64,5.806456553175284,43,2,21.120345247991448,1404.5471003244763,33.18349050374077,Medium
38,1,95,1.2993977488788055,56,10,0,0,15.200000000000001,Low
0,3,6,8.894292869245824,82,4,51.51421687334607,10217.100177321614,0,Low
98,1,1,2.831162709162393,76,1,45.787702385626154,3165.3490877159225,66.12316900274818,High
9,3,44,9.563174256353657,20,7,13.13070662808893,1325.2704732814866,4.309058157916803,Low
82,4,24,6.5256643706409125,55,1,38.628907778146264,4037.696128957781,51.805422626847964,Medium
70,1,79,6.23917641917336,68,9,11.36388652387998,647.7016760336114,32.772832340029595,Medium
29,2,35,9.517883487992306,98,5,59.77526444292135,8981.662027089198,22.000896013068314,Low
83,1,95,4.988547099838609,26,3,0,0,33.2,Medium
63,2,18,3.0848437970950835,56,2,31.68965418134748,2066.329046709427,37.17868928054935,Medium
76,1,61,2.0048432356177557,70,3,16.802314162742356,656.5803788621888,38.061855258210514,Medium
33,2,57,5.341307987100514,79,5,37.62598683682599,2445.070812664917,20.649945393691546,Low
69,7,57,4.4720548243396205,30,4,14.73394253278873,811.1870536901866,33.699852208574534,Medium
90,7,71,7.163883449540213,44,6,19.32400662534998,1346.9417923436943,46.43496357768899,Medium
76,5,76,6.575370283501443,70,5,24.98825956595934,1663.6521513386574,41.79464636207746,Medium
57,2,31,5.829576865626642,12,10,5.051455331376368,268.29929263140457,24.527597723330718,Low
17,1,94,2.704932323750841,19,1,0.13571552565037906,4.926473581108759,6.81384298361634,Low
94,6,27,5.574645136237266,81,2,48.877535738948495,4967.063059231753,65.16693015676695,High
65,2,64,5.575929003522691,42,6,17.788737505394742,1008.4693577056521,32.93760762710395,Medium
14,2,41,5.380445898554001,46,2,28.051557215783173,2101.646666032282,7.956330806125788,Low
78,2,78,5.085440611897722,48,1,14.068936657862661,702.61297642458,37.784262355879726,Medium
58,3,73,9.74848615801152,46,9,18.204462780236966,1481.544759540925,29.535153047522467,Low
16,7,95,8.131559244680567,29,2,3.391592571952669,211.7953876142493,6.725592886907457,Low
49,7,71,9.36022311296416,14,3,6.690685910480323,529.1110847873765,21.567061657681215,Low
50,2,63,3.257931630866051,26,8,5.391837458451697,208.30730764126798,21.61755123753551,Low
54,3,68,5.954110301056728,11,3,4.0201704368868265,216.93632166061207,22.902535221551332,Low
2,3,15,8.609798291243434,100,5,62.7447954666009,10818.146204511422,1.5529375455992107,Low
51,6,95,1.2839725815767042,85,6,1.5788501570679816,57.312260701567716,20.883128148062806,Low
59,3,46,1.576158826314228,82,1,25.66126746527071,1055.337832333566,32.684088682705834,Medium
2,5,96,5.014925510562424,97,5,3.4954340196612437,142.56580708384024,0.841945208235935,Low
28,3,89,5.651804603452695,51,1,9.088825343779913,463.8071720724876,12.726922657755026,Low
90,5,38,2.372696682417908,11,6,4.375689294299831,181.56064239330246,38.36287221892191,Medium
7,6,74,7.192071255641577,43,7,15.755859208199306,999.568860844128,3.461746086744371,Low
58,5,28,8.363033712354351,89,6,53.49947781274319,7911.524805626443,41.81781827883463,Medium
53,2,14,5.991589666405027,40,4,29.196441890835036,2900.681033713179,30.484468521285542,Medium
88,2,84,2.370669099669515,89,9,8.443902031495977,314.23688979567476,39.65838027262988,Medium
62,6,31,2.5838752331179626,50,6,25.253887843025684,1257.9945933073832,34.19444627760555,Medium
77,1,18,9.936034574188273,57,2,41.01805661243416,6608.723306124671,49.750342154944576,Medium
5,5,53,8.518485114521429,36,10,19.425068784432856,1967.870777942576,2.5827520635329857,Low
47,5,42,2.6190334788191367,50,2,23.99422494779662,1118.860278651406,25.566371435278647,Low
13,3,55,2.3465345990922843,64,9,20.93316702570216,841.3787340450523,6.832787028004769,Low
50,7,78,9.000469888720948,11,4,4.563721723726048,282.5173548316394,21.369116517117813,Low
10,3,50,7.88251766820728,20,1,13.367695993318092,1160.7076360009771,4.802061759599086,Low
72,6,94,5.664419371162155,18,2,1.5355924141432935,64.60673686478175,29.463375922909904,Low
22,4,19,4.992774892579132,74,1,47.093245446246144,4483.496025315031,15.016308398904492,Low
58,5,11,7.613389204313098,37,1,28.62087340255507,3706.012863851949,33.16006394408917,Medium
32,6,35,1.0786900013059064,31,9,7.72855601611527,288.6071759665671,14.283882755094133,Low
100,3,79,2.4027533261800493,25,7,2.8677302845205994,105.8429974374846,41.72063817071236,Medium
9,3,58,5.3646079581054,50,4,24.072834658262444,1701.7053288553423,4.899933071546172,Low
20,4,49,1.1705874785171129,43,10,8.72813904577268,320.46141229658264,9.047376685492722,Low
55,1,48,2.9152986538718637,69,7,24.77442110295585,1174.8140070398265,30.17555896397543,Medium
23,2,65,6.130807275875712,45,2,21.59090025107654,1386.1340498001352,12.179544234648564,Low
44,1,61,8.18476157181242,70,4,31.793512111508395,2837.2369207898228,25.993487197438217,Low
9,5,52,2.252176556958638,22,2,8.3425782558934,334.3062476394666,4.0504992258182435,Low
78,7,48,4.854884241297608,53,3,29.79280763619786,1847.4521173783976,45.1430339737406,Medium
12,7,5,8.217518362376188,78,6,52.96011224887622,8912.639774228459,8.613128081919088,Low
24,3,92,6.54692932778345,34,9,1.198357833813322,57.087408305499004,9.772563528069119,Low
98,3,88,5.422350972226707,72,4,11.728385035225722,574.758318689322,46.096290400712725,Medium
36,1,47,4.734502914842153,85,2,42.90140720133166,3000.630316972436,23.666703955487638,Low
34,7,63,7.92922594612453,73,2,35.54281808240184,3105.555189399883,20.850734888809974,Low
87,2,82,6.531559605731987,68,9,14.62832098051447,869.743683337407,42.435983551828556,Medium
33,4,93,7.11602758707353,69,1,8.234619749731245,469.99227748016585,14.830454710446787,Low
15,5,84,7.617786042698894,18,2,3.968237824316704,236.6800009673471,6.3571414041885035,Low
22,6,5,7.3534714178164196,86,10,56.43856382094912,8922.289219134342,16.249890424365283,Low
13,5,0,9.790826989704115,48,8,38.60968851831093,6848.790567194357,8.211555704428253,Low
0,3,70,6.314178238035254,45,1,18.673778905161004,1199.99693597183,0,Low
95,3,12,2.9382600751237042,47,9,27.453566316850477,1607.4016666395032,53.64853280060477,Medium
0,2,5,8.626366358471625,38,10,30.920400596797023,4155.830003848381,0,Low
13,2,8,3.671421242533542,45,4,28.851664668560506,2123.9689007561365,7.4504298441477195,Low
100,2,55,9.899917608712101,75,3,39.07349801529384,4761.12980794564,63.44409880917631,High
98,4,43,6.829615002136317,58,10,34.66509933347442,3193.741664812173,59.58307840808297,Medium
87,5,23,6.960746984294287,57,6,38.02026483565917,4406.753774616707,54.64657824421409,Medium
19,5,41,5.956042814895071,57,7,34.110028905017515,2792.959648019627,11.488543295171997,Low
25,3,73,5.521614152059673,23,8,6.086757616453037,311.6911657538164,10.913013642467956,Low
66,6,20,4.169126810272756,13,5,9.199139336327507,581.8719852133997,30.042859177185694,Medium
52,4,20,7.440127066280397,87,7,52.265202613703885,7660.144550136853,37.10674321547562,Medium
47,2,44,8.196510122675864,93,8,47.21544069660274,5980.331658691504,32.11475427644197,Medium
42,7,72,5.737688341306635,90,8,31.283027532258192,2093.924873659978,24.683322938129066,Low
97,5,47,5.403830520850881,30,4,18.405410549775176,1173.1480759896685,49.51194893996916,Medium
99,7,39,3.9449136239298324,68,4,36.18372128774641,2435.9747477961832,61.09313044492137,High
43,1,94,1.9309529653048823,81,7,0,0,17.2,Low
37,6,37,7.899911642266474,54,7,33.71445296899083,3705.136691937659,22.284608559115966,Low
90,4,45,3.4445026759570143,18,4,9.243768120934858,433.59510496775465,40.991634785304825,Medium
23,1,97,8.102846682437757,99,3,1.4212525982983595,60.25864847419972,9.396132858565174,Low
7,2,79,3.3835144349216044,40,6,5.765482482786169,218.05116168814723,3.0421502642770193,Low
62,2,1,2.8702575761746987,60,10,34.16323579711314,2209.1283753693397,37.508723716526085,Medium
22,1,34,7.832357149047511,17,6,9.555321106212363,773.7574450466245,10.061302386020031,Low
7,7,91,8.450526955259505,70,5,11.109447712096648,740.5221623843534,3.2665968039080595,Low
63,3,21,7.061248390659252,36,3,27.070960427021923,2900.3303200486403,35.43282304141429,Medium
90,7,64,6.798131944365965,36,5,17.45125235306125,1219.6832706255752,45.423676270653075,Medium
1,5,77,8.678897045856683,44,9,14.905941043770968,1095.6266437500967,0.4894356462626258,Low
21,2,50,6.605080712276598,30,1,18.19893400160184,1419.6740163175937,10.693065684201832,Low
30,2,34,4.0899592482790785,36,4,21.840586484815912,1319.1933459985921,15.931305567266865,Low
93,3,61,4.556316347555282,27,4,11.074626492351301,583.4986372555263,43.37964158273203,Medium
56,5,60,7.5319999037222125,69,8,35.23878699790269,3046.490559778527,34.24023243129531,Medium
80,3,94,7.9480967505288085,51,6,4.334479608057369,244.04953628735686,34.08055021186754,Medium
72,1,56,5.536429417636427,34,1,17.54589482400097,1126.2489712616027,36.37982656396842,Medium
62,3,21,4.522470754208915,97,3,55.47309280866172,5070.117882763515,45.43599052482216,Medium
48,5,99,2.0986725609874615,70,7,0,0,19.200000000000003,Low
88,1,55,4.325511384113183,48,7,17.394196159114408,858.225201998292,44.38413557201241,Medium
32,6,85,9.566735830110591,71,4,18.31579460502032,1605.004156608525,16.316632564163903,Low
17,5,81,3.08810666216688,83,7,15.624562084039168,646.7556498818221,8.393705332571995,Low
13,6,60,8.526656249851685,79,5,37.8865815392908,3958.023375281475,8.155153360064682,Low
57,5,71,6.754928837401186,61,9,23.074192670198745,1727.2157474433236,30.69137389320797,Medium
34,5,83,5.845051530441965,92,3,23.380807012578778,1348.0454659003863,18.36968463056607,Low
8,4,75,9.199467069047582,43,1,18.042752393723845,1478.7394243570848,4.066052114898745,Low
54,7,23,1.4625505960856646,25,9,9.7605384059164,378.7894373872565,24.762414443516914,Low
70,5,64,2.5811271315369364,71,1,23.598672929667263,1008.635643534536,37.91144263046025,Medium
32,6,21,7.154323373702294,82,9,50.32333222663367,6643.4791153544165,22.462079787513666,Low
12,2,15,9.236868608611902,79,9,49.58463739804311,8786.743316530738,8.370093892659105,Low
11,1,68,3.024182880142664,59,4,15.931817341499901,690.4283440661043,5.451499944538994,Low
49,7,52,2.826240238450708,75,9,31.09304180642798,1489.2516121279566,28.741354291089827,Low
17,4,0,7.1233597345801,27,10,21.928935929556328,2698.546779696337,9.036751464814746,Low
74,1,81,8.072282864693031,12,10,0,0,29.6,Low
85,6,8,3.071494036783406,71,4,42.68519855862696,3010.4908042718816,55.76945126489975,Medium
51,2,5,2.6120178105438976,81,5,45.301978895268306,2831.141870793081,34.262405541952106,Medium
3,6,75,8.698137040240855,27,4,10.136943738286055,735.1619124993298,1.3824649872891492,Low
85,2,41,5.278632884393433,93,7,46.26617352174379,4063.9199144620775,57.59574849608933,Medium
78,4,36,3.4773318703108957,99,5,46.983809070898985,3237.814895955644,53.18842264518072,Medium
99,3,13,5.76075267682152,71,7,47.222163273470464,5175.098346727859,67.64996498444145,High
100,3,1,5.484245229546762,37,9,27.84088835601492,2770.2107893834336,56.70453301360895,Medium
54,3,63,5.884190504697923,56,2,26.3656025516179,1735.2139212756197,30.142455226724202,Medium
64,2,29,6.626441583044257,55,6,37.58925424215095,3637.5116325625613,40.034273628985964,Medium
8,3,28,8.10084951420841,80,2,49.898069563783054,6819.287647384505,5.595107339061586,Low
63,4,36,8.680970641790454,36,7,25.601436346922377,3004.534405777533,34.87734293913666,Medium
24,5,72,9.406869945217139,31,7,12.546816491357655,1094.5994646292352,11.406741574755504,Low
99,7,78,5.852568239960481,50,3,16.878660532404098,929.7254132804877,49.625924356248035,Medium
65,6,74,2.542289666392408,29,7,5.8028443360303275,230.77218066035678,28.263109291051826,Low
63,3,53,5.2189832157632745,50,1,26.37599474327614,1806.4042958897112,35.170126012958384,Medium
32,4,73,2.327099218275454,97,4,22.135521646861328,909.229887726456,17.050020156197377,Low
20,2,60,5.863251815835014,95,6,39.88170530297464,3087.6331222400277,12.785804636356957,Low
95,2,58,4.482903180033658,44,2,20.93701653283255,1148.5487551047263,49.93409942371456,Medium
17,2,64,9.260827892529102,36,1,19.510402979612664,1801.4934367536503,8.790061103920493,Low
62,2,34,8.39739922900069,35,6,23.93641440857539,2507.7828791359825,33.704346159990045,Medium
51,4,39,9.668350868268709,50,5,33.422380068932206,4516.63739073855,30.627248301093257,Medium
9,1,28,9.225331893599941,33,10,20.921972414657066,2329.28391089427,4.729786510391482,Low
36,2,86,3.6396251402243247,93,5,13.040847495418202,526.5565577560909,17.21682305901033,Low
71,1,58,1.244668760117904,14,6,0.10023461180225199,3.638516408421747,28.442699944627762,Low
12,4,53,4.936385018702618,50,10,24.39013195989095,1513.805201757419,6.556089501112149,Low
8,5,4,1.0690150513073409,30,10,11.089548215031686,413.0076955939687,3.732298314321521,Low
86,4,79,6.314014353267158,46,4,13.261486947561046,806.4035376126387,41.2429272649415,Medium
27,5,61,8.050347979679263,70,7,35.19487834473767,3208.8572219837756,16.501570291847504,Low
11,2,26,6.607310086430709,48,7,31.897993105102344,3126.553890442633,6.505267544936755,Low
100,2,4,7.541085565070797,71,4,49.10592672429736,7820.1956933177335,69.46355603457842,High
0,6,13,3.2510939145722424,14,3,10.686807291782095,572.9120714444506,0,Low
100,2,22,2.9509828986771556,59,8,31.840229843165446,1755.0731214609632,59.104137905899265,Medium
54,5,64,5.998092695297579,79,7,32.24607716223216,2381.432090111106,32.04772900056322,Medium
23,5,54,4.871400459974954,50,10,24.531437482224547,1486.739112258516,12.585338372546989,Low
1,2,74,2.2847898722281585,92,2,18.067689231587313,702.8149289592989,0.508406135389524,Low
65,2,11,9.503061579069827,18,9,14.459858596699457,1800.681167581731,31.63934485271279,Medium
89,1,29,3.388435015534635,39,6,20.699837612036806,1055.5522029842896,46.65371328482766,Medium
100,7,91,3.9058537747479063,13,1,1.9804388593690962,77.58459350898961,41.188263315621455,Medium
72,2,74,4.420267887538408,69,6,21.80543158469832,1077.9970975714446,38.219946444589674,Medium
29,7,63,9.211343764174156,100,3,45.167273867651296,4887.285828765665,19.459105652971328,Low
40,4,34,4.364888685014341,13,2,7.938530486499108,479.50868633803,17.905247316759787,Low
78,5,41,5.4282254657172375,27,3,18.201909065004244,1294.8408626114906,39.71849344242199,Medium
6,4,89,5.62631260975131,10,5,0.7667081704935638,35.6029422332047,2.4276014941377686,Low
90,4,49,8.418998352431078,98,10,48.455001689006764,5816.216279720744,62.165700912063656,High
18,2,88,9.153344734111533,91,10,13.830911281741992,1018.3527405888216,8.693738418428135,Low
14,2,70,5.87975240054031,33,4,11.939805986578993,684.837216380619,6.602943702872636,Low
40,2,5,9.553806648479277,94,5,63.917139650683445,12721.01231298944,31.340113516164024,Medium
10,4,45,1.1789798943194552,12,10,1.573894456118783,57.132368757111806,4.094433667367127,Low
6,5,25,4.943929288407548,80,10,44.75432232893738,4213.225286701371,4.011155603841746,Low
74,3,15,4.165074291487066,82,4,50.45280399102343,4273.071160071111,52.0010449720144,Medium
67,4,37,2.05967589988669,30,2,13.714161477951047,588.6222919706249,32.31309291413632,Medium
15,6,54,4.5872228135185305,56,6,28.03985870066765,1706.2001269227756,8.523587283060088,Low
20,7,70,6.350157825399945,16,8,6.764595241972025,409.6218218875867,8.811751429036644,Low
90,2,67,4.5719728126454005,42,5,15.88619539106568,821.6355142562599,44.57854551117547,Medium
63,3,59,7.026971203117611,72,10,34.16370620952267,2814.1882070921542,38.11388094719957,Medium
72,3,0,3.4804606697700353,57,1,41.71373528903592,2963.634853528307,46.82033364486352,Medium
0,5,48,1.7268281265183356,42,3,13.133871154133084,539.8526083792344,0,Low
97,1,86,2.583413119357234,27,1,3.228441483803131,120.70715213295182,40.67895294357343,Medium
99,2,69,9.390055390466816,100,9,38.87490363469234,4057.3271184971804,62.691692759007246,High
48,4,11,3.9788235596808237,75,9,46.61011758213706,3782.093849214873,32.623713863655475,Medium
23,4,13,9.617392185648228,40,3,31.95154289833502,4842.175592115339,13.609312919970233,Low
48,2,58,3.794117828923035,58,7,21.256468453438217,1098.7879448008614,25.32186291459021,Low
22,1,48,8.643828435749334,75,9,38.844703183972904,4146.035846353847,13.927500820284424,Low
51,5,28,3.91844285400094,92,6,49.66574934673757,3797.197527347596,35.5977193001017,Medium
52,3,62,6.963927772733549,18,3,8.967883456595121,621.9400961931018,23.59797963845768,Low
81,6,56,4.119210286391114,100,1,41.551520361281945,2584.673513598155,52.594038895583026,Medium
7,7,2,8.161474759822829,21,10,17.61039290110091,2493.5992165038037,3.5396365018462386,Low
58,4,34,9.897662253214412,58,8,39.37218384888998,5451.1798251471355,36.90151997941371,Medium
39,2,62,2.681499947332786,43,6,11.723246070172722,498.8590574088976,18.343239580420416,Low
88,1,92,4.773177042929759,28,3,0.029192410194767242,1.059684490070051,35.21541359258284,Medium
44,2,64,6.00489017882141,16,7,4.173525643828839,200.707760178385,18.701810769970816,Low
95,4,36,2.724421295977688,70,4,32.21827807259928,1698.6595149154464,56.36441850138159,Medium
54,1,60,6.864854613833726,77,1,37.119433363620956,3262.5967966996927,33.62669640981319,Medium
1,5,28,7.027159915385991,47,2,34.54343244497995,3423.477942354688,0.6072605946698797,Low
45,5,38,3.1456239777507955,96,9,45.76202677196295,2671.1098741408982,30.355747228429998,Medium
85,3,35,2.393147609670208,71,10,30.916605219790448,1462.0077996852328,49.76746866209313,Medium
67,7,16,5.460001960233593,86,1,52.778992019007426,5873.880905505457,48.01715479164098,Medium
11,2,73,6.658236326331883,66,7,22.506175444244107,1461.692872797727,5.885407579320112,Low
60,7,43,7.606836446598829,56,6,35.568884334161424,3641.030761637994,36.804798360298115,Medium
1,1,57,3.715085774763072,44,7,13.360304409918479,584.2764862729184,0.4801618264595109,Low
30,2,95,9.797487994083806,84,8,4.251938541501493,257.36107171401017,12.765348937470268,Low
17,7,17,1.3031342980596636,23,9,8.748619316258974,331.26955064202684,7.692359170258416,Low
23,2,75,4.589297679161732,91,1,29.851897013997345,1639.758678831326,13.319561787931633,Low
47,4,35,4.543926396768841,28,3,16.35071988333876,1213.8003028956318,23.41090300710153,Low
60,3,7,8.344602246772778,52,4,38.82337374163156,5919.721032187265,37.976414546987364,Medium
7,7,58,8.02236639916927,17,2,9.756040375527453,852.8449167537494,3.2097536957721533,Low
0,5,96,3.603136978785224,41,6,0.6171003093632048,22.499994877821557,0,Low
0,2,42,7.3389362334486545,35,3,23.583761873967745,2149.7817118775392,0,Low
39,5,37,2.314403145201627,57,1,25.67461249082629,1231.7574907236046,21.607859322853354,Low
36,4,8,8.508263743619166,90,6,58.45811205904394,10516.20448785274,27.026952204753492,Low
72,5,11,9.938230274237648,62,3,48.73518391219381,8033.218169581234,49.85359945006772,Medium
2,3,16,6.885704181593126,94,8,56.114534275148635,8005.863413119617,1.4733744113017837,Low
13,7,5,9.735156744175427,74,9,49.77856045531002,10060.474364283558,9.082727715514181,Low
31,7,88,1.6717751917391181,60,5,3.6635250583418215,133.28799229750283,13.08141566085158,Low
25,1,10,9.37372532552055,81,7,55.046406696409,9184.513254991041,18.256961004461353,Low
54,3,85,8.324927590748612,82,5,19.913940533477685,1345.6682021891509,28.05211673284677,Low
31,4,7,9.720855820365756,40,10,30.715980340763068,5131.0211720027055,18.11317234338193,Low
3,4,31,1.1923857583622532,29,10,8.028513498703813,299.1784956323716,1.3445132429766689,Low
83,1,50,3.736983781620392,29,6,8.585114449919189,425.16872764673684,37.47538699605976,Medium
81,4,73,4.95780507689567,41,8,13.957933139063192,729.5031003029393,39.18355550558471,Medium
34,6,58,4.40708518158706,45,2,21.910446893607094,1229.06655390182,18.06973116629585,Low
81,1,38,5.913244985661414,71,4,37.6601104657058,3317.9565166693324,50.702813686333016,Medium
86,4,18,3.704254673457058,55,3,33.820734792467704,2466.9353899222115,51.851499152913334,Medium
28,5,13,9.042696031021489,68,3,48.22259758941874,7827.663347380837,19.30139639502235,Low
21,2,85,9.966555824056579,20,3,4.002434828116294,255.98374534401222,8.904306788342653,Low
75,1,97,4.289578726619547,90,1,1.7403593797325165,68.6034204491188,30.783161720879633,Medium
71,4,36,5.207645621873816,100,5,54.05796369063666,4992.889416008344,51.428692532211215,Medium
44,1,17,6.834007939751088,68,9,42.954392211599036,5037.27818136046,28.939959543862145,Low
9,1,91,5.354777036972089,48,6,0.19975852196391683,7.830965276478421,3.6107869601860516,Low
76,7,37,9.403451568053848,45,4,32.83680840532083,3897.220546784414,45.3735846328263,Medium
63,2,50,4.039658419065015,29,5,12.948582706764025,736.7669070937225,30.094564263156805,Medium
50,5,1,1.9329961746455808,74,1,41.96547553792643,2109.4001385249744,32.58964266137793,Medium
94,3,52,6.127738092489391,100,10,45.85447700921558,3962.042482394698,63.46192503319759,High
54,2,76,7.165414808870826,25,4,7.469958670803111,522.87485880347,24.020266609340208,Low
53,6,79,1.1542846654572272,91,4,8.558988651765334,310.7997663222085,23.921758391261378,Low
46,5,65,4.596440573558054,18,8,6.5140531857628075,311.2262044553935,20.197878679270538,Low
15,1,80,8.336696284411726,73,4,21.51978235409039,1404.747481038001,7.936780411868135,Low
69,2,22,6.090869072748453,65,2,44.49513925767113,4452.893391679423,46.02098765267585,Medium
25,3,49,7.86018311584811,24,1,16.707322594292993,1447.9299610982662,12.506098389143949,Low
78,3,60,5.392424746642996,17,7,6.234304541051274,361.38534848674635,34.117654525212,Medium
79,3,66,5.911539620889045,16,9,4.9428194415567726,265.47206370758107,33.94289641529791,Medium
76,4,87,2.798969147987974,27,7,1.579065697846679,58.55962500599574,31.120053958218087,Medium
89,1,18,5.742675314042731,95,3,56.30954578349986,6322.264250405712,65.66929744838893,High
10,6,29,6.804807326768866,97,4,51.73066840025686,6963.083902139937,7.103840104015411,Low
78,4,56,9.507404813940964,53,4,30.760268354895583,3291.422490226398,45.59580559009113,Medium
69,7,82,3.843643329597214,58,4,13.99573820510408,600.9655712364093,33.39423561691309,Medium
71,7,24,6.845234300753484,60,9,41.68824196850001,4571.664254625736,46.159191078581,Medium
41,3,38,7.674340832476374,84,7,48.0233202399516,5865.832270232627,28.213736779028096,Low
71,2,41,5.501495164956346,26,9,13.664263943394772,893.8806173164551,34.22097643988617,Medium
13,5,5,2.347332632479386,44,9,25.64194379086037,1305.168224164072,7.20007161568711,Low
73,1,93,2.8136418659500704,77,4,1.7367524347813377,63.04411338256257,29.960697566434227,Low
96,1,80,8.08027418826445,51,9,6.798707062297562,435.9981535944628,42.3160552678834,Medium
53,6,16,4.5931174631487295,60,2,41.3765135635582,3469.3652704935425,34.35773131321151,Medium
90,3,46,4.6210234716809495,41,10,21.612922695429045,1303.8834723061154,47.670978255531686,Medium
24,3,84,3.0989413969296926,73,4,13.002257933497482,521.6720744611199,11.472325142423639,Low
44,5,70,6.435794040640641,68,6,28.03805161590147,1973.3776858405672,25.00204562659799,Low
63,4,10,3.2210143068598276,86,3,49.73546462927578,3695.493642529389,44.00000562986625,Medium
6,6,46,7.389427381906199,10,8,6.413070216125596,483.75473437483197,2.6308705277805218,Low
19,1,98,8.090099321253081,67,7,0,0,7.6000000000000005,Low
33,1,28,3.4899053283558272,71,4,36.98572651874001,2454.078157316122,20.52317385071052,Low
97,1,59,9.352681461020111,79,10,33.69358616322251,3707.3372719371746,58.4096671469955,Medium
40,3,26,1.940356386118958,91,6,38.356689879656386,1833.4881341213375,25.20560557111753,Low
59,2,86,9.64571922112329,78,2,20.39350069476715,1529.0345585974721,30.819299245947573,Medium
82,1,44,2.6617490578659653,81,1,34.31471496849572,1688.1371774694828,49.682839764499896,Medium
63,5,44,5.651359394160022,74,4,39.404661864038324,3410.491686610371,40.09496218460649,Medium
93,6,23,7.783307075357731,21,3,17.5393924255155,1844.9020056585284,46.98698097343765,Medium
30,4,23,9.890917455756512,86,8,51.68866493765224,9653.665609856967,21.303959688777404,Low
56,2,93,7.079096153658948,41,3,3.801726038978248,203.13007335643414,23.677379949096693,Low
25,6,6,5.259093730630474,52,2,38.33712343355868,3689.8129917472147,15.750568515033802,Low
35,3,94,2.8086730537558835,29,6,0.13123140313108764,4.763699933658481,14.027558594657528,Low
48,3,78,4.716208887087021,83,1,23.473639703899998,1202.6661869100108,25.9604082347232,Low
41,7,35,6.622313305730331,59,7,38.3096216799276,3738.4591023308267,25.82416693326219,Low
99,2,18,7.980020095791888,92,2,55.44688912220219,9030.343726376808,72.5354521385881,High
75,2,46,6.202990263177989,67,4,33.41023991871645,3103.4518376636415,45.0346079634224,Medium
59,5,97,3.2761294606881224,70,3,2.2162206762069836,81.24070920595423,24.384542119377272,Low
51,3,15,5.917880716681273,32,4,22.612998870575392,2277.9185115268833,27.31957765439607,Low
43,3,3,8.40936412863878,33,8,27.767990397865844,3627.0103711434886,24.364141522649387,Low
6,1,26,6.116195708890949,79,1,50.4725937753777,5311.180820817998,4.217013375913598,Low
56,2,33,3.3861486557685665,25,2,15.100871276924833,764.3303187650921,27.473892749046747,Low
58,2,60,5.3587764714178805,85,8,36.48780357888378,2385.538221821914,35.897755645451554,Medium
40,6,17,8.000652252526,31,2,24.785404194560964,2996.944955726334,21.94849700669463,Low
72,2,43,7.584551617739768,13,10,5.325916687730982,361.7039201332024,31.100796009099785,Medium
5,1,96,4.2039276762014275,41,4,0,0,2,Low
73,7,39,7.52405469774129,76,2,45.20645314345011,5149.912359233245,49.00042647683115,Medium
69,2,94,5.091181679936164,61,7,1.4719430464421153,64.40615743245887,28.209384421227035,Low
78,6,94,8.318715312630893,93,7,7.829306469177055,407.3977051632588,34.864115427574866,Medium
59,4,59,4.975343236105175,30,9,13.317462988822282,749.2260446708977,28.314381898043088,Low
97,2,32,3.7657843722678543,62,8,32.68871912096688,2055.488757049586,57.82483452840273,Medium
80,3,89,2.3303038937963523,25,6,0.46357359699561607,16.827721570940863,32.2225153265579,Medium
59,3,53,5.496066121898462,98,6,44.848921364201935,3459.552104898991,39.47651816292748,Medium
53,7,41,3.180494986709088,15,10,7.401175490126439,323.34037439752524,23.55357380586021,Low
90,5,13,8.199781904733586,78,5,52.564406409902425,8151.701011955769,64.3847794613473,High
71,2,19,4.776617278556271,49,1,34.34972483339625,2753.4920329533365,43.03298277902681,Medium
3,6,4,2.98805551920678,52,2,35.26847312291941,2251.016631997729,1.8348325162125496,Low
24,4,5,2.571886813258166,21,7,13.605105176196426,666.3229996769007,11.559135145372286,Low
53,6,50,1.763721329710457,92,6,28.669727626500443,1194.7082930820807,30.316973385227143,Medium
45,5,35,2.536872974768695,49,8,23.747650475508916,1121.698738256512,24.411865628387407,Low
17,2,62,6.364512155798149,45,6,20.893470991263094,1296.5014909102981,8.931134041108836,Low
34,4,48,6.907180273504631,77,7,41.90813783914909,3901.127837985702,22.149260119186415,Low
95,5,10,3.2377259240486,20,9,13.370818172762348,736.59294009578,45.62136635847454,Medium
76,1,61,1.279481559652956,93,8,12.509155966999524,463.79234900300867,36.10417512095179,Medium
31,6,24,4.721211702301188,65,6,40.067370777713236,3311.1231725483435,19.85253096465466,Low
91,4,14,1.3014633088397247,47,3,19.212299180299,760.525060563883,46.88991535244325,Medium
60,1,62,4.055451311046667,57,1,23.443689288645626,1240.972243790237,32.439728143912426,Medium
14,3,7,7.854389879655525,29,3,22.68693477940432,3089.6876167507335,7.5057025214699635,Low
65,7,46,1.245423673101607,97,8,24.53954467065838,945.6301754011874,35.57042242155677,Medium
79,2,54,4.763690973306687,76,6,34.5463788281995,2165.4632993096584,47.974983564566564,Medium
75,4,27,2.4160129718556798,57,9,28.391269725035432,1399.0883477212956,42.776071376265946,Medium
89,2,19,4.690270555366837,46,1,33.54249835356121,2634.01311011935,53.511694120801685,Medium
12,6,49,6.4401360719710805,48,8,27.39626222892309,2109.630193545674,6.772530880482463,Low
26,5,42,6.266284584160942,38,2,23.878671880840106,1983.8780601033907,14.125072813411057,Low
85,4,44,5.529140380957702,40,3,25.8155719120383,1842.4212753012876,47.165941675139536,Medium
74,2,79,8.968480503772748,83,10,24.2823535036335,2009.1508634948873,40.38136495561328,Medium
32,6,93,3.942376941645289,76,7,4.669644127909036,173.32299120924208,13.696571672558536,Low
25,6,97,6.526816799857302,48,6,0.8104476304679605,39.19115682412582,10.121567144570195,Low
90,1,43,6.797382998845667,49,3,28.174788995458233,2563.716321903104,51.21438605754744,Medium
74,1,72,5.880626621965494,24,3,6.459962183925441,337.68640678061314,32.468223209662895,Medium
54,4,39,6.562736697482007,61,9,37.01139290563298,3396.3621812850492,33.59169130142509,Medium
57,1,61,6.943543935358817,90,10,34.56153180144096,2894.6643852007555,34.62004387609281,Medium
88,1,44,9.599617870287885,39,10,19.982495854127976,2165.7174680773433,45.75075781097957,Medium
55,1,76,6.8128984353699495,83,2,25.845720880291044,1815.463816437781,30.529087890496044,Medium
97,5,45,4.653880442588324,80,5,41.12931923234288,2944.2737744238602,62.73726379322356,High
48,2,86,9.267080075660878,16,9,0,0,19.200000000000003,Low
42,1,38,7.291429891906815,20,2,11.904167877231055,1220.842457658632,19.799850305062225,Low
81,3,42,6.639642731425291,47,6,27.454517106273777,2447.252345593119,45.74289531364906,Medium
47,7,42,1.7266007623482293,83,1,29.389463376467184,1251.8222922900418,27.087828672163745,Low
73,6,87,8.405967571885562,44,4,10.625261557102906,696.8230522767924,33.853864562011076,Medium
87,2,33,8.814951754516006,82,6,51.369882263697946,7035.924376404838,61.615078541650334,High
49,5,33,3.4574404131034107,23,1,14.450229275931479,796.2755348772928,23.848367407123856,Low
33,2,2,6.0639001496984966,18,7,15.082920951321773,1287.5938680099891,16.186418348361713,Low
9,1,48,2.826501145433751,41,3,15.76227845245558,756.1504227003003,4.451163036432601,Low
13,3,64,5.1675147078256485,16,1,7.73492433558175,421.22702260347637,5.803324098175377,Low
0,2,58,6.620353169654894,34,2,18.251129949035423,1332.1727508172858,0,Low
21,7,40,5.088508046540278,14,7,8.463553609177133,503.30811588073726,9.466407754756318,Low
28,5,54,9.301981447128982,89,2,47.90418839351252,5530.025542861477,19.247903650110104,Low
34,4,93,1.8052224879174226,74,10,1.9680433707651743,71.43997435877583,14.001480847636097,Low
66,1,68,8.778311744714241,94,3,38.18097302576197,3579.580154206374,41.519665318201746,Medium
77,3,55,1.524981880040755,16,5,3.093734108816316,113.2031845528862,32.229305158273135,Medium
95,6,1,7.2199800501791875,99,10,65.65423457854774,10506.328933370723,75.42291370977222,High
78,2,44,6.7391966857037895,83,8,44.03763667454742,4331.817822251128,51.80961396368819,Medium
99,7,84,4.628049007927292,33,3,6.542524417943702,300.27243302750605,43.48625950425856,Medium
78,3,50,9.999676298194949,52,9,29.82672789785843,3546.459830344875,45.158908656197745,Medium
4,2,38,4.552596747438205,80,6,44.89970100349215,3187.472889909104,2.6775928240838116,Low
50,4,88,7.0987803840103645,70,4,14.409441180867221,880.5802749752037,24.322832354260164,Low
63,5,74,9.50491129852085,27,9,11.116798720509445,882.4199112154885,29.402149916352574,Low
25,4,23,3.068229548446795,27,3,17.313962439745243,903.807920734302,12.597094365961787,Low
63,1,72,9.187169441313134,26,2,10.962194445149748,821.9277542988675,29.343709500266606,Low
26,7,40,7.1359522235068855,41,4,27.88888963050119,2456.13219411819,14.750666782358186,Low
71,5,94,2.202631362932654,53,5,1.6339787903888137,59.31343009111394,29.096074964705636,Low
32,4,87,7.11653012293316,65,1,14.017618311607258,862.9096639414823,15.491382715828594,Low
46,6,18,7.628012405512128,50,9,35.89613691578106,4458.833537487709,28.30733378875557,Low
37,1,84,4.189883930336029,35,1,6.856801689835907,297.56712581812656,16.322209975143572,Low
64,5,2,2.7474831067009426,80,1,47.25372558832011,3244.3382923660743,43.74543062591492,Medium
51,3,98,4.236319570802994,30,9,0,0,20.400000000000002,Low
71,6,55,2.7052319899006165,55,6,21.237354997924193,952.2803386398637,37.44711322911571,Medium
37,5,93,4.285294586836375,92,7,7.718605239463145,319.7398947584193,16.513530363160818,Low
93,4,31,8.550382543713742,70,6,45.94034464547459,6261.651096360154,62.83471231217482,High
0,5,3,7.087151147455402,73,3,48.65836710736744,7585.240189593483,0,Low
4,2,11,1.4012978376759053,13,2,5.62240449674008,212.81710608039486,1.734937707921762,Low
49,4,53,7.55324793050504,48,2,27.80514071908704,2553.5356492147084,27.77471137141159,Low
82,6,88,5.939910017599582,86,7,16.541868907010574,856.8635716122287,40.938599502249204,Medium
31,1,95,2.222468854607902,48,9,0,0,12.4,Low
28,3,53,7.92554656799682,37,4,21.973704972187956,1971.7365468244054,14.891582435327578,Low
